BuildingID,Use,BuildingName,Occupancy,LandscapeArea,ConditionedArea,RooftopArea,EnergyBase,JobsBase,OpCostEnergyBase,OpCostWaterBase,ExpenditureFoodBase,OpCostBase,FoodPercentageBase,WaterBase,CO2EnergyBase,CO2WaterBase,CO2FoodBase,CO2EmissionsBase,EnergyHighPerformance,JobsHighPerformance,OpCostEnergyHP,OpCostWaterHP,OpCostFoodHP,OpCostHP,InvestmentCostHP,WaterHighPerformance,CO2EnergyHP,CO2WaterHP,CO2FoodHP,CO2EmissionsHighPerformance,EnergyWaterEfficient,JobsWaterEfficient,OpCostEnergyWaterEfficient,OpCostWaterWaterEfficient,OpCostFoodWaterEfficient,OpCostWaterEfficient,InvestmentCostWaterEfficient,WaterWaterEfficient,CO2EnergyWaterEfficient,CO2WaterWaterEfficient,CO2FoodWaterEfficient,CO2EmissionsWaterEfficient,EnergyGreenery,JobsGreenergy,OpCostEnergyGreenery,OpCostWaterGreenery,OpCostFoodGreenery,OpCostGreenery,InvestmentCostGreenery,WaterGreenery,CO2EnergyGreenery,CO2WaterGreenery,CO2FoodGreenery,CO2EmissionsGreenery,EnergyPVPanels,JobsPVPanels,OpCostEnergyPVPanels,OpCostWaterPVPanels,OpCostFoodPVPanels,OpCostPVPanels,InvestmentCostOVPanels,CO2EnergyPV,CO2WaterPV,CO2FoodPV,CO2EmissionsPVPanels,EnergyGreenhouse,JobsGreenhouse,OpCostEnergyGreenhouse,OpCostWaterGreenhouse,OpCostFoodGreenhouse,OpCostGreenhouse,InvestmentCostGreenhouse,FoodPercentageGreenhouse100,WaterGreenhouse100,CO2EnergyGreenhouse,CO2WaterGreenhouse,CO2FoodGreenhouse,CO2EmissionsGreenhouse
a84e7ed6-c438-4e2e-be1c-01e7dc61bd17,Commercial,C382_1_1,2,400,200,200,400,0,21.2,513.94452,11.76252,546.90704,0,280844,302.8,212598.908,55.80564,212957.5136,-2000,2,-195,-5,0,-200,50,-20,-49,-1,0,-50,0,1,-2,-28,0,-30,25,-50,-1,-9,0,-10,0,1,2,8,0,10,10,30,1,1,0,2,-75,2,-40,0,0,-40,200,-50,0,0,-50,25,1,30,10,-50,-10,200,5,30,20,5,-50,-25
970ccf07-de85-4ce7-aae1-5d2621dc01cd,Commercial,C345_1_1,2,400,200,200,400,0,21.2,513.94452,11.76252,546.90704,0,280844,302.8,212598.908,55.80564,212957.5136,-2000,2,-195,-5,0,-200,50,-20,-49,-1,0,-50,0,1,-2,-28,0,-30,25,-50,-1,-9,0,-10,0,1,2,8,0,10,10,30,1,1,0,2,-75,2,-40,0,0,-40,200,-50,0,0,-50,25,1,30,10,-50,-10,200,5,30,20,5,-50,-25
2e4842e2-011c-4efc-a430-f51188563c74,Commercial,C254_1_1,2,400,200,200,400,0,21.2,513.94452,11.76252,546.90704,0,280844,302.8,212598.908,55.80564,212957.5136,-2000,2,-195,-5,0,-200,50,-20,-49,-1,0,-50,0,1,-2,-28,0,-30,25,-50,-1,-9,0,-10,0,1,2,8,0,10,10,30,1,1,0,2,-75,2,-40,0,0,-40,200,-50,0,0,-50,25,1,30,10,-50,-10,200,5,30,20,5,-50,-25
955d8b4c-b138-4c1e-a9aa-6fceefb8115d,Commercial,C261_1_1,2,400,200,200,400,0,21.2,513.94452,11.76252,546.90704,0,280844,302.8,212598.908,55.80564,212957.5136,-2000,2,-195,-5,0,-200,50,-20,-49,-1,0,-50,0,1,-2,-28,0,-30,25,-50,-1,-9,0,-10,0,1,2,8,0,10,10,30,1,1,0,2,-75,2,-40,0,0,-40,200,-50,0,0,-50,25,1,30,10,-50,-10,200,5,30,20,5,-50,-25
f1e978fb-0a60-43a6-8e81-cc05292a4ed3,Commercial,C163_1_1,2,400,200,200,400,0,21.2,513.94452,11.76252,546.90704,0,280844,302.8,212598.908,55.80564,212957.5136,-2000,2,-195,-5,0,-200,50,-20,-49,-1,0,-50,0,1,-2,-28,0,-30,25,-50,-1,-9,0,-10,0,1,2,8,0,10,10,30,1,1,0,2,-75,2,-40,0,0,-40,200,-50,0,0,-50,25,1,30,10,-50,-10,200,5,30,20,5,-50,-25
2070894f-1592-4cec-964d-d6f5d68f3358,Commercial,C177_1_1,2,400,200,200,400,0,21.2,513.94452,11.76252,546.90704,0,280844,302.8,212598.908,55.80564,212957.5136,-2000,2,-195,-5,0,-200,50,-20,-49,-1,0,-50,0,1,-2,-28,0,-30,25,-50,-1,-9,0,-10,0,1,2,8,0,10,10,30,1,1,0,2,-75,2,-40,0,0,-40,200,-50,0,0,-50,25,1,30,10,-50,-10,200,5,30,20,5,-50,-25
f368cc21-bf5e-4286-bb15-e753c5872c7d,Commercial,C164_1_1,2,400,200,200,400,0,21.2,513.94452,11.76252,546.90704,0,280844,302.8,212598.908,55.80564,212957.5136,-2000,2,-195,-5,0,-200,50,-20,-49,-1,0,-50,0,1,-2,-28,0,-30,25,-50,-1,-9,0,-10,0,1,2,8,0,10,10,30,1,1,0,2,-75,2,-40,0,0,-40,200,-50,0,0,-50,25,1,30,10,-50,-10,200,5,30,20,5,-50,-25
72ada440-2207-4bd2-8bdc-afaecbf7ebb4,Commercial,C186_1_1,2,400,200,200,400,0,21.2,513.94452,11.76252,546.90704,0,280844,302.8,212598.908,55.80564,212957.5136,-2000,2,-195,-5,0,-200,50,-20,-49,-1,0,-50,0,1,-2,-28,0,-30,25,-50,-1,-9,0,-10,0,1,2,8,0,10,10,30,1,1,0,2,-75,2,-40,0,0,-40,200,-50,0,0,-50,25,1,30,10,-50,-10,200,5,30,20,5,-50,-25
1b9a9a51-7a5f-454a-82cd-ee6fe3390852,Commercial,C144_1_1,2,400,200,200,400,0,21.2,513.94452,11.76252,546.90704,0,280844,302.8,212598.908,55.80564,212957.5136,-2000,2,-195,-5,0,-200,50,-20,-49,-1,0,-50,0,1,-2,-28,0,-30,25,-50,-1,-9,0,-10,0,1,2,8,0,10,10,30,1,1,0,2,-75,2,-40,0,0,-40,200,-50,0,0,-50,25,1,30,10,-50,-10,200,5,30,20,5,-50,-25
91eb8525-0d64-45c9-afe4-3be97563f2e7,Commercial,C24_1_1,2,400,200,200,400,0,21.2,513.94452,11.76252,546.90704,0,280844,302.8,212598.908,55.80564,212957.5136,-2000,2,-195,-5,0,-200,50,-20,-49,-1,0,-50,0,1,-2,-28,0,-30,25,-50,-1,-9,0,-10,0,1,2,8,0,10,10,30,1,1,0,2,-75,2,-40,0,0,-40,200,-50,0,0,-50,25,1,30,10,-50,-10,200,5,30,20,5,-50,-25
e1a3c4c9-a84c-4ccc-8b5d-ad84133c6e08,Commercial,C99_1_1,2,400,200,200,400,0,21.2,513.94452,11.76252,546.90704,0,280844,302.8,212598.908,55.80564,212957.5136,-2000,2,-195,-5,0,-200,50,-20,-49,-1,0,-50,0,1,-2,-28,0,-30,25,-50,-1,-9,0,-10,0,1,2,8,0,10,10,30,1,1,0,2,-75,2,-40,0,0,-40,200,-50,0,0,-50,25,1,30,10,-50,-10,200,5,30,20,5,-50,-25
5eb61d1d-0862-4ce7-8fc8-a0f0cfb7bc88,Commercial,C217_1_1,2,400,200,200,400,0,21.2,513.94452,11.76252,546.90704,0,280844,302.8,212598.908,55.80564,212957.5136,-2000,2,-195,-5,0,-200,50,-20,-49,-1,0,-50,0,1,-2,-28,0,-30,25,-50,-1,-9,0,-10,0,1,2,8,0,10,10,30,1,1,0,2,-75,2,-40,0,0,-40,200,-50,0,0,-50,25,1,30,10,-50,-10,200,5,30,20,5,-50,-25
79088014-a570-451f-b6da-a6604196a357,Commercial,C169_1_1,2,400,200,200,400,0,21.2,513.94452,11.76252,546.90704,0,280844,302.8,212598.908,55.80564,212957.5136,-2000,2,-195,-5,0,-200,50,-20,-49,-1,0,-50,0,1,-2,-28,0,-30,25,-50,-1,-9,0,-10,0,1,2,8,0,10,10,30,1,1,0,2,-75,2,-40,0,0,-40,200,-50,0,0,-50,25,1,30,10,-50,-10,200,5,30,20,5,-50,-25
a0673b38-6dd1-4b10-b57d-92e8a683d323,Commercial,C323_1_1,2,400,200,200,400,0,21.2,513.94452,11.76252,546.90704,0,280844,302.8,212598.908,55.80564,212957.5136,-2000,2,-195,-5,0,-200,50,-20,-49,-1,0,-50,0,1,-2,-28,0,-30,25,-50,-1,-9,0,-10,0,1,2,8,0,10,10,30,1,1,0,2,-75,2,-40,0,0,-40,200,-50,0,0,-50,25,1,30,10,-50,-10,200,5,30,20,5,-50,-25
fe5d13fe-b1b9-4f13-9940-7d7196526532,Commercial,C237_1_1,2,400,200,200,400,0,21.2,513.94452,11.76252,546.90704,0,280844,302.8,212598.908,55.80564,212957.5136,-2000,2,-195,-5,0,-200,50,-20,-49,-1,0,-50,0,1,-2,-28,0,-30,25,-50,-1,-9,0,-10,0,1,2,8,0,10,10,30,1,1,0,2,-75,2,-40,0,0,-40,200,-50,0,0,-50,25,1,30,10,-50,-10,200,5,30,20,5,-50,-25
f0d22f68-13fc-47eb-946f-bd319940bbd7,Commercial,C35_1_1,2,400,200,200,400,0,21.2,513.94452,11.76252,546.90704,0,280844,302.8,212598.908,55.80564,212957.5136,-2000,2,-195,-5,0,-200,50,-20,-49,-1,0,-50,0,1,-2,-28,0,-30,25,-50,-1,-9,0,-10,0,1,2,8,0,10,10,30,1,1,0,2,-75,2,-40,0,0,-40,200,-50,0,0,-50,25,1,30,10,-50,-10,200,5,30,20,5,-50,-25
8800d372-64d7-4ec5-9685-8d7292623bb7,Commercial,C29_1_1,2,400,200,200,400,0,21.2,513.94452,11.76252,546.90704,0,280844,302.8,212598.908,55.80564,212957.5136,-2000,2,-195,-5,0,-200,50,-20,-49,-1,0,-50,0,1,-2,-28,0,-30,25,-50,-1,-9,0,-10,0,1,2,8,0,10,10,30,1,1,0,2,-75,2,-40,0,0,-40,200,-50,0,0,-50,25,1,30,10,-50,-10,200,5,30,20,5,-50,-25
7d8a09c6-636d-4f12-8792-5823920bf6be,Commercial,C149_1_1,2,400,200,200,400,0,21.2,513.94452,11.76252,546.90704,0,280844,302.8,212598.908,55.80564,212957.5136,-2000,2,-195,-5,0,-200,50,-20,-49,-1,0,-50,0,1,-2,-28,0,-30,25,-50,-1,-9,0,-10,0,1,2,8,0,10,10,30,1,1,0,2,-75,2,-40,0,0,-40,200,-50,0,0,-50,25,1,30,10,-50,-10,200,5,30,20,5,-50,-25
acacaf08-7f22-4695-b49d-43113143fb23,Commercial,C301_1_1,2,400,200,200,400,0,21.2,513.94452,11.76252,546.90704,0,280844,302.8,212598.908,55.80564,212957.5136,-2000,2,-195,-5,0,-200,50,-20,-49,-1,0,-50,0,1,-2,-28,0,-30,25,-50,-1,-9,0,-10,0,1,2,8,0,10,10,30,1,1,0,2,-75,2,-40,0,0,-40,200,-50,0,0,-50,25,1,30,10,-50,-10,200,5,30,20,5,-50,-25
31e38871-c1c4-4a12-82b2-2faad27dd556,Commercial,C141_1_1,2,400,200,200,400,0,21.2,513.94452,11.76252,546.90704,0,280844,302.8,212598.908,55.80564,212957.5136,-2000,2,-195,-5,0,-200,50,-20,-49,-1,0,-50,0,1,-2,-28,0,-30,25,-50,-1,-9,0,-10,0,1,2,8,0,10,10,30,1,1,0,2,-75,2,-40,0,0,-40,200,-50,0,0,-50,25,1,30,10,-50,-10,200,5,30,20,5,-50,-25
7387dc49-5a76-43e0-89d8-4d1ed1a16f2d,Commercial,C193_1_1,2,400,200,200,400,0,21.2,513.94452,11.76252,546.90704,0,280844,302.8,212598.908,55.80564,212957.5136,-2000,2,-195,-5,0,-200,50,-20,-49,-1,0,-50,0,1,-2,-28,0,-30,25,-50,-1,-9,0,-10,0,1,2,8,0,10,10,30,1,1,0,2,-75,2,-40,0,0,-40,200,-50,0,0,-50,25,1,30,10,-50,-10,200,5,30,20,5,-50,-25
4fb42748-9c92-42dc-a91a-fc0ebe1d60a0,Commercial,C305_1_1,2,400,200,200,400,0,21.2,513.94452,11.76252,546.90704,0,280844,302.8,212598.908,55.80564,212957.5136,-2000,2,-195,-5,0,-200,50,-20,-49,-1,0,-50,0,1,-2,-28,0,-30,25,-50,-1,-9,0,-10,0,1,2,8,0,10,10,30,1,1,0,2,-75,2,-40,0,0,-40,200,-50,0,0,-50,25,1,30,10,-50,-10,200,5,30,20,5,-50,-25
dd862480-689a-48aa-81bf-f4cfc2923e89,Commercial,C234_1_1,2,400,200,200,400,0,21.2,513.94452,11.76252,546.90704,0,280844,302.8,212598.908,55.80564,212957.5136,-2000,2,-195,-5,0,-200,50,-20,-49,-1,0,-50,0,1,-2,-28,0,-30,25,-50,-1,-9,0,-10,0,1,2,8,0,10,10,30,1,1,0,2,-75,2,-40,0,0,-40,200,-50,0,0,-50,25,1,30,10,-50,-10,200,5,30,20,5,-50,-25
dde17e09-3847-43bb-83ac-2773ae2c5d44,Commercial,C134_1_1,2,400,200,200,400,0,21.2,513.94452,11.76252,546.90704,0,280844,302.8,212598.908,55.80564,212957.5136,-2000,2,-195,-5,0,-200,50,-20,-49,-1,0,-50,0,1,-2,-28,0,-30,25,-50,-1,-9,0,-10,0,1,2,8,0,10,10,30,1,1,0,2,-75,2,-40,0,0,-40,200,-50,0,0,-50,25,1,30,10,-50,-10,200,5,30,20,5,-50,-25
411fad03-45cd-4a68-9d5a-7d57667d2148,Commercial,C21_1_1,2,400,200,200,400,0,21.2,513.94452,11.76252,546.90704,0,280844,302.8,212598.908,55.80564,212957.5136,-2000,2,-195,-5,0,-200,50,-20,-49,-1,0,-50,0,1,-2,-28,0,-30,25,-50,-1,-9,0,-10,0,1,2,8,0,10,10,30,1,1,0,2,-75,2,-40,0,0,-40,200,-50,0,0,-50,25,1,30,10,-50,-10,200,5,30,20,5,-50,-25
da529f6e-7d95-4664-8b35-fa742de0e6a4,Commercial,C136_1_1,2,400,200,200,400,0,21.2,513.94452,11.76252,546.90704,0,280844,302.8,212598.908,55.80564,212957.5136,-2000,2,-195,-5,0,-200,50,-20,-49,-1,0,-50,0,1,-2,-28,0,-30,25,-50,-1,-9,0,-10,0,1,2,8,0,10,10,30,1,1,0,2,-75,2,-40,0,0,-40,200,-50,0,0,-50,25,1,30,10,-50,-10,200,5,30,20,5,-50,-25
d7b7af0f-52b1-4176-8321-eafd7103e6ba,Commercial,C83_1_1,2,400,200,200,400,0,21.2,513.94452,11.76252,546.90704,0,280844,302.8,212598.908,55.80564,212957.5136,-2000,2,-195,-5,0,-200,50,-20,-49,-1,0,-50,0,1,-2,-28,0,-30,25,-50,-1,-9,0,-10,0,1,2,8,0,10,10,30,1,1,0,2,-75,2,-40,0,0,-40,200,-50,0,0,-50,25,1,30,10,-50,-10,200,5,30,20,5,-50,-25
2174b002-5ada-48f2-ae37-ab3998219b53,Commercial,C182_1_1,2,400,200,200,400,0,21.2,513.94452,11.76252,546.90704,0,280844,302.8,212598.908,55.80564,212957.5136,-2000,2,-195,-5,0,-200,50,-20,-49,-1,0,-50,0,1,-2,-28,0,-30,25,-50,-1,-9,0,-10,0,1,2,8,0,10,10,30,1,1,0,2,-75,2,-40,0,0,-40,200,-50,0,0,-50,25,1,30,10,-50,-10,200,5,30,20,5,-50,-25
3258c2ef-2337-4000-b31d-d0453d64ed55,Commercial,C161_1_1,2,400,200,200,400,0,21.2,513.94452,11.76252,546.90704,0,280844,302.8,212598.908,55.80564,212957.5136,-2000,2,-195,-5,0,-200,50,-20,-49,-1,0,-50,0,1,-2,-28,0,-30,25,-50,-1,-9,0,-10,0,1,2,8,0,10,10,30,1,1,0,2,-75,2,-40,0,0,-40,200,-50,0,0,-50,25,1,30,10,-50,-10,200,5,30,20,5,-50,-25
42883d54-96f3-4fd5-9f21-35eae580dad0,Commercial,C273_1_1,2,400,200,200,400,0,21.2,513.94452,11.76252,546.90704,0,280844,302.8,212598.908,55.80564,212957.5136,-2000,2,-195,-5,0,-200,50,-20,-49,-1,0,-50,0,1,-2,-28,0,-30,25,-50,-1,-9,0,-10,0,1,2,8,0,10,10,30,1,1,0,2,-75,2,-40,0,0,-40,200,-50,0,0,-50,25,1,30,10,-50,-10,200,5,30,20,5,-50,-25
4d8cf8cf-2da3-4c72-bf9e-bbc1c641b1e1,Commercial,C166_1_1,2,400,200,200,400,0,21.2,513.94452,11.76252,546.90704,0,280844,302.8,212598.908,55.80564,212957.5136,-2000,2,-195,-5,0,-200,50,-20,-49,-1,0,-50,0,1,-2,-28,0,-30,25,-50,-1,-9,0,-10,0,1,2,8,0,10,10,30,1,1,0,2,-75,2,-40,0,0,-40,200,-50,0,0,-50,25,1,30,10,-50,-10,200,5,30,20,5,-50,-25
922d5850-5ca7-4603-9fb1-4257592e9e15,Commercial,C42_1_1,2,400,200,200,400,0,21.2,513.94452,11.76252,546.90704,0,280844,302.8,212598.908,55.80564,212957.5136,-2000,2,-195,-5,0,-200,50,-20,-49,-1,0,-50,0,1,-2,-28,0,-30,25,-50,-1,-9,0,-10,0,1,2,8,0,10,10,30,1,1,0,2,-75,2,-40,0,0,-40,200,-50,0,0,-50,25,1,30,10,-50,-10,200,5,30,20,5,-50,-25
81fafcb9-e5c0-46f7-a43b-e88b4da43ec1,Commercial,C86_1_1,2,400,200,200,400,0,21.2,513.94452,11.76252,546.90704,0,280844,302.8,212598.908,55.80564,212957.5136,-2000,2,-195,-5,0,-200,50,-20,-49,-1,0,-50,0,1,-2,-28,0,-30,25,-50,-1,-9,0,-10,0,1,2,8,0,10,10,30,1,1,0,2,-75,2,-40,0,0,-40,200,-50,0,0,-50,25,1,30,10,-50,-10,200,5,30,20,5,-50,-25
3c719ce9-ec5d-42f4-b2b4-a365cef13d08,Commercial,C263_1_1,2,400,200,200,400,0,21.2,513.94452,11.76252,546.90704,0,280844,302.8,212598.908,55.80564,212957.5136,-2000,2,-195,-5,0,-200,50,-20,-49,-1,0,-50,0,1,-2,-28,0,-30,25,-50,-1,-9,0,-10,0,1,2,8,0,10,10,30,1,1,0,2,-75,2,-40,0,0,-40,200,-50,0,0,-50,25,1,30,10,-50,-10,200,5,30,20,5,-50,-25
f7df2988-092f-4438-8c07-bdc396e16dec,Commercial,C374_1_1,2,400,200,200,400,0,21.2,513.94452,11.76252,546.90704,0,280844,302.8,212598.908,55.80564,212957.5136,-2000,2,-195,-5,0,-200,50,-20,-49,-1,0,-50,0,1,-2,-28,0,-30,25,-50,-1,-9,0,-10,0,1,2,8,0,10,10,30,1,1,0,2,-75,2,-40,0,0,-40,200,-50,0,0,-50,25,1,30,10,-50,-10,200,5,30,20,5,-50,-25
6d8ab843-66ee-4b43-9b0d-2458834dffe2,Commercial,C77_1_1,2,400,200,200,400,0,21.2,513.94452,11.76252,546.90704,0,280844,302.8,212598.908,55.80564,212957.5136,-2000,2,-195,-5,0,-200,50,-20,-49,-1,0,-50,0,1,-2,-28,0,-30,25,-50,-1,-9,0,-10,0,1,2,8,0,10,10,30,1,1,0,2,-75,2,-40,0,0,-40,200,-50,0,0,-50,25,1,30,10,-50,-10,200,5,30,20,5,-50,-25
55721994-b806-4ec9-9b6a-e397fd17f976,Commercial,C106_1_1,2,400,200,200,400,0,21.2,513.94452,11.76252,546.90704,0,280844,302.8,212598.908,55.80564,212957.5136,-2000,2,-195,-5,0,-200,50,-20,-49,-1,0,-50,0,1,-2,-28,0,-30,25,-50,-1,-9,0,-10,0,1,2,8,0,10,10,30,1,1,0,2,-75,2,-40,0,0,-40,200,-50,0,0,-50,25,1,30,10,-50,-10,200,5,30,20,5,-50,-25
988356a4-0606-4191-83d0-cfa052e30382,Commercial,C256_1_1,2,400,200,200,400,0,21.2,513.94452,11.76252,546.90704,0,280844,302.8,212598.908,55.80564,212957.5136,-2000,2,-195,-5,0,-200,50,-20,-49,-1,0,-50,0,1,-2,-28,0,-30,25,-50,-1,-9,0,-10,0,1,2,8,0,10,10,30,1,1,0,2,-75,2,-40,0,0,-40,200,-50,0,0,-50,25,1,30,10,-50,-10,200,5,30,20,5,-50,-25
8087407e-5f34-4c38-ba77-7f16e6efe9e0,Commercial,C377_1_1,2,400,200,200,400,0,21.2,513.94452,11.76252,546.90704,0,280844,302.8,212598.908,55.80564,212957.5136,-2000,2,-195,-5,0,-200,50,-20,-49,-1,0,-50,0,1,-2,-28,0,-30,25,-50,-1,-9,0,-10,0,1,2,8,0,10,10,30,1,1,0,2,-75,2,-40,0,0,-40,200,-50,0,0,-50,25,1,30,10,-50,-10,200,5,30,20,5,-50,-25
12bf9117-2eb0-427d-9d82-371667236854,Commercial,C236_1_1,2,400,200,200,400,0,21.2,513.94452,11.76252,546.90704,0,280844,302.8,212598.908,55.80564,212957.5136,-2000,2,-195,-5,0,-200,50,-20,-49,-1,0,-50,0,1,-2,-28,0,-30,25,-50,-1,-9,0,-10,0,1,2,8,0,10,10,30,1,1,0,2,-75,2,-40,0,0,-40,200,-50,0,0,-50,25,1,30,10,-50,-10,200,5,30,20,5,-50,-25
ded85d10-4a70-464f-a7dc-f06eb769c6f1,Commercial,C78_1_1,2,400,200,200,400,0,21.2,513.94452,11.76252,546.90704,0,280844,302.8,212598.908,55.80564,212957.5136,-2000,2,-195,-5,0,-200,50,-20,-49,-1,0,-50,0,1,-2,-28,0,-30,25,-50,-1,-9,0,-10,0,1,2,8,0,10,10,30,1,1,0,2,-75,2,-40,0,0,-40,200,-50,0,0,-50,25,1,30,10,-50,-10,200,5,30,20,5,-50,-25
13d6986c-343a-4d04-bd92-9cb5255a76e4,Commercial,C103_1_1,2,400,200,200,400,0,21.2,513.94452,11.76252,546.90704,0,280844,302.8,212598.908,55.80564,212957.5136,-2000,2,-195,-5,0,-200,50,-20,-49,-1,0,-50,0,1,-2,-28,0,-30,25,-50,-1,-9,0,-10,0,1,2,8,0,10,10,30,1,1,0,2,-75,2,-40,0,0,-40,200,-50,0,0,-50,25,1,30,10,-50,-10,200,5,30,20,5,-50,-25
c1642044-7cd9-4f0b-9f32-7b8e6e5d3a85,Commercial,C91_1_1,2,400,200,200,400,0,21.2,513.94452,11.76252,546.90704,0,280844,302.8,212598.908,55.80564,212957.5136,-2000,2,-195,-5,0,-200,50,-20,-49,-1,0,-50,0,1,-2,-28,0,-30,25,-50,-1,-9,0,-10,0,1,2,8,0,10,10,30,1,1,0,2,-75,2,-40,0,0,-40,200,-50,0,0,-50,25,1,30,10,-50,-10,200,5,30,20,5,-50,-25
f46690db-145e-47d3-ab1c-21507abaf8b2,Commercial,C49_1_1,2,400,200,200,400,0,21.2,513.94452,11.76252,546.90704,0,280844,302.8,212598.908,55.80564,212957.5136,-2000,2,-195,-5,0,-200,50,-20,-49,-1,0,-50,0,1,-2,-28,0,-30,25,-50,-1,-9,0,-10,0,1,2,8,0,10,10,30,1,1,0,2,-75,2,-40,0,0,-40,200,-50,0,0,-50,25,1,30,10,-50,-10,200,5,30,20,5,-50,-25
b9458f8f-f8ed-4012-9a2f-224013f8ce3d,Commercial,C123_1_1,2,400,200,200,400,0,21.2,513.94452,11.76252,546.90704,0,280844,302.8,212598.908,55.80564,212957.5136,-2000,2,-195,-5,0,-200,50,-20,-49,-1,0,-50,0,1,-2,-28,0,-30,25,-50,-1,-9,0,-10,0,1,2,8,0,10,10,30,1,1,0,2,-75,2,-40,0,0,-40,200,-50,0,0,-50,25,1,30,10,-50,-10,200,5,30,20,5,-50,-25
f1c5317a-7500-41a5-877c-d03f76830d5b,Commercial,C248_1_1,2,400,200,200,400,0,21.2,513.94452,11.76252,546.90704,0,280844,302.8,212598.908,55.80564,212957.5136,-2000,2,-195,-5,0,-200,50,-20,-49,-1,0,-50,0,1,-2,-28,0,-30,25,-50,-1,-9,0,-10,0,1,2,8,0,10,10,30,1,1,0,2,-75,2,-40,0,0,-40,200,-50,0,0,-50,25,1,30,10,-50,-10,200,5,30,20,5,-50,-25
e7b1b593-07cf-4e73-b383-64bfd806263e,Commercial,C228_1_1,2,400,200,200,400,0,21.2,513.94452,11.76252,546.90704,0,280844,302.8,212598.908,55.80564,212957.5136,-2000,2,-195,-5,0,-200,50,-20,-49,-1,0,-50,0,1,-2,-28,0,-30,25,-50,-1,-9,0,-10,0,1,2,8,0,10,10,30,1,1,0,2,-75,2,-40,0,0,-40,200,-50,0,0,-50,25,1,30,10,-50,-10,200,5,30,20,5,-50,-25
0e542151-35a2-4dfb-bbbf-c1a67611bbde,Commercial,C255_1_1,2,400,200,200,400,0,21.2,513.94452,11.76252,546.90704,0,280844,302.8,212598.908,55.80564,212957.5136,-2000,2,-195,-5,0,-200,50,-20,-49,-1,0,-50,0,1,-2,-28,0,-30,25,-50,-1,-9,0,-10,0,1,2,8,0,10,10,30,1,1,0,2,-75,2,-40,0,0,-40,200,-50,0,0,-50,25,1,30,10,-50,-10,200,5,30,20,5,-50,-25
8f484e27-c6be-448b-8798-de81e5253e1d,Commercial,C27_1_1,2,400,200,200,400,0,21.2,513.94452,11.76252,546.90704,0,280844,302.8,212598.908,55.80564,212957.5136,-2000,2,-195,-5,0,-200,50,-20,-49,-1,0,-50,0,1,-2,-28,0,-30,25,-50,-1,-9,0,-10,0,1,2,8,0,10,10,30,1,1,0,2,-75,2,-40,0,0,-40,200,-50,0,0,-50,25,1,30,10,-50,-10,200,5,30,20,5,-50,-25
6193d149-8ed8-44e2-856a-df68587cae82,Commercial,C220_1_1,2,400,200,200,400,0,21.2,513.94452,11.76252,546.90704,0,280844,302.8,212598.908,55.80564,212957.5136,-2000,2,-195,-5,0,-200,50,-20,-49,-1,0,-50,0,1,-2,-28,0,-30,25,-50,-1,-9,0,-10,0,1,2,8,0,10,10,30,1,1,0,2,-75,2,-40,0,0,-40,200,-50,0,0,-50,25,1,30,10,-50,-10,200,5,30,20,5,-50,-25
06c77c78-d2ba-4f6a-8a06-78d2d8752f89,Commercial,C289_1_1,2,400,200,200,400,0,21.2,513.94452,11.76252,546.90704,0,280844,302.8,212598.908,55.80564,212957.5136,-2000,2,-195,-5,0,-200,50,-20,-49,-1,0,-50,0,1,-2,-28,0,-30,25,-50,-1,-9,0,-10,0,1,2,8,0,10,10,30,1,1,0,2,-75,2,-40,0,0,-40,200,-50,0,0,-50,25,1,30,10,-50,-10,200,5,30,20,5,-50,-25
9848be22-ab30-4307-887e-ddc063b61b4c,Commercial,C383_1_1,2,400,200,200,400,0,21.2,513.94452,11.76252,546.90704,0,280844,302.8,212598.908,55.80564,212957.5136,-2000,2,-195,-5,0,-200,50,-20,-49,-1,0,-50,0,1,-2,-28,0,-30,25,-50,-1,-9,0,-10,0,1,2,8,0,10,10,30,1,1,0,2,-75,2,-40,0,0,-40,200,-50,0,0,-50,25,1,30,10,-50,-10,200,5,30,20,5,-50,-25
cda7b4fe-e7ce-442e-97fa-fafe34ede526,Commercial,C307_1_1,2,400,200,200,400,0,21.2,513.94452,11.76252,546.90704,0,280844,302.8,212598.908,55.80564,212957.5136,-2000,2,-195,-5,0,-200,50,-20,-49,-1,0,-50,0,1,-2,-28,0,-30,25,-50,-1,-9,0,-10,0,1,2,8,0,10,10,30,1,1,0,2,-75,2,-40,0,0,-40,200,-50,0,0,-50,25,1,30,10,-50,-10,200,5,30,20,5,-50,-25
70cbfd8c-f178-453b-87f0-86db856af0b2,Commercial,C315_1_1,2,400,200,200,400,0,21.2,513.94452,11.76252,546.90704,0,280844,302.8,212598.908,55.80564,212957.5136,-2000,2,-195,-5,0,-200,50,-20,-49,-1,0,-50,0,1,-2,-28,0,-30,25,-50,-1,-9,0,-10,0,1,2,8,0,10,10,30,1,1,0,2,-75,2,-40,0,0,-40,200,-50,0,0,-50,25,1,30,10,-50,-10,200,5,30,20,5,-50,-25
d0a54756-d3c3-4d56-8a63-c757c690ade2,Commercial,C175_1_1,2,400,200,200,400,0,21.2,513.94452,11.76252,546.90704,0,280844,302.8,212598.908,55.80564,212957.5136,-2000,2,-195,-5,0,-200,50,-20,-49,-1,0,-50,0,1,-2,-28,0,-30,25,-50,-1,-9,0,-10,0,1,2,8,0,10,10,30,1,1,0,2,-75,2,-40,0,0,-40,200,-50,0,0,-50,25,1,30,10,-50,-10,200,5,30,20,5,-50,-25
0d3a3e84-1319-458f-bea3-1f65daa1051b,Commercial,C192_1_1,2,400,200,200,400,0,21.2,513.94452,11.76252,546.90704,0,280844,302.8,212598.908,55.80564,212957.5136,-2000,2,-195,-5,0,-200,50,-20,-49,-1,0,-50,0,1,-2,-28,0,-30,25,-50,-1,-9,0,-10,0,1,2,8,0,10,10,30,1,1,0,2,-75,2,-40,0,0,-40,200,-50,0,0,-50,25,1,30,10,-50,-10,200,5,30,20,5,-50,-25
e815033c-6369-4796-9ea2-749a055644e8,Commercial,C247_1_1,2,400,200,200,400,0,21.2,513.94452,11.76252,546.90704,0,280844,302.8,212598.908,55.80564,212957.5136,-2000,2,-195,-5,0,-200,50,-20,-49,-1,0,-50,0,1,-2,-28,0,-30,25,-50,-1,-9,0,-10,0,1,2,8,0,10,10,30,1,1,0,2,-75,2,-40,0,0,-40,200,-50,0,0,-50,25,1,30,10,-50,-10,200,5,30,20,5,-50,-25
53e21110-3244-468f-a88d-c7e287c36ba5,Commercial,C80_1_1,2,400,200,200,400,0,21.2,513.94452,11.76252,546.90704,0,280844,302.8,212598.908,55.80564,212957.5136,-2000,2,-195,-5,0,-200,50,-20,-49,-1,0,-50,0,1,-2,-28,0,-30,25,-50,-1,-9,0,-10,0,1,2,8,0,10,10,30,1,1,0,2,-75,2,-40,0,0,-40,200,-50,0,0,-50,25,1,30,10,-50,-10,200,5,30,20,5,-50,-25
c4d5da9e-c1cd-4e07-b062-1878308e363d,Commercial,C369_1_1,2,400,200,200,400,0,21.2,513.94452,11.76252,546.90704,0,280844,302.8,212598.908,55.80564,212957.5136,-2000,2,-195,-5,0,-200,50,-20,-49,-1,0,-50,0,1,-2,-28,0,-30,25,-50,-1,-9,0,-10,0,1,2,8,0,10,10,30,1,1,0,2,-75,2,-40,0,0,-40,200,-50,0,0,-50,25,1,30,10,-50,-10,200,5,30,20,5,-50,-25
78003b79-4297-4bb8-8084-6032b1ae05a4,Commercial,C30_1_1,2,400,200,200,400,0,21.2,513.94452,11.76252,546.90704,0,280844,302.8,212598.908,55.80564,212957.5136,-2000,2,-195,-5,0,-200,50,-20,-49,-1,0,-50,0,1,-2,-28,0,-30,25,-50,-1,-9,0,-10,0,1,2,8,0,10,10,30,1,1,0,2,-75,2,-40,0,0,-40,200,-50,0,0,-50,25,1,30,10,-50,-10,200,5,30,20,5,-50,-25
2ec10966-c73f-4e84-a805-890402b29efc,Commercial,C60_1_1,2,400,200,200,400,0,21.2,513.94452,11.76252,546.90704,0,280844,302.8,212598.908,55.80564,212957.5136,-2000,2,-195,-5,0,-200,50,-20,-49,-1,0,-50,0,1,-2,-28,0,-30,25,-50,-1,-9,0,-10,0,1,2,8,0,10,10,30,1,1,0,2,-75,2,-40,0,0,-40,200,-50,0,0,-50,25,1,30,10,-50,-10,200,5,30,20,5,-50,-25
3501a354-52ff-4c26-a4ae-2b77e7b2ab51,Commercial,C203_1_1,2,400,200,200,400,0,21.2,513.94452,11.76252,546.90704,0,280844,302.8,212598.908,55.80564,212957.5136,-2000,2,-195,-5,0,-200,50,-20,-49,-1,0,-50,0,1,-2,-28,0,-30,25,-50,-1,-9,0,-10,0,1,2,8,0,10,10,30,1,1,0,2,-75,2,-40,0,0,-40,200,-50,0,0,-50,25,1,30,10,-50,-10,200,5,30,20,5,-50,-25
81090fea-83d2-4df1-9427-334153e0473b,Commercial,C282_1_1,2,400,200,200,400,0,21.2,513.94452,11.76252,546.90704,0,280844,302.8,212598.908,55.80564,212957.5136,-2000,2,-195,-5,0,-200,50,-20,-49,-1,0,-50,0,1,-2,-28,0,-30,25,-50,-1,-9,0,-10,0,1,2,8,0,10,10,30,1,1,0,2,-75,2,-40,0,0,-40,200,-50,0,0,-50,25,1,30,10,-50,-10,200,5,30,20,5,-50,-25
a190bcdf-7ec6-4538-93f7-d77e84870f3a,Commercial,C100_1_1,2,400,200,200,400,0,21.2,513.94452,11.76252,546.90704,0,280844,302.8,212598.908,55.80564,212957.5136,-2000,2,-195,-5,0,-200,50,-20,-49,-1,0,-50,0,1,-2,-28,0,-30,25,-50,-1,-9,0,-10,0,1,2,8,0,10,10,30,1,1,0,2,-75,2,-40,0,0,-40,200,-50,0,0,-50,25,1,30,10,-50,-10,200,5,30,20,5,-50,-25
a459ae8f-07da-47ab-960a-963f63c835c2,Commercial,C238_1_1,2,400,200,200,400,0,21.2,513.94452,11.76252,546.90704,0,280844,302.8,212598.908,55.80564,212957.5136,-2000,2,-195,-5,0,-200,50,-20,-49,-1,0,-50,0,1,-2,-28,0,-30,25,-50,-1,-9,0,-10,0,1,2,8,0,10,10,30,1,1,0,2,-75,2,-40,0,0,-40,200,-50,0,0,-50,25,1,30,10,-50,-10,200,5,30,20,5,-50,-25
e3af7880-83bb-4ee2-9cea-80475a7b6a0a,Commercial,C153_1_1,2,400,200,200,400,0,21.2,513.94452,11.76252,546.90704,0,280844,302.8,212598.908,55.80564,212957.5136,-2000,2,-195,-5,0,-200,50,-20,-49,-1,0,-50,0,1,-2,-28,0,-30,25,-50,-1,-9,0,-10,0,1,2,8,0,10,10,30,1,1,0,2,-75,2,-40,0,0,-40,200,-50,0,0,-50,25,1,30,10,-50,-10,200,5,30,20,5,-50,-25
606da295-1f6d-4791-8d1d-da830d654928,Commercial,C343_1_1,2,400,200,200,400,0,21.2,513.94452,11.76252,546.90704,0,280844,302.8,212598.908,55.80564,212957.5136,-2000,2,-195,-5,0,-200,50,-20,-49,-1,0,-50,0,1,-2,-28,0,-30,25,-50,-1,-9,0,-10,0,1,2,8,0,10,10,30,1,1,0,2,-75,2,-40,0,0,-40,200,-50,0,0,-50,25,1,30,10,-50,-10,200,5,30,20,5,-50,-25
44f71c54-abbf-452b-be00-569b50d0f996,Commercial,C321_1_1,2,400,200,200,400,0,21.2,513.94452,11.76252,546.90704,0,280844,302.8,212598.908,55.80564,212957.5136,-2000,2,-195,-5,0,-200,50,-20,-49,-1,0,-50,0,1,-2,-28,0,-30,25,-50,-1,-9,0,-10,0,1,2,8,0,10,10,30,1,1,0,2,-75,2,-40,0,0,-40,200,-50,0,0,-50,25,1,30,10,-50,-10,200,5,30,20,5,-50,-25
937002a4-2871-4821-bbbf-189d05277854,Commercial,C116_1_1,2,400,200,200,400,0,21.2,513.94452,11.76252,546.90704,0,280844,302.8,212598.908,55.80564,212957.5136,-2000,2,-195,-5,0,-200,50,-20,-49,-1,0,-50,0,1,-2,-28,0,-30,25,-50,-1,-9,0,-10,0,1,2,8,0,10,10,30,1,1,0,2,-75,2,-40,0,0,-40,200,-50,0,0,-50,25,1,30,10,-50,-10,200,5,30,20,5,-50,-25
1665135f-6fcc-436e-9aba-158c6aefb153,Commercial,C88_1_1,2,400,200,200,400,0,21.2,513.94452,11.76252,546.90704,0,280844,302.8,212598.908,55.80564,212957.5136,-2000,2,-195,-5,0,-200,50,-20,-49,-1,0,-50,0,1,-2,-28,0,-30,25,-50,-1,-9,0,-10,0,1,2,8,0,10,10,30,1,1,0,2,-75,2,-40,0,0,-40,200,-50,0,0,-50,25,1,30,10,-50,-10,200,5,30,20,5,-50,-25
ea3c75a5-ada4-4779-b9ec-b3853cc97fbe,Commercial,C124_1_1,2,400,200,200,400,0,21.2,513.94452,11.76252,546.90704,0,280844,302.8,212598.908,55.80564,212957.5136,-2000,2,-195,-5,0,-200,50,-20,-49,-1,0,-50,0,1,-2,-28,0,-30,25,-50,-1,-9,0,-10,0,1,2,8,0,10,10,30,1,1,0,2,-75,2,-40,0,0,-40,200,-50,0,0,-50,25,1,30,10,-50,-10,200,5,30,20,5,-50,-25
04c9ffc6-67de-4b0c-976a-e277d4a6ea71,Commercial,C74_1_1,2,400,200,200,400,0,21.2,513.94452,11.76252,546.90704,0,280844,302.8,212598.908,55.80564,212957.5136,-2000,2,-195,-5,0,-200,50,-20,-49,-1,0,-50,0,1,-2,-28,0,-30,25,-50,-1,-9,0,-10,0,1,2,8,0,10,10,30,1,1,0,2,-75,2,-40,0,0,-40,200,-50,0,0,-50,25,1,30,10,-50,-10,200,5,30,20,5,-50,-25
0621a0e8-8268-42fa-b1ca-f9b08f53e382,Commercial,C319_1_1,2,400,200,200,400,0,21.2,513.94452,11.76252,546.90704,0,280844,302.8,212598.908,55.80564,212957.5136,-2000,2,-195,-5,0,-200,50,-20,-49,-1,0,-50,0,1,-2,-28,0,-30,25,-50,-1,-9,0,-10,0,1,2,8,0,10,10,30,1,1,0,2,-75,2,-40,0,0,-40,200,-50,0,0,-50,25,1,30,10,-50,-10,200,5,30,20,5,-50,-25
b1493d82-4482-47b2-ad02-704ce3f4ebca,Commercial,C154_1_1,2,400,200,200,400,0,21.2,513.94452,11.76252,546.90704,0,280844,302.8,212598.908,55.80564,212957.5136,-2000,2,-195,-5,0,-200,50,-20,-49,-1,0,-50,0,1,-2,-28,0,-30,25,-50,-1,-9,0,-10,0,1,2,8,0,10,10,30,1,1,0,2,-75,2,-40,0,0,-40,200,-50,0,0,-50,25,1,30,10,-50,-10,200,5,30,20,5,-50,-25
17ff3db5-85b6-4d7b-8061-5d497e0da370,Commercial,C87_1_1,2,400,200,200,400,0,21.2,513.94452,11.76252,546.90704,0,280844,302.8,212598.908,55.80564,212957.5136,-2000,2,-195,-5,0,-200,50,-20,-49,-1,0,-50,0,1,-2,-28,0,-30,25,-50,-1,-9,0,-10,0,1,2,8,0,10,10,30,1,1,0,2,-75,2,-40,0,0,-40,200,-50,0,0,-50,25,1,30,10,-50,-10,200,5,30,20,5,-50,-25
a198b244-ec76-4165-ba00-435c9fe86979,Commercial,C68_1_1,2,400,200,200,400,0,21.2,513.94452,11.76252,546.90704,0,280844,302.8,212598.908,55.80564,212957.5136,-2000,2,-195,-5,0,-200,50,-20,-49,-1,0,-50,0,1,-2,-28,0,-30,25,-50,-1,-9,0,-10,0,1,2,8,0,10,10,30,1,1,0,2,-75,2,-40,0,0,-40,200,-50,0,0,-50,25,1,30,10,-50,-10,200,5,30,20,5,-50,-25
535d7bbf-64da-4ae5-b8c6-282dbff39a8e,Commercial,C20_1_1,2,400,200,200,400,0,21.2,513.94452,11.76252,546.90704,0,280844,302.8,212598.908,55.80564,212957.5136,-2000,2,-195,-5,0,-200,50,-20,-49,-1,0,-50,0,1,-2,-28,0,-30,25,-50,-1,-9,0,-10,0,1,2,8,0,10,10,30,1,1,0,2,-75,2,-40,0,0,-40,200,-50,0,0,-50,25,1,30,10,-50,-10,200,5,30,20,5,-50,-25
0a4712e7-093e-4336-ae08-c7d54f15dc2b,Commercial,C81_1_1,2,400,200,200,400,0,21.2,513.94452,11.76252,546.90704,0,280844,302.8,212598.908,55.80564,212957.5136,-2000,2,-195,-5,0,-200,50,-20,-49,-1,0,-50,0,1,-2,-28,0,-30,25,-50,-1,-9,0,-10,0,1,2,8,0,10,10,30,1,1,0,2,-75,2,-40,0,0,-40,200,-50,0,0,-50,25,1,30,10,-50,-10,200,5,30,20,5,-50,-25
a2760d69-fc01-4f34-b7e6-6dec4f8e8974,Commercial,C299_1_1,2,400,200,200,400,0,21.2,513.94452,11.76252,546.90704,0,280844,302.8,212598.908,55.80564,212957.5136,-2000,2,-195,-5,0,-200,50,-20,-49,-1,0,-50,0,1,-2,-28,0,-30,25,-50,-1,-9,0,-10,0,1,2,8,0,10,10,30,1,1,0,2,-75,2,-40,0,0,-40,200,-50,0,0,-50,25,1,30,10,-50,-10,200,5,30,20,5,-50,-25
cdc38f7f-5156-4a5c-8a1e-71475f35cb18,Commercial,C32_1_1,2,400,200,200,400,0,21.2,513.94452,11.76252,546.90704,0,280844,302.8,212598.908,55.80564,212957.5136,-2000,2,-195,-5,0,-200,50,-20,-49,-1,0,-50,0,1,-2,-28,0,-30,25,-50,-1,-9,0,-10,0,1,2,8,0,10,10,30,1,1,0,2,-75,2,-40,0,0,-40,200,-50,0,0,-50,25,1,30,10,-50,-10,200,5,30,20,5,-50,-25
87425072-004f-45de-a355-f11844a8a839,Commercial,C278_1_1,2,400,200,200,400,0,21.2,513.94452,11.76252,546.90704,0,280844,302.8,212598.908,55.80564,212957.5136,-2000,2,-195,-5,0,-200,50,-20,-49,-1,0,-50,0,1,-2,-28,0,-30,25,-50,-1,-9,0,-10,0,1,2,8,0,10,10,30,1,1,0,2,-75,2,-40,0,0,-40,200,-50,0,0,-50,25,1,30,10,-50,-10,200,5,30,20,5,-50,-25
c73a02fe-d4e1-4ec7-bde0-9bf7d882964c,Commercial,C359_1_1,2,400,200,200,400,0,21.2,513.94452,11.76252,546.90704,0,280844,302.8,212598.908,55.80564,212957.5136,-2000,2,-195,-5,0,-200,50,-20,-49,-1,0,-50,0,1,-2,-28,0,-30,25,-50,-1,-9,0,-10,0,1,2,8,0,10,10,30,1,1,0,2,-75,2,-40,0,0,-40,200,-50,0,0,-50,25,1,30,10,-50,-10,200,5,30,20,5,-50,-25
6a7ffec8-084e-413f-98f4-0d99778acd6c,Commercial,C214_1_1,2,400,200,200,400,0,21.2,513.94452,11.76252,546.90704,0,280844,302.8,212598.908,55.80564,212957.5136,-2000,2,-195,-5,0,-200,50,-20,-49,-1,0,-50,0,1,-2,-28,0,-30,25,-50,-1,-9,0,-10,0,1,2,8,0,10,10,30,1,1,0,2,-75,2,-40,0,0,-40,200,-50,0,0,-50,25,1,30,10,-50,-10,200,5,30,20,5,-50,-25
4be50976-8767-4ad4-869a-d1e98a045814,Commercial,C129_1_1,2,400,200,200,400,0,21.2,513.94452,11.76252,546.90704,0,280844,302.8,212598.908,55.80564,212957.5136,-2000,2,-195,-5,0,-200,50,-20,-49,-1,0,-50,0,1,-2,-28,0,-30,25,-50,-1,-9,0,-10,0,1,2,8,0,10,10,30,1,1,0,2,-75,2,-40,0,0,-40,200,-50,0,0,-50,25,1,30,10,-50,-10,200,5,30,20,5,-50,-25
2a39d1b9-ea88-4e60-b44d-88e4fffff1f4,Commercial,C281_1_1,2,400,200,200,400,0,21.2,513.94452,11.76252,546.90704,0,280844,302.8,212598.908,55.80564,212957.5136,-2000,2,-195,-5,0,-200,50,-20,-49,-1,0,-50,0,1,-2,-28,0,-30,25,-50,-1,-9,0,-10,0,1,2,8,0,10,10,30,1,1,0,2,-75,2,-40,0,0,-40,200,-50,0,0,-50,25,1,30,10,-50,-10,200,5,30,20,5,-50,-25
e105cbf9-035b-45c1-8a64-e46a4102c8d4,Commercial,C52_1_1,2,400,200,200,400,0,21.2,513.94452,11.76252,546.90704,0,280844,302.8,212598.908,55.80564,212957.5136,-2000,2,-195,-5,0,-200,50,-20,-49,-1,0,-50,0,1,-2,-28,0,-30,25,-50,-1,-9,0,-10,0,1,2,8,0,10,10,30,1,1,0,2,-75,2,-40,0,0,-40,200,-50,0,0,-50,25,1,30,10,-50,-10,200,5,30,20,5,-50,-25
051ce8b7-d08c-4beb-967e-de906f7c5cc1,Commercial,C69_1_1,2,400,200,200,400,0,21.2,513.94452,11.76252,546.90704,0,280844,302.8,212598.908,55.80564,212957.5136,-2000,2,-195,-5,0,-200,50,-20,-49,-1,0,-50,0,1,-2,-28,0,-30,25,-50,-1,-9,0,-10,0,1,2,8,0,10,10,30,1,1,0,2,-75,2,-40,0,0,-40,200,-50,0,0,-50,25,1,30,10,-50,-10,200,5,30,20,5,-50,-25
e50f8bfd-3ba2-4460-b74d-7b7634329283,Commercial,C43_1_1,2,400,200,200,400,0,21.2,513.94452,11.76252,546.90704,0,280844,302.8,212598.908,55.80564,212957.5136,-2000,2,-195,-5,0,-200,50,-20,-49,-1,0,-50,0,1,-2,-28,0,-30,25,-50,-1,-9,0,-10,0,1,2,8,0,10,10,30,1,1,0,2,-75,2,-40,0,0,-40,200,-50,0,0,-50,25,1,30,10,-50,-10,200,5,30,20,5,-50,-25
68db4db5-eed0-460c-8aaa-c293987355b4,Commercial,C272_1_1,2,400,200,200,400,0,21.2,513.94452,11.76252,546.90704,0,280844,302.8,212598.908,55.80564,212957.5136,-2000,2,-195,-5,0,-200,50,-20,-49,-1,0,-50,0,1,-2,-28,0,-30,25,-50,-1,-9,0,-10,0,1,2,8,0,10,10,30,1,1,0,2,-75,2,-40,0,0,-40,200,-50,0,0,-50,25,1,30,10,-50,-10,200,5,30,20,5,-50,-25
ff7b7d10-1d19-43c1-a2f1-34c6083a4f25,Commercial,C98_1_1,2,400,200,200,400,0,21.2,513.94452,11.76252,546.90704,0,280844,302.8,212598.908,55.80564,212957.5136,-2000,2,-195,-5,0,-200,50,-20,-49,-1,0,-50,0,1,-2,-28,0,-30,25,-50,-1,-9,0,-10,0,1,2,8,0,10,10,30,1,1,0,2,-75,2,-40,0,0,-40,200,-50,0,0,-50,25,1,30,10,-50,-10,200,5,30,20,5,-50,-25
9ed39501-afdf-4fb8-bc18-73554e56f302,Commercial,C4_1_1,2,400,200,200,400,0,21.2,513.94452,11.76252,546.90704,0,280844,302.8,212598.908,55.80564,212957.5136,-2000,2,-195,-5,0,-200,50,-20,-49,-1,0,-50,0,1,-2,-28,0,-30,25,-50,-1,-9,0,-10,0,1,2,8,0,10,10,30,1,1,0,2,-75,2,-40,0,0,-40,200,-50,0,0,-50,25,1,30,10,-50,-10,200,5,30,20,5,-50,-25
78c60398-6761-478a-905e-0a99993a1bb6,Commercial,C380_1_1,2,400,200,200,400,0,21.2,513.94452,11.76252,546.90704,0,280844,302.8,212598.908,55.80564,212957.5136,-2000,2,-195,-5,0,-200,50,-20,-49,-1,0,-50,0,1,-2,-28,0,-30,25,-50,-1,-9,0,-10,0,1,2,8,0,10,10,30,1,1,0,2,-75,2,-40,0,0,-40,200,-50,0,0,-50,25,1,30,10,-50,-10,200,5,30,20,5,-50,-25
1526dbaa-0e82-44b8-ad1b-d5016587cca3,Commercial,C120_1_1,2,400,200,200,400,0,21.2,513.94452,11.76252,546.90704,0,280844,302.8,212598.908,55.80564,212957.5136,-2000,2,-195,-5,0,-200,50,-20,-49,-1,0,-50,0,1,-2,-28,0,-30,25,-50,-1,-9,0,-10,0,1,2,8,0,10,10,30,1,1,0,2,-75,2,-40,0,0,-40,200,-50,0,0,-50,25,1,30,10,-50,-10,200,5,30,20,5,-50,-25
624bd945-cac7-4076-af04-06b83096a7f1,Commercial,C63_1_1,2,400,200,200,400,0,21.2,513.94452,11.76252,546.90704,0,280844,302.8,212598.908,55.80564,212957.5136,-2000,2,-195,-5,0,-200,50,-20,-49,-1,0,-50,0,1,-2,-28,0,-30,25,-50,-1,-9,0,-10,0,1,2,8,0,10,10,30,1,1,0,2,-75,2,-40,0,0,-40,200,-50,0,0,-50,25,1,30,10,-50,-10,200,5,30,20,5,-50,-25
e7f587a3-2bef-4c43-90ba-c68b75939275,Commercial,C204_1_1,2,400,200,200,400,0,21.2,513.94452,11.76252,546.90704,0,280844,302.8,212598.908,55.80564,212957.5136,-2000,2,-195,-5,0,-200,50,-20,-49,-1,0,-50,0,1,-2,-28,0,-30,25,-50,-1,-9,0,-10,0,1,2,8,0,10,10,30,1,1,0,2,-75,2,-40,0,0,-40,200,-50,0,0,-50,25,1,30,10,-50,-10,200,5,30,20,5,-50,-25
f0161230-3ca9-42d2-977d-0f8d793ec078,Commercial,C125_1_1,2,400,200,200,400,0,21.2,513.94452,11.76252,546.90704,0,280844,302.8,212598.908,55.80564,212957.5136,-2000,2,-195,-5,0,-200,50,-20,-49,-1,0,-50,0,1,-2,-28,0,-30,25,-50,-1,-9,0,-10,0,1,2,8,0,10,10,30,1,1,0,2,-75,2,-40,0,0,-40,200,-50,0,0,-50,25,1,30,10,-50,-10,200,5,30,20,5,-50,-25
06424bf6-5688-4a4c-a248-2dc4c83cb436,Commercial,C268_1_1,2,400,200,200,400,0,21.2,513.94452,11.76252,546.90704,0,280844,302.8,212598.908,55.80564,212957.5136,-2000,2,-195,-5,0,-200,50,-20,-49,-1,0,-50,0,1,-2,-28,0,-30,25,-50,-1,-9,0,-10,0,1,2,8,0,10,10,30,1,1,0,2,-75,2,-40,0,0,-40,200,-50,0,0,-50,25,1,30,10,-50,-10,200,5,30,20,5,-50,-25
43b18b9b-a299-483c-9020-7ac9217f579d,Commercial,C375_1_1,2,400,200,200,400,0,21.2,513.94452,11.76252,546.90704,0,280844,302.8,212598.908,55.80564,212957.5136,-2000,2,-195,-5,0,-200,50,-20,-49,-1,0,-50,0,1,-2,-28,0,-30,25,-50,-1,-9,0,-10,0,1,2,8,0,10,10,30,1,1,0,2,-75,2,-40,0,0,-40,200,-50,0,0,-50,25,1,30,10,-50,-10,200,5,30,20,5,-50,-25
4dba3af0-d9dd-4bab-a954-c3125514b076,Commercial,C19_1_1,2,400,200,200,400,0,21.2,513.94452,11.76252,546.90704,0,280844,302.8,212598.908,55.80564,212957.5136,-2000,2,-195,-5,0,-200,50,-20,-49,-1,0,-50,0,1,-2,-28,0,-30,25,-50,-1,-9,0,-10,0,1,2,8,0,10,10,30,1,1,0,2,-75,2,-40,0,0,-40,200,-50,0,0,-50,25,1,30,10,-50,-10,200,5,30,20,5,-50,-25
e06d8a48-dd07-403a-88f7-9209273e44ba,Commercial,C187_1_1,2,400,200,200,400,0,21.2,513.94452,11.76252,546.90704,0,280844,302.8,212598.908,55.80564,212957.5136,-2000,2,-195,-5,0,-200,50,-20,-49,-1,0,-50,0,1,-2,-28,0,-30,25,-50,-1,-9,0,-10,0,1,2,8,0,10,10,30,1,1,0,2,-75,2,-40,0,0,-40,200,-50,0,0,-50,25,1,30,10,-50,-10,200,5,30,20,5,-50,-25
43754db8-e3ab-4187-8739-d7fb77ff2a76,Commercial,C246_1_1,2,400,200,200,400,0,21.2,513.94452,11.76252,546.90704,0,280844,302.8,212598.908,55.80564,212957.5136,-2000,2,-195,-5,0,-200,50,-20,-49,-1,0,-50,0,1,-2,-28,0,-30,25,-50,-1,-9,0,-10,0,1,2,8,0,10,10,30,1,1,0,2,-75,2,-40,0,0,-40,200,-50,0,0,-50,25,1,30,10,-50,-10,200,5,30,20,5,-50,-25
9124f1e4-e847-46e9-9bad-643aabb53360,Commercial,C317_1_1,2,400,200,200,400,0,21.2,513.94452,11.76252,546.90704,0,280844,302.8,212598.908,55.80564,212957.5136,-2000,2,-195,-5,0,-200,50,-20,-49,-1,0,-50,0,1,-2,-28,0,-30,25,-50,-1,-9,0,-10,0,1,2,8,0,10,10,30,1,1,0,2,-75,2,-40,0,0,-40,200,-50,0,0,-50,25,1,30,10,-50,-10,200,5,30,20,5,-50,-25
74b8e363-b633-444c-a9d0-034a9fb5feb2,Commercial,C229_1_1,2,400,200,200,400,0,21.2,513.94452,11.76252,546.90704,0,280844,302.8,212598.908,55.80564,212957.5136,-2000,2,-195,-5,0,-200,50,-20,-49,-1,0,-50,0,1,-2,-28,0,-30,25,-50,-1,-9,0,-10,0,1,2,8,0,10,10,30,1,1,0,2,-75,2,-40,0,0,-40,200,-50,0,0,-50,25,1,30,10,-50,-10,200,5,30,20,5,-50,-25
2a9c036e-ea5e-442e-ad31-b8f6821e6520,Commercial,C16_1_1,2,400,200,200,400,0,21.2,513.94452,11.76252,546.90704,0,280844,302.8,212598.908,55.80564,212957.5136,-2000,2,-195,-5,0,-200,50,-20,-49,-1,0,-50,0,1,-2,-28,0,-30,25,-50,-1,-9,0,-10,0,1,2,8,0,10,10,30,1,1,0,2,-75,2,-40,0,0,-40,200,-50,0,0,-50,25,1,30,10,-50,-10,200,5,30,20,5,-50,-25
0ea536b1-956e-49c4-8737-5607a9bac610,Commercial,C249_1_1,2,400,200,200,400,0,21.2,513.94452,11.76252,546.90704,0,280844,302.8,212598.908,55.80564,212957.5136,-2000,2,-195,-5,0,-200,50,-20,-49,-1,0,-50,0,1,-2,-28,0,-30,25,-50,-1,-9,0,-10,0,1,2,8,0,10,10,30,1,1,0,2,-75,2,-40,0,0,-40,200,-50,0,0,-50,25,1,30,10,-50,-10,200,5,30,20,5,-50,-25
6ee6f0f9-7f94-462b-a4f7-14596056edc0,Commercial,C227_1_1,2,400,200,200,400,0,21.2,513.94452,11.76252,546.90704,0,280844,302.8,212598.908,55.80564,212957.5136,-2000,2,-195,-5,0,-200,50,-20,-49,-1,0,-50,0,1,-2,-28,0,-30,25,-50,-1,-9,0,-10,0,1,2,8,0,10,10,30,1,1,0,2,-75,2,-40,0,0,-40,200,-50,0,0,-50,25,1,30,10,-50,-10,200,5,30,20,5,-50,-25
74dac2b9-d9db-427e-8f86-6620cf5ebdd3,Commercial,C283_1_1,2,400,200,200,400,0,21.2,513.94452,11.76252,546.90704,0,280844,302.8,212598.908,55.80564,212957.5136,-2000,2,-195,-5,0,-200,50,-20,-49,-1,0,-50,0,1,-2,-28,0,-30,25,-50,-1,-9,0,-10,0,1,2,8,0,10,10,30,1,1,0,2,-75,2,-40,0,0,-40,200,-50,0,0,-50,25,1,30,10,-50,-10,200,5,30,20,5,-50,-25
4681c7ac-09a7-44c6-9b59-03fcf678c592,Commercial,C212_1_1,2,400,200,200,400,0,21.2,513.94452,11.76252,546.90704,0,280844,302.8,212598.908,55.80564,212957.5136,-2000,2,-195,-5,0,-200,50,-20,-49,-1,0,-50,0,1,-2,-28,0,-30,25,-50,-1,-9,0,-10,0,1,2,8,0,10,10,30,1,1,0,2,-75,2,-40,0,0,-40,200,-50,0,0,-50,25,1,30,10,-50,-10,200,5,30,20,5,-50,-25
b4b6bf6c-6dfb-4af5-af3c-ede9981f654d,Commercial,C202_1_1,2,400,200,200,400,0,21.2,513.94452,11.76252,546.90704,0,280844,302.8,212598.908,55.80564,212957.5136,-2000,2,-195,-5,0,-200,50,-20,-49,-1,0,-50,0,1,-2,-28,0,-30,25,-50,-1,-9,0,-10,0,1,2,8,0,10,10,30,1,1,0,2,-75,2,-40,0,0,-40,200,-50,0,0,-50,25,1,30,10,-50,-10,200,5,30,20,5,-50,-25
98058734-4744-4bb2-8120-3ddeea2541b6,Commercial,C196_1_1,2,400,200,200,400,0,21.2,513.94452,11.76252,546.90704,0,280844,302.8,212598.908,55.80564,212957.5136,-2000,2,-195,-5,0,-200,50,-20,-49,-1,0,-50,0,1,-2,-28,0,-30,25,-50,-1,-9,0,-10,0,1,2,8,0,10,10,30,1,1,0,2,-75,2,-40,0,0,-40,200,-50,0,0,-50,25,1,30,10,-50,-10,200,5,30,20,5,-50,-25
5512ab64-b255-4548-8951-22bfc2072329,Commercial,C352_1_1,2,400,200,200,400,0,21.2,513.94452,11.76252,546.90704,0,280844,302.8,212598.908,55.80564,212957.5136,-2000,2,-195,-5,0,-200,50,-20,-49,-1,0,-50,0,1,-2,-28,0,-30,25,-50,-1,-9,0,-10,0,1,2,8,0,10,10,30,1,1,0,2,-75,2,-40,0,0,-40,200,-50,0,0,-50,25,1,30,10,-50,-10,200,5,30,20,5,-50,-25
68375da5-268b-4a9b-a93a-b9be85a69974,Commercial,C314_1_1,2,400,200,200,400,0,21.2,513.94452,11.76252,546.90704,0,280844,302.8,212598.908,55.80564,212957.5136,-2000,2,-195,-5,0,-200,50,-20,-49,-1,0,-50,0,1,-2,-28,0,-30,25,-50,-1,-9,0,-10,0,1,2,8,0,10,10,30,1,1,0,2,-75,2,-40,0,0,-40,200,-50,0,0,-50,25,1,30,10,-50,-10,200,5,30,20,5,-50,-25
37a22b56-fdee-4d8c-b3c2-cff6283db5fb,Commercial,C61_1_1,2,400,200,200,400,0,21.2,513.94452,11.76252,546.90704,0,280844,302.8,212598.908,55.80564,212957.5136,-2000,2,-195,-5,0,-200,50,-20,-49,-1,0,-50,0,1,-2,-28,0,-30,25,-50,-1,-9,0,-10,0,1,2,8,0,10,10,30,1,1,0,2,-75,2,-40,0,0,-40,200,-50,0,0,-50,25,1,30,10,-50,-10,200,5,30,20,5,-50,-25
fac53122-9bf0-4c23-af45-f154331db4fd,Commercial,C308_1_1,2,400,200,200,400,0,21.2,513.94452,11.76252,546.90704,0,280844,302.8,212598.908,55.80564,212957.5136,-2000,2,-195,-5,0,-200,50,-20,-49,-1,0,-50,0,1,-2,-28,0,-30,25,-50,-1,-9,0,-10,0,1,2,8,0,10,10,30,1,1,0,2,-75,2,-40,0,0,-40,200,-50,0,0,-50,25,1,30,10,-50,-10,200,5,30,20,5,-50,-25
d1dd046b-1eb7-4e8b-b4c3-c662f3413c4a,Commercial,C59_1_1,2,400,200,200,400,0,21.2,513.94452,11.76252,546.90704,0,280844,302.8,212598.908,55.80564,212957.5136,-2000,2,-195,-5,0,-200,50,-20,-49,-1,0,-50,0,1,-2,-28,0,-30,25,-50,-1,-9,0,-10,0,1,2,8,0,10,10,30,1,1,0,2,-75,2,-40,0,0,-40,200,-50,0,0,-50,25,1,30,10,-50,-10,200,5,30,20,5,-50,-25
46190835-8605-468f-ab6f-4bc1c523087e,Commercial,C174_1_1,2,400,200,200,400,0,21.2,513.94452,11.76252,546.90704,0,280844,302.8,212598.908,55.80564,212957.5136,-2000,2,-195,-5,0,-200,50,-20,-49,-1,0,-50,0,1,-2,-28,0,-30,25,-50,-1,-9,0,-10,0,1,2,8,0,10,10,30,1,1,0,2,-75,2,-40,0,0,-40,200,-50,0,0,-50,25,1,30,10,-50,-10,200,5,30,20,5,-50,-25
2dc102fd-e92c-4e32-a63e-b6f6d361134c,Commercial,C312_1_1,2,400,200,200,400,0,21.2,513.94452,11.76252,546.90704,0,280844,302.8,212598.908,55.80564,212957.5136,-2000,2,-195,-5,0,-200,50,-20,-49,-1,0,-50,0,1,-2,-28,0,-30,25,-50,-1,-9,0,-10,0,1,2,8,0,10,10,30,1,1,0,2,-75,2,-40,0,0,-40,200,-50,0,0,-50,25,1,30,10,-50,-10,200,5,30,20,5,-50,-25
424115fb-fd51-4ee9-af12-d7c1a5963f51,Commercial,C354_1_1,2,400,200,200,400,0,21.2,513.94452,11.76252,546.90704,0,280844,302.8,212598.908,55.80564,212957.5136,-2000,2,-195,-5,0,-200,50,-20,-49,-1,0,-50,0,1,-2,-28,0,-30,25,-50,-1,-9,0,-10,0,1,2,8,0,10,10,30,1,1,0,2,-75,2,-40,0,0,-40,200,-50,0,0,-50,25,1,30,10,-50,-10,200,5,30,20,5,-50,-25
4da540cd-0ac8-44a8-9a5f-8768519a0a45,Commercial,C126_1_1,2,400,200,200,400,0,21.2,513.94452,11.76252,546.90704,0,280844,302.8,212598.908,55.80564,212957.5136,-2000,2,-195,-5,0,-200,50,-20,-49,-1,0,-50,0,1,-2,-28,0,-30,25,-50,-1,-9,0,-10,0,1,2,8,0,10,10,30,1,1,0,2,-75,2,-40,0,0,-40,200,-50,0,0,-50,25,1,30,10,-50,-10,200,5,30,20,5,-50,-25
96fa4862-0212-4ad8-8c8a-87940cb35f97,Commercial,C205_1_1,2,400,200,200,400,0,21.2,513.94452,11.76252,546.90704,0,280844,302.8,212598.908,55.80564,212957.5136,-2000,2,-195,-5,0,-200,50,-20,-49,-1,0,-50,0,1,-2,-28,0,-30,25,-50,-1,-9,0,-10,0,1,2,8,0,10,10,30,1,1,0,2,-75,2,-40,0,0,-40,200,-50,0,0,-50,25,1,30,10,-50,-10,200,5,30,20,5,-50,-25
bb703636-4998-4f9a-824f-4072d5469f6a,Commercial,C188_1_1,2,400,200,200,400,0,21.2,513.94452,11.76252,546.90704,0,280844,302.8,212598.908,55.80564,212957.5136,-2000,2,-195,-5,0,-200,50,-20,-49,-1,0,-50,0,1,-2,-28,0,-30,25,-50,-1,-9,0,-10,0,1,2,8,0,10,10,30,1,1,0,2,-75,2,-40,0,0,-40,200,-50,0,0,-50,25,1,30,10,-50,-10,200,5,30,20,5,-50,-25
94883a1c-b209-4b9d-b2a9-be86b7193c2c,Commercial,C47_1_1,2,400,200,200,400,0,21.2,513.94452,11.76252,546.90704,0,280844,302.8,212598.908,55.80564,212957.5136,-2000,2,-195,-5,0,-200,50,-20,-49,-1,0,-50,0,1,-2,-28,0,-30,25,-50,-1,-9,0,-10,0,1,2,8,0,10,10,30,1,1,0,2,-75,2,-40,0,0,-40,200,-50,0,0,-50,25,1,30,10,-50,-10,200,5,30,20,5,-50,-25
e51e99c5-ff37-48b1-8e2d-3f167f687e58,Commercial,C56_1_1,2,400,200,200,400,0,21.2,513.94452,11.76252,546.90704,0,280844,302.8,212598.908,55.80564,212957.5136,-2000,2,-195,-5,0,-200,50,-20,-49,-1,0,-50,0,1,-2,-28,0,-30,25,-50,-1,-9,0,-10,0,1,2,8,0,10,10,30,1,1,0,2,-75,2,-40,0,0,-40,200,-50,0,0,-50,25,1,30,10,-50,-10,200,5,30,20,5,-50,-25
13b59708-b269-41e9-b483-64eec884e469,Commercial,C118_1_1,2,400,200,200,400,0,21.2,513.94452,11.76252,546.90704,0,280844,302.8,212598.908,55.80564,212957.5136,-2000,2,-195,-5,0,-200,50,-20,-49,-1,0,-50,0,1,-2,-28,0,-30,25,-50,-1,-9,0,-10,0,1,2,8,0,10,10,30,1,1,0,2,-75,2,-40,0,0,-40,200,-50,0,0,-50,25,1,30,10,-50,-10,200,5,30,20,5,-50,-25
75675fc7-ac85-4de5-a483-23445305b4eb,Commercial,C23_1_1,2,400,200,200,400,0,21.2,513.94452,11.76252,546.90704,0,280844,302.8,212598.908,55.80564,212957.5136,-2000,2,-195,-5,0,-200,50,-20,-49,-1,0,-50,0,1,-2,-28,0,-30,25,-50,-1,-9,0,-10,0,1,2,8,0,10,10,30,1,1,0,2,-75,2,-40,0,0,-40,200,-50,0,0,-50,25,1,30,10,-50,-10,200,5,30,20,5,-50,-25
bf7496bb-8f95-4ce1-9ddc-a25d9bd9e789,Commercial,C168_1_1,2,400,200,200,400,0,21.2,513.94452,11.76252,546.90704,0,280844,302.8,212598.908,55.80564,212957.5136,-2000,2,-195,-5,0,-200,50,-20,-49,-1,0,-50,0,1,-2,-28,0,-30,25,-50,-1,-9,0,-10,0,1,2,8,0,10,10,30,1,1,0,2,-75,2,-40,0,0,-40,200,-50,0,0,-50,25,1,30,10,-50,-10,200,5,30,20,5,-50,-25
45ffbcdf-0975-4646-a7c9-3fc9a5157513,Commercial,C150_1_1,2,400,200,200,400,0,21.2,513.94452,11.76252,546.90704,0,280844,302.8,212598.908,55.80564,212957.5136,-2000,2,-195,-5,0,-200,50,-20,-49,-1,0,-50,0,1,-2,-28,0,-30,25,-50,-1,-9,0,-10,0,1,2,8,0,10,10,30,1,1,0,2,-75,2,-40,0,0,-40,200,-50,0,0,-50,25,1,30,10,-50,-10,200,5,30,20,5,-50,-25
ae346987-a2a5-4d7f-9907-076a51266a20,Commercial,C53_1_1,2,400,200,200,400,0,21.2,513.94452,11.76252,546.90704,0,280844,302.8,212598.908,55.80564,212957.5136,-2000,2,-195,-5,0,-200,50,-20,-49,-1,0,-50,0,1,-2,-28,0,-30,25,-50,-1,-9,0,-10,0,1,2,8,0,10,10,30,1,1,0,2,-75,2,-40,0,0,-40,200,-50,0,0,-50,25,1,30,10,-50,-10,200,5,30,20,5,-50,-25
3bea3512-e297-4eff-bcc2-a64dcfc86c84,Commercial,C199_1_1,2,400,200,200,400,0,21.2,513.94452,11.76252,546.90704,0,280844,302.8,212598.908,55.80564,212957.5136,-2000,2,-195,-5,0,-200,50,-20,-49,-1,0,-50,0,1,-2,-28,0,-30,25,-50,-1,-9,0,-10,0,1,2,8,0,10,10,30,1,1,0,2,-75,2,-40,0,0,-40,200,-50,0,0,-50,25,1,30,10,-50,-10,200,5,30,20,5,-50,-25
b6d08d72-05fc-474c-ad71-264bc9a4b1f1,Commercial,C131_1_1,2,400,200,200,400,0,21.2,513.94452,11.76252,546.90704,0,280844,302.8,212598.908,55.80564,212957.5136,-2000,2,-195,-5,0,-200,50,-20,-49,-1,0,-50,0,1,-2,-28,0,-30,25,-50,-1,-9,0,-10,0,1,2,8,0,10,10,30,1,1,0,2,-75,2,-40,0,0,-40,200,-50,0,0,-50,25,1,30,10,-50,-10,200,5,30,20,5,-50,-25
63028bee-bf4e-499b-8eaa-72ef555143a1,Commercial,C218_1_1,2,400,200,200,400,0,21.2,513.94452,11.76252,546.90704,0,280844,302.8,212598.908,55.80564,212957.5136,-2000,2,-195,-5,0,-200,50,-20,-49,-1,0,-50,0,1,-2,-28,0,-30,25,-50,-1,-9,0,-10,0,1,2,8,0,10,10,30,1,1,0,2,-75,2,-40,0,0,-40,200,-50,0,0,-50,25,1,30,10,-50,-10,200,5,30,20,5,-50,-25
07a4c353-c2b2-4943-a621-e52fdbd81493,Commercial,C265_1_1,2,400,200,200,400,0,21.2,513.94452,11.76252,546.90704,0,280844,302.8,212598.908,55.80564,212957.5136,-2000,2,-195,-5,0,-200,50,-20,-49,-1,0,-50,0,1,-2,-28,0,-30,25,-50,-1,-9,0,-10,0,1,2,8,0,10,10,30,1,1,0,2,-75,2,-40,0,0,-40,200,-50,0,0,-50,25,1,30,10,-50,-10,200,5,30,20,5,-50,-25
573314bf-ee1b-4118-8b4e-8793bc29c7c6,Commercial,C362_1_1,2,400,200,200,400,0,21.2,513.94452,11.76252,546.90704,0,280844,302.8,212598.908,55.80564,212957.5136,-2000,2,-195,-5,0,-200,50,-20,-49,-1,0,-50,0,1,-2,-28,0,-30,25,-50,-1,-9,0,-10,0,1,2,8,0,10,10,30,1,1,0,2,-75,2,-40,0,0,-40,200,-50,0,0,-50,25,1,30,10,-50,-10,200,5,30,20,5,-50,-25
b7f5f4b6-28fb-4ffd-83f8-d04b3b9fd06d,Commercial,C292_1_1,2,400,200,200,400,0,21.2,513.94452,11.76252,546.90704,0,280844,302.8,212598.908,55.80564,212957.5136,-2000,2,-195,-5,0,-200,50,-20,-49,-1,0,-50,0,1,-2,-28,0,-30,25,-50,-1,-9,0,-10,0,1,2,8,0,10,10,30,1,1,0,2,-75,2,-40,0,0,-40,200,-50,0,0,-50,25,1,30,10,-50,-10,200,5,30,20,5,-50,-25
c89f2029-4a19-4664-a0fe-36d376a93457,Commercial,C322_1_1,2,400,200,200,400,0,21.2,513.94452,11.76252,546.90704,0,280844,302.8,212598.908,55.80564,212957.5136,-2000,2,-195,-5,0,-200,50,-20,-49,-1,0,-50,0,1,-2,-28,0,-30,25,-50,-1,-9,0,-10,0,1,2,8,0,10,10,30,1,1,0,2,-75,2,-40,0,0,-40,200,-50,0,0,-50,25,1,30,10,-50,-10,200,5,30,20,5,-50,-25
2547a2bb-8a81-439c-817b-bda58eb83db1,Commercial,C270_1_1,2,400,200,200,400,0,21.2,513.94452,11.76252,546.90704,0,280844,302.8,212598.908,55.80564,212957.5136,-2000,2,-195,-5,0,-200,50,-20,-49,-1,0,-50,0,1,-2,-28,0,-30,25,-50,-1,-9,0,-10,0,1,2,8,0,10,10,30,1,1,0,2,-75,2,-40,0,0,-40,200,-50,0,0,-50,25,1,30,10,-50,-10,200,5,30,20,5,-50,-25
9410cad0-2f3f-4a23-81c8-dc145f07bce1,Commercial,C109_1_1,2,400,200,200,400,0,21.2,513.94452,11.76252,546.90704,0,280844,302.8,212598.908,55.80564,212957.5136,-2000,2,-195,-5,0,-200,50,-20,-49,-1,0,-50,0,1,-2,-28,0,-30,25,-50,-1,-9,0,-10,0,1,2,8,0,10,10,30,1,1,0,2,-75,2,-40,0,0,-40,200,-50,0,0,-50,25,1,30,10,-50,-10,200,5,30,20,5,-50,-25
b36cd0d2-f9ee-4e58-991c-90b9842b86e4,Commercial,C242_1_1,2,400,200,200,400,0,21.2,513.94452,11.76252,546.90704,0,280844,302.8,212598.908,55.80564,212957.5136,-2000,2,-195,-5,0,-200,50,-20,-49,-1,0,-50,0,1,-2,-28,0,-30,25,-50,-1,-9,0,-10,0,1,2,8,0,10,10,30,1,1,0,2,-75,2,-40,0,0,-40,200,-50,0,0,-50,25,1,30,10,-50,-10,200,5,30,20,5,-50,-25
95279f6c-c1d4-48c4-8221-5d7a6cb70267,Commercial,C376_1_1,2,400,200,200,400,0,21.2,513.94452,11.76252,546.90704,0,280844,302.8,212598.908,55.80564,212957.5136,-2000,2,-195,-5,0,-200,50,-20,-49,-1,0,-50,0,1,-2,-28,0,-30,25,-50,-1,-9,0,-10,0,1,2,8,0,10,10,30,1,1,0,2,-75,2,-40,0,0,-40,200,-50,0,0,-50,25,1,30,10,-50,-10,200,5,30,20,5,-50,-25
b51f1f77-09da-4131-8e86-f9e9491d5be6,Commercial,C159_1_1,2,400,200,200,400,0,21.2,513.94452,11.76252,546.90704,0,280844,302.8,212598.908,55.80564,212957.5136,-2000,2,-195,-5,0,-200,50,-20,-49,-1,0,-50,0,1,-2,-28,0,-30,25,-50,-1,-9,0,-10,0,1,2,8,0,10,10,30,1,1,0,2,-75,2,-40,0,0,-40,200,-50,0,0,-50,25,1,30,10,-50,-10,200,5,30,20,5,-50,-25
871df707-c386-406e-8063-404acfbd34d9,Commercial,C33_1_1,2,400,200,200,400,0,21.2,513.94452,11.76252,546.90704,0,280844,302.8,212598.908,55.80564,212957.5136,-2000,2,-195,-5,0,-200,50,-20,-49,-1,0,-50,0,1,-2,-28,0,-30,25,-50,-1,-9,0,-10,0,1,2,8,0,10,10,30,1,1,0,2,-75,2,-40,0,0,-40,200,-50,0,0,-50,25,1,30,10,-50,-10,200,5,30,20,5,-50,-25
675dd0fc-4679-490c-b931-77d7f596cc7e,Commercial,C96_1_1,2,400,200,200,400,0,21.2,513.94452,11.76252,546.90704,0,280844,302.8,212598.908,55.80564,212957.5136,-2000,2,-195,-5,0,-200,50,-20,-49,-1,0,-50,0,1,-2,-28,0,-30,25,-50,-1,-9,0,-10,0,1,2,8,0,10,10,30,1,1,0,2,-75,2,-40,0,0,-40,200,-50,0,0,-50,25,1,30,10,-50,-10,200,5,30,20,5,-50,-25
453b39b2-3ee3-40dd-81ef-2c8b4bc626dc,Commercial,C143_1_1,2,400,200,200,400,0,21.2,513.94452,11.76252,546.90704,0,280844,302.8,212598.908,55.80564,212957.5136,-2000,2,-195,-5,0,-200,50,-20,-49,-1,0,-50,0,1,-2,-28,0,-30,25,-50,-1,-9,0,-10,0,1,2,8,0,10,10,30,1,1,0,2,-75,2,-40,0,0,-40,200,-50,0,0,-50,25,1,30,10,-50,-10,200,5,30,20,5,-50,-25
23cfeb92-269d-41b0-a776-40475c9ee1bd,Commercial,C331_1_1,2,400,200,200,400,0,21.2,513.94452,11.76252,546.90704,0,280844,302.8,212598.908,55.80564,212957.5136,-2000,2,-195,-5,0,-200,50,-20,-49,-1,0,-50,0,1,-2,-28,0,-30,25,-50,-1,-9,0,-10,0,1,2,8,0,10,10,30,1,1,0,2,-75,2,-40,0,0,-40,200,-50,0,0,-50,25,1,30,10,-50,-10,200,5,30,20,5,-50,-25
443aceaf-7256-495c-8a2e-bcdaef0e7ac3,Commercial,C183_1_1,2,400,200,200,400,0,21.2,513.94452,11.76252,546.90704,0,280844,302.8,212598.908,55.80564,212957.5136,-2000,2,-195,-5,0,-200,50,-20,-49,-1,0,-50,0,1,-2,-28,0,-30,25,-50,-1,-9,0,-10,0,1,2,8,0,10,10,30,1,1,0,2,-75,2,-40,0,0,-40,200,-50,0,0,-50,25,1,30,10,-50,-10,200,5,30,20,5,-50,-25
50bc144e-6f12-4ed2-8be0-83d6f8135c3d,Commercial,C66_1_1,2,400,200,200,400,0,21.2,513.94452,11.76252,546.90704,0,280844,302.8,212598.908,55.80564,212957.5136,-2000,2,-195,-5,0,-200,50,-20,-49,-1,0,-50,0,1,-2,-28,0,-30,25,-50,-1,-9,0,-10,0,1,2,8,0,10,10,30,1,1,0,2,-75,2,-40,0,0,-40,200,-50,0,0,-50,25,1,30,10,-50,-10,200,5,30,20,5,-50,-25
9d2078b2-99f3-4855-81b4-ca5d129db9d8,Commercial,C216_1_1,2,400,200,200,400,0,21.2,513.94452,11.76252,546.90704,0,280844,302.8,212598.908,55.80564,212957.5136,-2000,2,-195,-5,0,-200,50,-20,-49,-1,0,-50,0,1,-2,-28,0,-30,25,-50,-1,-9,0,-10,0,1,2,8,0,10,10,30,1,1,0,2,-75,2,-40,0,0,-40,200,-50,0,0,-50,25,1,30,10,-50,-10,200,5,30,20,5,-50,-25
ce38d8e1-9fa8-42f2-a4f1-8fe1e7a6ad76,Commercial,C38_1_1,2,400,200,200,400,0,21.2,513.94452,11.76252,546.90704,0,280844,302.8,212598.908,55.80564,212957.5136,-2000,2,-195,-5,0,-200,50,-20,-49,-1,0,-50,0,1,-2,-28,0,-30,25,-50,-1,-9,0,-10,0,1,2,8,0,10,10,30,1,1,0,2,-75,2,-40,0,0,-40,200,-50,0,0,-50,25,1,30,10,-50,-10,200,5,30,20,5,-50,-25
ff2b2660-106d-46dc-951d-1ebcef589ca6,Commercial,C94_1_1,2,400,200,200,400,0,21.2,513.94452,11.76252,546.90704,0,280844,302.8,212598.908,55.80564,212957.5136,-2000,2,-195,-5,0,-200,50,-20,-49,-1,0,-50,0,1,-2,-28,0,-30,25,-50,-1,-9,0,-10,0,1,2,8,0,10,10,30,1,1,0,2,-75,2,-40,0,0,-40,200,-50,0,0,-50,25,1,30,10,-50,-10,200,5,30,20,5,-50,-25
8c9d7eff-c0f3-47cf-8f38-2d39d5b41cd8,Commercial,C250_1_1,2,400,200,200,400,0,21.2,513.94452,11.76252,546.90704,0,280844,302.8,212598.908,55.80564,212957.5136,-2000,2,-195,-5,0,-200,50,-20,-49,-1,0,-50,0,1,-2,-28,0,-30,25,-50,-1,-9,0,-10,0,1,2,8,0,10,10,30,1,1,0,2,-75,2,-40,0,0,-40,200,-50,0,0,-50,25,1,30,10,-50,-10,200,5,30,20,5,-50,-25
1277c836-0fc1-4f59-8279-62ad64f749d9,Commercial,C364_1_1,2,400,200,200,400,0,21.2,513.94452,11.76252,546.90704,0,280844,302.8,212598.908,55.80564,212957.5136,-2000,2,-195,-5,0,-200,50,-20,-49,-1,0,-50,0,1,-2,-28,0,-30,25,-50,-1,-9,0,-10,0,1,2,8,0,10,10,30,1,1,0,2,-75,2,-40,0,0,-40,200,-50,0,0,-50,25,1,30,10,-50,-10,200,5,30,20,5,-50,-25
b4b1b173-d05f-4581-88ac-c57405068b85,Commercial,C226_1_1,2,400,200,200,400,0,21.2,513.94452,11.76252,546.90704,0,280844,302.8,212598.908,55.80564,212957.5136,-2000,2,-195,-5,0,-200,50,-20,-49,-1,0,-50,0,1,-2,-28,0,-30,25,-50,-1,-9,0,-10,0,1,2,8,0,10,10,30,1,1,0,2,-75,2,-40,0,0,-40,200,-50,0,0,-50,25,1,30,10,-50,-10,200,5,30,20,5,-50,-25
205bdd04-4717-4fa6-a5fe-7e76d8a8bf73,Commercial,C2_1_1,2,400,200,200,400,0,21.2,513.94452,11.76252,546.90704,0,280844,302.8,212598.908,55.80564,212957.5136,-2000,2,-195,-5,0,-200,50,-20,-49,-1,0,-50,0,1,-2,-28,0,-30,25,-50,-1,-9,0,-10,0,1,2,8,0,10,10,30,1,1,0,2,-75,2,-40,0,0,-40,200,-50,0,0,-50,25,1,30,10,-50,-10,200,5,30,20,5,-50,-25
0adc61c2-4138-4c17-a15e-5f72e3e12157,Commercial,C346_1_1,2,400,200,200,400,0,21.2,513.94452,11.76252,546.90704,0,280844,302.8,212598.908,55.80564,212957.5136,-2000,2,-195,-5,0,-200,50,-20,-49,-1,0,-50,0,1,-2,-28,0,-30,25,-50,-1,-9,0,-10,0,1,2,8,0,10,10,30,1,1,0,2,-75,2,-40,0,0,-40,200,-50,0,0,-50,25,1,30,10,-50,-10,200,5,30,20,5,-50,-25
2e76b966-9857-4bce-993a-bd219c2b4026,Commercial,C179_1_1,2,400,200,200,400,0,21.2,513.94452,11.76252,546.90704,0,280844,302.8,212598.908,55.80564,212957.5136,-2000,2,-195,-5,0,-200,50,-20,-49,-1,0,-50,0,1,-2,-28,0,-30,25,-50,-1,-9,0,-10,0,1,2,8,0,10,10,30,1,1,0,2,-75,2,-40,0,0,-40,200,-50,0,0,-50,25,1,30,10,-50,-10,200,5,30,20,5,-50,-25
e925b969-3d98-4297-a512-5f826d39d499,Commercial,C67_1_1,2,400,200,200,400,0,21.2,513.94452,11.76252,546.90704,0,280844,302.8,212598.908,55.80564,212957.5136,-2000,2,-195,-5,0,-200,50,-20,-49,-1,0,-50,0,1,-2,-28,0,-30,25,-50,-1,-9,0,-10,0,1,2,8,0,10,10,30,1,1,0,2,-75,2,-40,0,0,-40,200,-50,0,0,-50,25,1,30,10,-50,-10,200,5,30,20,5,-50,-25
06c8290c-536a-4426-9f02-319f392ff5b0,Commercial,C173_1_1,2,400,200,200,400,0,21.2,513.94452,11.76252,546.90704,0,280844,302.8,212598.908,55.80564,212957.5136,-2000,2,-195,-5,0,-200,50,-20,-49,-1,0,-50,0,1,-2,-28,0,-30,25,-50,-1,-9,0,-10,0,1,2,8,0,10,10,30,1,1,0,2,-75,2,-40,0,0,-40,200,-50,0,0,-50,25,1,30,10,-50,-10,200,5,30,20,5,-50,-25
7dc4da48-4b4f-4299-bfa3-59aa8c6e2279,Commercial,C44_1_1,2,400,200,200,400,0,21.2,513.94452,11.76252,546.90704,0,280844,302.8,212598.908,55.80564,212957.5136,-2000,2,-195,-5,0,-200,50,-20,-49,-1,0,-50,0,1,-2,-28,0,-30,25,-50,-1,-9,0,-10,0,1,2,8,0,10,10,30,1,1,0,2,-75,2,-40,0,0,-40,200,-50,0,0,-50,25,1,30,10,-50,-10,200,5,30,20,5,-50,-25
fcd17309-063c-44c0-8f66-d6da057fd047,Commercial,C40_1_1,2,400,200,200,400,0,21.2,513.94452,11.76252,546.90704,0,280844,302.8,212598.908,55.80564,212957.5136,-2000,2,-195,-5,0,-200,50,-20,-49,-1,0,-50,0,1,-2,-28,0,-30,25,-50,-1,-9,0,-10,0,1,2,8,0,10,10,30,1,1,0,2,-75,2,-40,0,0,-40,200,-50,0,0,-50,25,1,30,10,-50,-10,200,5,30,20,5,-50,-25
5f7f4827-3eab-4088-b9d1-aba06346697d,Commercial,C303_1_1,2,400,200,200,400,0,21.2,513.94452,11.76252,546.90704,0,280844,302.8,212598.908,55.80564,212957.5136,-2000,2,-195,-5,0,-200,50,-20,-49,-1,0,-50,0,1,-2,-28,0,-30,25,-50,-1,-9,0,-10,0,1,2,8,0,10,10,30,1,1,0,2,-75,2,-40,0,0,-40,200,-50,0,0,-50,25,1,30,10,-50,-10,200,5,30,20,5,-50,-25
f7631274-875a-45f5-98c9-f06f4d748cef,Commercial,C304_1_1,2,400,200,200,400,0,21.2,513.94452,11.76252,546.90704,0,280844,302.8,212598.908,55.80564,212957.5136,-2000,2,-195,-5,0,-200,50,-20,-49,-1,0,-50,0,1,-2,-28,0,-30,25,-50,-1,-9,0,-10,0,1,2,8,0,10,10,30,1,1,0,2,-75,2,-40,0,0,-40,200,-50,0,0,-50,25,1,30,10,-50,-10,200,5,30,20,5,-50,-25
f4ed8139-cd78-4111-b080-9068697149dc,Commercial,C130_1_1,2,400,200,200,400,0,21.2,513.94452,11.76252,546.90704,0,280844,302.8,212598.908,55.80564,212957.5136,-2000,2,-195,-5,0,-200,50,-20,-49,-1,0,-50,0,1,-2,-28,0,-30,25,-50,-1,-9,0,-10,0,1,2,8,0,10,10,30,1,1,0,2,-75,2,-40,0,0,-40,200,-50,0,0,-50,25,1,30,10,-50,-10,200,5,30,20,5,-50,-25
d782eb97-6043-47b5-920a-04d99731d7ba,Commercial,C194_1_1,2,400,200,200,400,0,21.2,513.94452,11.76252,546.90704,0,280844,302.8,212598.908,55.80564,212957.5136,-2000,2,-195,-5,0,-200,50,-20,-49,-1,0,-50,0,1,-2,-28,0,-30,25,-50,-1,-9,0,-10,0,1,2,8,0,10,10,30,1,1,0,2,-75,2,-40,0,0,-40,200,-50,0,0,-50,25,1,30,10,-50,-10,200,5,30,20,5,-50,-25
44011d85-0e1b-434a-a7b7-a98257cf983d,Commercial,C54_1_1,2,400,200,200,400,0,21.2,513.94452,11.76252,546.90704,0,280844,302.8,212598.908,55.80564,212957.5136,-2000,2,-195,-5,0,-200,50,-20,-49,-1,0,-50,0,1,-2,-28,0,-30,25,-50,-1,-9,0,-10,0,1,2,8,0,10,10,30,1,1,0,2,-75,2,-40,0,0,-40,200,-50,0,0,-50,25,1,30,10,-50,-10,200,5,30,20,5,-50,-25
2b00c01b-d582-43d7-ba87-68f90c24fa63,Commercial,C62_1_1,2,400,200,200,400,0,21.2,513.94452,11.76252,546.90704,0,280844,302.8,212598.908,55.80564,212957.5136,-2000,2,-195,-5,0,-200,50,-20,-49,-1,0,-50,0,1,-2,-28,0,-30,25,-50,-1,-9,0,-10,0,1,2,8,0,10,10,30,1,1,0,2,-75,2,-40,0,0,-40,200,-50,0,0,-50,25,1,30,10,-50,-10,200,5,30,20,5,-50,-25
2370d027-a794-4208-a469-6fe3085c9caa,Commercial,C147_1_1,2,400,200,200,400,0,21.2,513.94452,11.76252,546.90704,0,280844,302.8,212598.908,55.80564,212957.5136,-2000,2,-195,-5,0,-200,50,-20,-49,-1,0,-50,0,1,-2,-28,0,-30,25,-50,-1,-9,0,-10,0,1,2,8,0,10,10,30,1,1,0,2,-75,2,-40,0,0,-40,200,-50,0,0,-50,25,1,30,10,-50,-10,200,5,30,20,5,-50,-25
450aa2ab-b034-4905-b856-ed5e7e9645a0,Commercial,C286_1_1,2,400,200,200,400,0,21.2,513.94452,11.76252,546.90704,0,280844,302.8,212598.908,55.80564,212957.5136,-2000,2,-195,-5,0,-200,50,-20,-49,-1,0,-50,0,1,-2,-28,0,-30,25,-50,-1,-9,0,-10,0,1,2,8,0,10,10,30,1,1,0,2,-75,2,-40,0,0,-40,200,-50,0,0,-50,25,1,30,10,-50,-10,200,5,30,20,5,-50,-25
f882c85c-507b-4caa-b8ae-996fac577e63,Commercial,C269_1_1,2,400,200,200,400,0,21.2,513.94452,11.76252,546.90704,0,280844,302.8,212598.908,55.80564,212957.5136,-2000,2,-195,-5,0,-200,50,-20,-49,-1,0,-50,0,1,-2,-28,0,-30,25,-50,-1,-9,0,-10,0,1,2,8,0,10,10,30,1,1,0,2,-75,2,-40,0,0,-40,200,-50,0,0,-50,25,1,30,10,-50,-10,200,5,30,20,5,-50,-25
66362c97-79dc-49b5-a9dd-0de0b31e5c05,Commercial,C105_1_1,2,400,200,200,400,0,21.2,513.94452,11.76252,546.90704,0,280844,302.8,212598.908,55.80564,212957.5136,-2000,2,-195,-5,0,-200,50,-20,-49,-1,0,-50,0,1,-2,-28,0,-30,25,-50,-1,-9,0,-10,0,1,2,8,0,10,10,30,1,1,0,2,-75,2,-40,0,0,-40,200,-50,0,0,-50,25,1,30,10,-50,-10,200,5,30,20,5,-50,-25
bcd6e5ee-406b-474d-83d9-6cfb28b58b6a,Commercial,C90_1_1,2,400,200,200,400,0,21.2,513.94452,11.76252,546.90704,0,280844,302.8,212598.908,55.80564,212957.5136,-2000,2,-195,-5,0,-200,50,-20,-49,-1,0,-50,0,1,-2,-28,0,-30,25,-50,-1,-9,0,-10,0,1,2,8,0,10,10,30,1,1,0,2,-75,2,-40,0,0,-40,200,-50,0,0,-50,25,1,30,10,-50,-10,200,5,30,20,5,-50,-25
bb98dd87-9eea-4963-9732-6cc1b3a6cf3c,Commercial,C117_1_1,2,400,200,200,400,0,21.2,513.94452,11.76252,546.90704,0,280844,302.8,212598.908,55.80564,212957.5136,-2000,2,-195,-5,0,-200,50,-20,-49,-1,0,-50,0,1,-2,-28,0,-30,25,-50,-1,-9,0,-10,0,1,2,8,0,10,10,30,1,1,0,2,-75,2,-40,0,0,-40,200,-50,0,0,-50,25,1,30,10,-50,-10,200,5,30,20,5,-50,-25
acfb46a1-373c-4f79-9b62-bc127c4657be,Commercial,C39_1_1,2,400,200,200,400,0,21.2,513.94452,11.76252,546.90704,0,280844,302.8,212598.908,55.80564,212957.5136,-2000,2,-195,-5,0,-200,50,-20,-49,-1,0,-50,0,1,-2,-28,0,-30,25,-50,-1,-9,0,-10,0,1,2,8,0,10,10,30,1,1,0,2,-75,2,-40,0,0,-40,200,-50,0,0,-50,25,1,30,10,-50,-10,200,5,30,20,5,-50,-25
02de1dd2-f8cf-40cd-9aa3-86abb24072ae,Commercial,C363_1_1,2,400,200,200,400,0,21.2,513.94452,11.76252,546.90704,0,280844,302.8,212598.908,55.80564,212957.5136,-2000,2,-195,-5,0,-200,50,-20,-49,-1,0,-50,0,1,-2,-28,0,-30,25,-50,-1,-9,0,-10,0,1,2,8,0,10,10,30,1,1,0,2,-75,2,-40,0,0,-40,200,-50,0,0,-50,25,1,30,10,-50,-10,200,5,30,20,5,-50,-25
247b3616-d5c7-4b0a-8e16-d30af4d9fccc,Commercial,C55_1_1,2,400,200,200,400,0,21.2,513.94452,11.76252,546.90704,0,280844,302.8,212598.908,55.80564,212957.5136,-2000,2,-195,-5,0,-200,50,-20,-49,-1,0,-50,0,1,-2,-28,0,-30,25,-50,-1,-9,0,-10,0,1,2,8,0,10,10,30,1,1,0,2,-75,2,-40,0,0,-40,200,-50,0,0,-50,25,1,30,10,-50,-10,200,5,30,20,5,-50,-25
1bf57959-3cc0-4fe3-8daa-aa8425222242,Commercial,C381_1_1,2,400,200,200,400,0,21.2,513.94452,11.76252,546.90704,0,280844,302.8,212598.908,55.80564,212957.5136,-2000,2,-195,-5,0,-200,50,-20,-49,-1,0,-50,0,1,-2,-28,0,-30,25,-50,-1,-9,0,-10,0,1,2,8,0,10,10,30,1,1,0,2,-75,2,-40,0,0,-40,200,-50,0,0,-50,25,1,30,10,-50,-10,200,5,30,20,5,-50,-25
faf0d95e-0eec-4877-bf86-7b614aba09b1,Commercial,C191_1_1,2,400,200,200,400,0,21.2,513.94452,11.76252,546.90704,0,280844,302.8,212598.908,55.80564,212957.5136,-2000,2,-195,-5,0,-200,50,-20,-49,-1,0,-50,0,1,-2,-28,0,-30,25,-50,-1,-9,0,-10,0,1,2,8,0,10,10,30,1,1,0,2,-75,2,-40,0,0,-40,200,-50,0,0,-50,25,1,30,10,-50,-10,200,5,30,20,5,-50,-25
ee5429fc-588a-4e83-9bac-2935683cc6bc,Commercial,C195_1_1,2,400,200,200,400,0,21.2,513.94452,11.76252,546.90704,0,280844,302.8,212598.908,55.80564,212957.5136,-2000,2,-195,-5,0,-200,50,-20,-49,-1,0,-50,0,1,-2,-28,0,-30,25,-50,-1,-9,0,-10,0,1,2,8,0,10,10,30,1,1,0,2,-75,2,-40,0,0,-40,200,-50,0,0,-50,25,1,30,10,-50,-10,200,5,30,20,5,-50,-25
c2649809-da51-4054-9ffd-4597184cc795,Commercial,C210_1_1,2,400,200,200,400,0,21.2,513.94452,11.76252,546.90704,0,280844,302.8,212598.908,55.80564,212957.5136,-2000,2,-195,-5,0,-200,50,-20,-49,-1,0,-50,0,1,-2,-28,0,-30,25,-50,-1,-9,0,-10,0,1,2,8,0,10,10,30,1,1,0,2,-75,2,-40,0,0,-40,200,-50,0,0,-50,25,1,30,10,-50,-10,200,5,30,20,5,-50,-25
b8be9d44-2126-4340-bbd9-9804042bd6b3,Commercial,C341_1_1,2,400,200,200,400,0,21.2,513.94452,11.76252,546.90704,0,280844,302.8,212598.908,55.80564,212957.5136,-2000,2,-195,-5,0,-200,50,-20,-49,-1,0,-50,0,1,-2,-28,0,-30,25,-50,-1,-9,0,-10,0,1,2,8,0,10,10,30,1,1,0,2,-75,2,-40,0,0,-40,200,-50,0,0,-50,25,1,30,10,-50,-10,200,5,30,20,5,-50,-25
7c574d7c-69f8-4db6-be11-8b0b6ab11403,Commercial,C361_1_1,2,400,200,200,400,0,21.2,513.94452,11.76252,546.90704,0,280844,302.8,212598.908,55.80564,212957.5136,-2000,2,-195,-5,0,-200,50,-20,-49,-1,0,-50,0,1,-2,-28,0,-30,25,-50,-1,-9,0,-10,0,1,2,8,0,10,10,30,1,1,0,2,-75,2,-40,0,0,-40,200,-50,0,0,-50,25,1,30,10,-50,-10,200,5,30,20,5,-50,-25
04474f41-5ea2-4a21-8875-90bafb42e255,Commercial,C152_1_1,2,400,200,200,400,0,21.2,513.94452,11.76252,546.90704,0,280844,302.8,212598.908,55.80564,212957.5136,-2000,2,-195,-5,0,-200,50,-20,-49,-1,0,-50,0,1,-2,-28,0,-30,25,-50,-1,-9,0,-10,0,1,2,8,0,10,10,30,1,1,0,2,-75,2,-40,0,0,-40,200,-50,0,0,-50,25,1,30,10,-50,-10,200,5,30,20,5,-50,-25
9a845c5e-1505-41a1-bb27-edc6054725a5,Commercial,C181_1_1,2,400,200,200,400,0,21.2,513.94452,11.76252,546.90704,0,280844,302.8,212598.908,55.80564,212957.5136,-2000,2,-195,-5,0,-200,50,-20,-49,-1,0,-50,0,1,-2,-28,0,-30,25,-50,-1,-9,0,-10,0,1,2,8,0,10,10,30,1,1,0,2,-75,2,-40,0,0,-40,200,-50,0,0,-50,25,1,30,10,-50,-10,200,5,30,20,5,-50,-25
19cb034d-357a-409d-9024-809db8397704,Commercial,C11_1_1,2,400,200,200,400,0,21.2,513.94452,11.76252,546.90704,0,280844,302.8,212598.908,55.80564,212957.5136,-2000,2,-195,-5,0,-200,50,-20,-49,-1,0,-50,0,1,-2,-28,0,-30,25,-50,-1,-9,0,-10,0,1,2,8,0,10,10,30,1,1,0,2,-75,2,-40,0,0,-40,200,-50,0,0,-50,25,1,30,10,-50,-10,200,5,30,20,5,-50,-25
f42c149f-1e18-47fb-83c2-deef989083c4,Commercial,C297_1_1,2,400,200,200,400,0,21.2,513.94452,11.76252,546.90704,0,280844,302.8,212598.908,55.80564,212957.5136,-2000,2,-195,-5,0,-200,50,-20,-49,-1,0,-50,0,1,-2,-28,0,-30,25,-50,-1,-9,0,-10,0,1,2,8,0,10,10,30,1,1,0,2,-75,2,-40,0,0,-40,200,-50,0,0,-50,25,1,30,10,-50,-10,200,5,30,20,5,-50,-25
5797bd40-145b-4a22-b61c-e95f16655344,Commercial,C326_1_1,2,400,200,200,400,0,21.2,513.94452,11.76252,546.90704,0,280844,302.8,212598.908,55.80564,212957.5136,-2000,2,-195,-5,0,-200,50,-20,-49,-1,0,-50,0,1,-2,-28,0,-30,25,-50,-1,-9,0,-10,0,1,2,8,0,10,10,30,1,1,0,2,-75,2,-40,0,0,-40,200,-50,0,0,-50,25,1,30,10,-50,-10,200,5,30,20,5,-50,-25
97a37d61-7562-49a5-8988-5fd62cbebe1b,Commercial,C48_1_1,2,400,200,200,400,0,21.2,513.94452,11.76252,546.90704,0,280844,302.8,212598.908,55.80564,212957.5136,-2000,2,-195,-5,0,-200,50,-20,-49,-1,0,-50,0,1,-2,-28,0,-30,25,-50,-1,-9,0,-10,0,1,2,8,0,10,10,30,1,1,0,2,-75,2,-40,0,0,-40,200,-50,0,0,-50,25,1,30,10,-50,-10,200,5,30,20,5,-50,-25
43031731-28c1-47c9-8aa5-6ea9f752b276,Commercial,C260_1_1,2,400,200,200,400,0,21.2,513.94452,11.76252,546.90704,0,280844,302.8,212598.908,55.80564,212957.5136,-2000,2,-195,-5,0,-200,50,-20,-49,-1,0,-50,0,1,-2,-28,0,-30,25,-50,-1,-9,0,-10,0,1,2,8,0,10,10,30,1,1,0,2,-75,2,-40,0,0,-40,200,-50,0,0,-50,25,1,30,10,-50,-10,200,5,30,20,5,-50,-25
72908a0b-bcb5-4bff-8bdc-fc18f6ff53ea,Commercial,C114_1_1,2,400,200,200,400,0,21.2,513.94452,11.76252,546.90704,0,280844,302.8,212598.908,55.80564,212957.5136,-2000,2,-195,-5,0,-200,50,-20,-49,-1,0,-50,0,1,-2,-28,0,-30,25,-50,-1,-9,0,-10,0,1,2,8,0,10,10,30,1,1,0,2,-75,2,-40,0,0,-40,200,-50,0,0,-50,25,1,30,10,-50,-10,200,5,30,20,5,-50,-25
251c769b-6032-4519-b789-af0e6c4898ea,Commercial,C240_1_1,2,400,200,200,400,0,21.2,513.94452,11.76252,546.90704,0,280844,302.8,212598.908,55.80564,212957.5136,-2000,2,-195,-5,0,-200,50,-20,-49,-1,0,-50,0,1,-2,-28,0,-30,25,-50,-1,-9,0,-10,0,1,2,8,0,10,10,30,1,1,0,2,-75,2,-40,0,0,-40,200,-50,0,0,-50,25,1,30,10,-50,-10,200,5,30,20,5,-50,-25
5da5172d-f9fd-4ae2-a8a7-bd7837c937e1,Commercial,C334_1_1,2,400,200,200,400,0,21.2,513.94452,11.76252,546.90704,0,280844,302.8,212598.908,55.80564,212957.5136,-2000,2,-195,-5,0,-200,50,-20,-49,-1,0,-50,0,1,-2,-28,0,-30,25,-50,-1,-9,0,-10,0,1,2,8,0,10,10,30,1,1,0,2,-75,2,-40,0,0,-40,200,-50,0,0,-50,25,1,30,10,-50,-10,200,5,30,20,5,-50,-25
f6709113-765a-4744-bf2b-6a8871a95b2a,Commercial,C57_1_1,2,400,200,200,400,0,21.2,513.94452,11.76252,546.90704,0,280844,302.8,212598.908,55.80564,212957.5136,-2000,2,-195,-5,0,-200,50,-20,-49,-1,0,-50,0,1,-2,-28,0,-30,25,-50,-1,-9,0,-10,0,1,2,8,0,10,10,30,1,1,0,2,-75,2,-40,0,0,-40,200,-50,0,0,-50,25,1,30,10,-50,-10,200,5,30,20,5,-50,-25
3e2a5e6e-556c-4ee1-863b-eb9b03cb243d,Commercial,C133_1_1,2,400,200,200,400,0,21.2,513.94452,11.76252,546.90704,0,280844,302.8,212598.908,55.80564,212957.5136,-2000,2,-195,-5,0,-200,50,-20,-49,-1,0,-50,0,1,-2,-28,0,-30,25,-50,-1,-9,0,-10,0,1,2,8,0,10,10,30,1,1,0,2,-75,2,-40,0,0,-40,200,-50,0,0,-50,25,1,30,10,-50,-10,200,5,30,20,5,-50,-25
16b65e40-780d-4d34-a0bb-e17359f95e8a,Commercial,C155_1_1,2,400,200,200,400,0,21.2,513.94452,11.76252,546.90704,0,280844,302.8,212598.908,55.80564,212957.5136,-2000,2,-195,-5,0,-200,50,-20,-49,-1,0,-50,0,1,-2,-28,0,-30,25,-50,-1,-9,0,-10,0,1,2,8,0,10,10,30,1,1,0,2,-75,2,-40,0,0,-40,200,-50,0,0,-50,25,1,30,10,-50,-10,200,5,30,20,5,-50,-25
ae4efd35-07ba-41d3-a3a3-43620720ff0e,Commercial,C128_1_1,2,400,200,200,400,0,21.2,513.94452,11.76252,546.90704,0,280844,302.8,212598.908,55.80564,212957.5136,-2000,2,-195,-5,0,-200,50,-20,-49,-1,0,-50,0,1,-2,-28,0,-30,25,-50,-1,-9,0,-10,0,1,2,8,0,10,10,30,1,1,0,2,-75,2,-40,0,0,-40,200,-50,0,0,-50,25,1,30,10,-50,-10,200,5,30,20,5,-50,-25
e9281450-da9b-4ccd-9063-0dab4012dc7d,Commercial,C45_1_1,2,400,200,200,400,0,21.2,513.94452,11.76252,546.90704,0,280844,302.8,212598.908,55.80564,212957.5136,-2000,2,-195,-5,0,-200,50,-20,-49,-1,0,-50,0,1,-2,-28,0,-30,25,-50,-1,-9,0,-10,0,1,2,8,0,10,10,30,1,1,0,2,-75,2,-40,0,0,-40,200,-50,0,0,-50,25,1,30,10,-50,-10,200,5,30,20,5,-50,-25
a6ef29c7-5b97-4465-9a36-679eed2bb16f,Commercial,C85_1_1,2,400,200,200,400,0,21.2,513.94452,11.76252,546.90704,0,280844,302.8,212598.908,55.80564,212957.5136,-2000,2,-195,-5,0,-200,50,-20,-49,-1,0,-50,0,1,-2,-28,0,-30,25,-50,-1,-9,0,-10,0,1,2,8,0,10,10,30,1,1,0,2,-75,2,-40,0,0,-40,200,-50,0,0,-50,25,1,30,10,-50,-10,200,5,30,20,5,-50,-25
947dc77c-f6c3-40a9-96c2-0f533c0fd155,Commercial,C225_1_1,2,400,200,200,400,0,21.2,513.94452,11.76252,546.90704,0,280844,302.8,212598.908,55.80564,212957.5136,-2000,2,-195,-5,0,-200,50,-20,-49,-1,0,-50,0,1,-2,-28,0,-30,25,-50,-1,-9,0,-10,0,1,2,8,0,10,10,30,1,1,0,2,-75,2,-40,0,0,-40,200,-50,0,0,-50,25,1,30,10,-50,-10,200,5,30,20,5,-50,-25
3bae1b3f-5361-47d4-b18a-af851c3da341,Commercial,C171_1_1,2,400,200,200,400,0,21.2,513.94452,11.76252,546.90704,0,280844,302.8,212598.908,55.80564,212957.5136,-2000,2,-195,-5,0,-200,50,-20,-49,-1,0,-50,0,1,-2,-28,0,-30,25,-50,-1,-9,0,-10,0,1,2,8,0,10,10,30,1,1,0,2,-75,2,-40,0,0,-40,200,-50,0,0,-50,25,1,30,10,-50,-10,200,5,30,20,5,-50,-25
e448d314-3b53-4a24-84de-f7dc6e57bcf2,Commercial,C113_1_1,2,400,200,200,400,0,21.2,513.94452,11.76252,546.90704,0,280844,302.8,212598.908,55.80564,212957.5136,-2000,2,-195,-5,0,-200,50,-20,-49,-1,0,-50,0,1,-2,-28,0,-30,25,-50,-1,-9,0,-10,0,1,2,8,0,10,10,30,1,1,0,2,-75,2,-40,0,0,-40,200,-50,0,0,-50,25,1,30,10,-50,-10,200,5,30,20,5,-50,-25
b73814ea-6788-4f18-8799-bda2151ff248,Commercial,C306_1_1,2,400,200,200,400,0,21.2,513.94452,11.76252,546.90704,0,280844,302.8,212598.908,55.80564,212957.5136,-2000,2,-195,-5,0,-200,50,-20,-49,-1,0,-50,0,1,-2,-28,0,-30,25,-50,-1,-9,0,-10,0,1,2,8,0,10,10,30,1,1,0,2,-75,2,-40,0,0,-40,200,-50,0,0,-50,25,1,30,10,-50,-10,200,5,30,20,5,-50,-25
a141f926-10ac-4ca3-89ec-29dba1b38be6,Commercial,C342_1_1,2,400,200,200,400,0,21.2,513.94452,11.76252,546.90704,0,280844,302.8,212598.908,55.80564,212957.5136,-2000,2,-195,-5,0,-200,50,-20,-49,-1,0,-50,0,1,-2,-28,0,-30,25,-50,-1,-9,0,-10,0,1,2,8,0,10,10,30,1,1,0,2,-75,2,-40,0,0,-40,200,-50,0,0,-50,25,1,30,10,-50,-10,200,5,30,20,5,-50,-25
3ccd41d0-3ddb-47b3-9175-09635f09a901,Commercial,C233_1_1,2,400,200,200,400,0,21.2,513.94452,11.76252,546.90704,0,280844,302.8,212598.908,55.80564,212957.5136,-2000,2,-195,-5,0,-200,50,-20,-49,-1,0,-50,0,1,-2,-28,0,-30,25,-50,-1,-9,0,-10,0,1,2,8,0,10,10,30,1,1,0,2,-75,2,-40,0,0,-40,200,-50,0,0,-50,25,1,30,10,-50,-10,200,5,30,20,5,-50,-25
2dcb13a8-9601-4c8e-b762-ddb88a899769,Commercial,C367_1_1,2,400,200,200,400,0,21.2,513.94452,11.76252,546.90704,0,280844,302.8,212598.908,55.80564,212957.5136,-2000,2,-195,-5,0,-200,50,-20,-49,-1,0,-50,0,1,-2,-28,0,-30,25,-50,-1,-9,0,-10,0,1,2,8,0,10,10,30,1,1,0,2,-75,2,-40,0,0,-40,200,-50,0,0,-50,25,1,30,10,-50,-10,200,5,30,20,5,-50,-25
45d3a26f-3120-4163-a8d3-3f55480e1737,Commercial,C332_1_1,2,400,200,200,400,0,21.2,513.94452,11.76252,546.90704,0,280844,302.8,212598.908,55.80564,212957.5136,-2000,2,-195,-5,0,-200,50,-20,-49,-1,0,-50,0,1,-2,-28,0,-30,25,-50,-1,-9,0,-10,0,1,2,8,0,10,10,30,1,1,0,2,-75,2,-40,0,0,-40,200,-50,0,0,-50,25,1,30,10,-50,-10,200,5,30,20,5,-50,-25
fba829f6-107a-4462-9ac6-6d87068fb602,Commercial,C142_1_1,2,400,200,200,400,0,21.2,513.94452,11.76252,546.90704,0,280844,302.8,212598.908,55.80564,212957.5136,-2000,2,-195,-5,0,-200,50,-20,-49,-1,0,-50,0,1,-2,-28,0,-30,25,-50,-1,-9,0,-10,0,1,2,8,0,10,10,30,1,1,0,2,-75,2,-40,0,0,-40,200,-50,0,0,-50,25,1,30,10,-50,-10,200,5,30,20,5,-50,-25
a54d6e74-3705-4de7-b10e-137a2a398f50,Commercial,C190_1_1,2,400,200,200,400,0,21.2,513.94452,11.76252,546.90704,0,280844,302.8,212598.908,55.80564,212957.5136,-2000,2,-195,-5,0,-200,50,-20,-49,-1,0,-50,0,1,-2,-28,0,-30,25,-50,-1,-9,0,-10,0,1,2,8,0,10,10,30,1,1,0,2,-75,2,-40,0,0,-40,200,-50,0,0,-50,25,1,30,10,-50,-10,200,5,30,20,5,-50,-25
71e7131f-51d6-4ca6-9ec1-15495affb563,Commercial,C107_1_1,2,400,200,200,400,0,21.2,513.94452,11.76252,546.90704,0,280844,302.8,212598.908,55.80564,212957.5136,-2000,2,-195,-5,0,-200,50,-20,-49,-1,0,-50,0,1,-2,-28,0,-30,25,-50,-1,-9,0,-10,0,1,2,8,0,10,10,30,1,1,0,2,-75,2,-40,0,0,-40,200,-50,0,0,-50,25,1,30,10,-50,-10,200,5,30,20,5,-50,-25
f3436e36-eb9f-4687-a941-46a595196010,Commercial,C127_1_1,2,400,200,200,400,0,21.2,513.94452,11.76252,546.90704,0,280844,302.8,212598.908,55.80564,212957.5136,-2000,2,-195,-5,0,-200,50,-20,-49,-1,0,-50,0,1,-2,-28,0,-30,25,-50,-1,-9,0,-10,0,1,2,8,0,10,10,30,1,1,0,2,-75,2,-40,0,0,-40,200,-50,0,0,-50,25,1,30,10,-50,-10,200,5,30,20,5,-50,-25
b9ef2077-5bc8-4abe-b0e3-d43ec1559721,Commercial,C75_1_1,2,400,200,200,400,0,21.2,513.94452,11.76252,546.90704,0,280844,302.8,212598.908,55.80564,212957.5136,-2000,2,-195,-5,0,-200,50,-20,-49,-1,0,-50,0,1,-2,-28,0,-30,25,-50,-1,-9,0,-10,0,1,2,8,0,10,10,30,1,1,0,2,-75,2,-40,0,0,-40,200,-50,0,0,-50,25,1,30,10,-50,-10,200,5,30,20,5,-50,-25
256f260c-51de-4149-9e0f-260f7eb7df2a,Commercial,C160_1_1,2,400,200,200,400,0,21.2,513.94452,11.76252,546.90704,0,280844,302.8,212598.908,55.80564,212957.5136,-2000,2,-195,-5,0,-200,50,-20,-49,-1,0,-50,0,1,-2,-28,0,-30,25,-50,-1,-9,0,-10,0,1,2,8,0,10,10,30,1,1,0,2,-75,2,-40,0,0,-40,200,-50,0,0,-50,25,1,30,10,-50,-10,200,5,30,20,5,-50,-25
0d2fd07c-6cc8-40af-bfc0-e0624064f15a,Commercial,C221_1_1,2,400,200,200,400,0,21.2,513.94452,11.76252,546.90704,0,280844,302.8,212598.908,55.80564,212957.5136,-2000,2,-195,-5,0,-200,50,-20,-49,-1,0,-50,0,1,-2,-28,0,-30,25,-50,-1,-9,0,-10,0,1,2,8,0,10,10,30,1,1,0,2,-75,2,-40,0,0,-40,200,-50,0,0,-50,25,1,30,10,-50,-10,200,5,30,20,5,-50,-25
d75c0716-b580-48f9-bb08-06ae94847ef0,Commercial,C310_1_1,2,400,200,200,400,0,21.2,513.94452,11.76252,546.90704,0,280844,302.8,212598.908,55.80564,212957.5136,-2000,2,-195,-5,0,-200,50,-20,-49,-1,0,-50,0,1,-2,-28,0,-30,25,-50,-1,-9,0,-10,0,1,2,8,0,10,10,30,1,1,0,2,-75,2,-40,0,0,-40,200,-50,0,0,-50,25,1,30,10,-50,-10,200,5,30,20,5,-50,-25
9e6692c0-98e7-47c4-abbd-dbe75f17f626,Commercial,C277_1_1,2,400,200,200,400,0,21.2,513.94452,11.76252,546.90704,0,280844,302.8,212598.908,55.80564,212957.5136,-2000,2,-195,-5,0,-200,50,-20,-49,-1,0,-50,0,1,-2,-28,0,-30,25,-50,-1,-9,0,-10,0,1,2,8,0,10,10,30,1,1,0,2,-75,2,-40,0,0,-40,200,-50,0,0,-50,25,1,30,10,-50,-10,200,5,30,20,5,-50,-25
5ac0c028-db6c-4f35-9a25-947480c6d3f2,Commercial,C208_1_1,2,400,200,200,400,0,21.2,513.94452,11.76252,546.90704,0,280844,302.8,212598.908,55.80564,212957.5136,-2000,2,-195,-5,0,-200,50,-20,-49,-1,0,-50,0,1,-2,-28,0,-30,25,-50,-1,-9,0,-10,0,1,2,8,0,10,10,30,1,1,0,2,-75,2,-40,0,0,-40,200,-50,0,0,-50,25,1,30,10,-50,-10,200,5,30,20,5,-50,-25
dd852550-20f3-4561-8d75-573e25a5079e,Commercial,C223_1_1,2,400,200,200,400,0,21.2,513.94452,11.76252,546.90704,0,280844,302.8,212598.908,55.80564,212957.5136,-2000,2,-195,-5,0,-200,50,-20,-49,-1,0,-50,0,1,-2,-28,0,-30,25,-50,-1,-9,0,-10,0,1,2,8,0,10,10,30,1,1,0,2,-75,2,-40,0,0,-40,200,-50,0,0,-50,25,1,30,10,-50,-10,200,5,30,20,5,-50,-25
e90685c5-f8ad-430b-ad67-38ca24a85790,Commercial,C101_1_1,2,400,200,200,400,0,21.2,513.94452,11.76252,546.90704,0,280844,302.8,212598.908,55.80564,212957.5136,-2000,2,-195,-5,0,-200,50,-20,-49,-1,0,-50,0,1,-2,-28,0,-30,25,-50,-1,-9,0,-10,0,1,2,8,0,10,10,30,1,1,0,2,-75,2,-40,0,0,-40,200,-50,0,0,-50,25,1,30,10,-50,-10,200,5,30,20,5,-50,-25
e88e1758-6e44-4854-9cc4-756195227f06,Commercial,C348_1_1,2,400,200,200,400,0,21.2,513.94452,11.76252,546.90704,0,280844,302.8,212598.908,55.80564,212957.5136,-2000,2,-195,-5,0,-200,50,-20,-49,-1,0,-50,0,1,-2,-28,0,-30,25,-50,-1,-9,0,-10,0,1,2,8,0,10,10,30,1,1,0,2,-75,2,-40,0,0,-40,200,-50,0,0,-50,25,1,30,10,-50,-10,200,5,30,20,5,-50,-25
eb326ce7-793e-48a5-a7e7-11754f95b1c7,Commercial,C76_1_1,2,400,200,200,400,0,21.2,513.94452,11.76252,546.90704,0,280844,302.8,212598.908,55.80564,212957.5136,-2000,2,-195,-5,0,-200,50,-20,-49,-1,0,-50,0,1,-2,-28,0,-30,25,-50,-1,-9,0,-10,0,1,2,8,0,10,10,30,1,1,0,2,-75,2,-40,0,0,-40,200,-50,0,0,-50,25,1,30,10,-50,-10,200,5,30,20,5,-50,-25
790d79bf-5366-46f3-a433-124910ae3e08,Commercial,C206_1_1,2,400,200,200,400,0,21.2,513.94452,11.76252,546.90704,0,280844,302.8,212598.908,55.80564,212957.5136,-2000,2,-195,-5,0,-200,50,-20,-49,-1,0,-50,0,1,-2,-28,0,-30,25,-50,-1,-9,0,-10,0,1,2,8,0,10,10,30,1,1,0,2,-75,2,-40,0,0,-40,200,-50,0,0,-50,25,1,30,10,-50,-10,200,5,30,20,5,-50,-25
ad14b408-6945-4e85-a7b4-0c277f5062a2,Commercial,C10_1_1,2,400,200,200,400,0,21.2,513.94452,11.76252,546.90704,0,280844,302.8,212598.908,55.80564,212957.5136,-2000,2,-195,-5,0,-200,50,-20,-49,-1,0,-50,0,1,-2,-28,0,-30,25,-50,-1,-9,0,-10,0,1,2,8,0,10,10,30,1,1,0,2,-75,2,-40,0,0,-40,200,-50,0,0,-50,25,1,30,10,-50,-10,200,5,30,20,5,-50,-25
38c058f4-9c48-4774-b5c3-58a35754350c,Commercial,C267_1_1,2,400,200,200,400,0,21.2,513.94452,11.76252,546.90704,0,280844,302.8,212598.908,55.80564,212957.5136,-2000,2,-195,-5,0,-200,50,-20,-49,-1,0,-50,0,1,-2,-28,0,-30,25,-50,-1,-9,0,-10,0,1,2,8,0,10,10,30,1,1,0,2,-75,2,-40,0,0,-40,200,-50,0,0,-50,25,1,30,10,-50,-10,200,5,30,20,5,-50,-25
db2816e0-c5fb-40f1-8a64-d974a811f366,Commercial,C198_1_1,2,400,200,200,400,0,21.2,513.94452,11.76252,546.90704,0,280844,302.8,212598.908,55.80564,212957.5136,-2000,2,-195,-5,0,-200,50,-20,-49,-1,0,-50,0,1,-2,-28,0,-30,25,-50,-1,-9,0,-10,0,1,2,8,0,10,10,30,1,1,0,2,-75,2,-40,0,0,-40,200,-50,0,0,-50,25,1,30,10,-50,-10,200,5,30,20,5,-50,-25
2bfce8be-dd38-4af4-a93e-409145d29f2f,Commercial,C145_1_1,2,400,200,200,400,0,21.2,513.94452,11.76252,546.90704,0,280844,302.8,212598.908,55.80564,212957.5136,-2000,2,-195,-5,0,-200,50,-20,-49,-1,0,-50,0,1,-2,-28,0,-30,25,-50,-1,-9,0,-10,0,1,2,8,0,10,10,30,1,1,0,2,-75,2,-40,0,0,-40,200,-50,0,0,-50,25,1,30,10,-50,-10,200,5,30,20,5,-50,-25
b82bbc06-4bc2-4c8c-bf80-675afe94344d,Commercial,C132_1_1,2,400,200,200,400,0,21.2,513.94452,11.76252,546.90704,0,280844,302.8,212598.908,55.80564,212957.5136,-2000,2,-195,-5,0,-200,50,-20,-49,-1,0,-50,0,1,-2,-28,0,-30,25,-50,-1,-9,0,-10,0,1,2,8,0,10,10,30,1,1,0,2,-75,2,-40,0,0,-40,200,-50,0,0,-50,25,1,30,10,-50,-10,200,5,30,20,5,-50,-25
0e4532cf-8df0-4c8d-9f0f-4d985495994c,Commercial,C84_1_1,2,400,200,200,400,0,21.2,513.94452,11.76252,546.90704,0,280844,302.8,212598.908,55.80564,212957.5136,-2000,2,-195,-5,0,-200,50,-20,-49,-1,0,-50,0,1,-2,-28,0,-30,25,-50,-1,-9,0,-10,0,1,2,8,0,10,10,30,1,1,0,2,-75,2,-40,0,0,-40,200,-50,0,0,-50,25,1,30,10,-50,-10,200,5,30,20,5,-50,-25
a4468b42-1a38-4936-8251-96c06c694fed,Commercial,C97_1_1,2,400,200,200,400,0,21.2,513.94452,11.76252,546.90704,0,280844,302.8,212598.908,55.80564,212957.5136,-2000,2,-195,-5,0,-200,50,-20,-49,-1,0,-50,0,1,-2,-28,0,-30,25,-50,-1,-9,0,-10,0,1,2,8,0,10,10,30,1,1,0,2,-75,2,-40,0,0,-40,200,-50,0,0,-50,25,1,30,10,-50,-10,200,5,30,20,5,-50,-25
6c297571-dcf0-4463-92a2-78d80ec60408,Commercial,C262_1_1,2,400,200,200,400,0,21.2,513.94452,11.76252,546.90704,0,280844,302.8,212598.908,55.80564,212957.5136,-2000,2,-195,-5,0,-200,50,-20,-49,-1,0,-50,0,1,-2,-28,0,-30,25,-50,-1,-9,0,-10,0,1,2,8,0,10,10,30,1,1,0,2,-75,2,-40,0,0,-40,200,-50,0,0,-50,25,1,30,10,-50,-10,200,5,30,20,5,-50,-25
6d6d8b1e-c4bf-4c91-b503-ca5da6fd812e,Commercial,C350_1_1,2,400,200,200,400,0,21.2,513.94452,11.76252,546.90704,0,280844,302.8,212598.908,55.80564,212957.5136,-2000,2,-195,-5,0,-200,50,-20,-49,-1,0,-50,0,1,-2,-28,0,-30,25,-50,-1,-9,0,-10,0,1,2,8,0,10,10,30,1,1,0,2,-75,2,-40,0,0,-40,200,-50,0,0,-50,25,1,30,10,-50,-10,200,5,30,20,5,-50,-25
0fc0cf3f-c2cf-4b92-99b4-b678a63678a5,Commercial,C230_1_1,2,400,200,200,400,0,21.2,513.94452,11.76252,546.90704,0,280844,302.8,212598.908,55.80564,212957.5136,-2000,2,-195,-5,0,-200,50,-20,-49,-1,0,-50,0,1,-2,-28,0,-30,25,-50,-1,-9,0,-10,0,1,2,8,0,10,10,30,1,1,0,2,-75,2,-40,0,0,-40,200,-50,0,0,-50,25,1,30,10,-50,-10,200,5,30,20,5,-50,-25
89ddb701-6881-4315-8107-45abb5482b5b,Commercial,C328_1_1,2,400,200,200,400,0,21.2,513.94452,11.76252,546.90704,0,280844,302.8,212598.908,55.80564,212957.5136,-2000,2,-195,-5,0,-200,50,-20,-49,-1,0,-50,0,1,-2,-28,0,-30,25,-50,-1,-9,0,-10,0,1,2,8,0,10,10,30,1,1,0,2,-75,2,-40,0,0,-40,200,-50,0,0,-50,25,1,30,10,-50,-10,200,5,30,20,5,-50,-25
28cd9e82-abf9-4af4-970d-b5c6251caa78,Commercial,C72_1_1,2,400,200,200,400,0,21.2,513.94452,11.76252,546.90704,0,280844,302.8,212598.908,55.80564,212957.5136,-2000,2,-195,-5,0,-200,50,-20,-49,-1,0,-50,0,1,-2,-28,0,-30,25,-50,-1,-9,0,-10,0,1,2,8,0,10,10,30,1,1,0,2,-75,2,-40,0,0,-40,200,-50,0,0,-50,25,1,30,10,-50,-10,200,5,30,20,5,-50,-25
4bb3fdde-3afc-4df8-835d-e3aa2528ac9c,Commercial,C291_1_1,2,400,200,200,400,0,21.2,513.94452,11.76252,546.90704,0,280844,302.8,212598.908,55.80564,212957.5136,-2000,2,-195,-5,0,-200,50,-20,-49,-1,0,-50,0,1,-2,-28,0,-30,25,-50,-1,-9,0,-10,0,1,2,8,0,10,10,30,1,1,0,2,-75,2,-40,0,0,-40,200,-50,0,0,-50,25,1,30,10,-50,-10,200,5,30,20,5,-50,-25
d6128f41-b193-4668-8c14-a0552c833e2b,Commercial,C180_1_1,2,400,200,200,400,0,21.2,513.94452,11.76252,546.90704,0,280844,302.8,212598.908,55.80564,212957.5136,-2000,2,-195,-5,0,-200,50,-20,-49,-1,0,-50,0,1,-2,-28,0,-30,25,-50,-1,-9,0,-10,0,1,2,8,0,10,10,30,1,1,0,2,-75,2,-40,0,0,-40,200,-50,0,0,-50,25,1,30,10,-50,-10,200,5,30,20,5,-50,-25
c086f8a0-9633-4906-b4e6-80e1f40dd935,Commercial,C110_1_1,2,400,200,200,400,0,21.2,513.94452,11.76252,546.90704,0,280844,302.8,212598.908,55.80564,212957.5136,-2000,2,-195,-5,0,-200,50,-20,-49,-1,0,-50,0,1,-2,-28,0,-30,25,-50,-1,-9,0,-10,0,1,2,8,0,10,10,30,1,1,0,2,-75,2,-40,0,0,-40,200,-50,0,0,-50,25,1,30,10,-50,-10,200,5,30,20,5,-50,-25
94694479-06eb-4dea-ae43-e6e5be60d40e,Commercial,C280_1_1,2,400,200,200,400,0,21.2,513.94452,11.76252,546.90704,0,280844,302.8,212598.908,55.80564,212957.5136,-2000,2,-195,-5,0,-200,50,-20,-49,-1,0,-50,0,1,-2,-28,0,-30,25,-50,-1,-9,0,-10,0,1,2,8,0,10,10,30,1,1,0,2,-75,2,-40,0,0,-40,200,-50,0,0,-50,25,1,30,10,-50,-10,200,5,30,20,5,-50,-25
f84c13b6-6260-485f-9ba2-f0d471cefa4b,Commercial,C156_1_1,2,400,200,200,400,0,21.2,513.94452,11.76252,546.90704,0,280844,302.8,212598.908,55.80564,212957.5136,-2000,2,-195,-5,0,-200,50,-20,-49,-1,0,-50,0,1,-2,-28,0,-30,25,-50,-1,-9,0,-10,0,1,2,8,0,10,10,30,1,1,0,2,-75,2,-40,0,0,-40,200,-50,0,0,-50,25,1,30,10,-50,-10,200,5,30,20,5,-50,-25
4ca4002c-aed9-4ece-b74d-ca48754e957a,Commercial,C167_1_1,2,400,200,200,400,0,21.2,513.94452,11.76252,546.90704,0,280844,302.8,212598.908,55.80564,212957.5136,-2000,2,-195,-5,0,-200,50,-20,-49,-1,0,-50,0,1,-2,-28,0,-30,25,-50,-1,-9,0,-10,0,1,2,8,0,10,10,30,1,1,0,2,-75,2,-40,0,0,-40,200,-50,0,0,-50,25,1,30,10,-50,-10,200,5,30,20,5,-50,-25
a532197b-41c5-497e-9a59-f9204c3c4a41,Commercial,C379_1_1,2,400,200,200,400,0,21.2,513.94452,11.76252,546.90704,0,280844,302.8,212598.908,55.80564,212957.5136,-2000,2,-195,-5,0,-200,50,-20,-49,-1,0,-50,0,1,-2,-28,0,-30,25,-50,-1,-9,0,-10,0,1,2,8,0,10,10,30,1,1,0,2,-75,2,-40,0,0,-40,200,-50,0,0,-50,25,1,30,10,-50,-10,200,5,30,20,5,-50,-25
4a13f535-c7d6-4763-b093-71d5235b2a51,Commercial,C17_1_1,2,400,200,200,400,0,21.2,513.94452,11.76252,546.90704,0,280844,302.8,212598.908,55.80564,212957.5136,-2000,2,-195,-5,0,-200,50,-20,-49,-1,0,-50,0,1,-2,-28,0,-30,25,-50,-1,-9,0,-10,0,1,2,8,0,10,10,30,1,1,0,2,-75,2,-40,0,0,-40,200,-50,0,0,-50,25,1,30,10,-50,-10,200,5,30,20,5,-50,-25
29869523-7352-4af2-b5a5-ace84b1077fd,Commercial,C37_1_1,2,400,200,200,400,0,21.2,513.94452,11.76252,546.90704,0,280844,302.8,212598.908,55.80564,212957.5136,-2000,2,-195,-5,0,-200,50,-20,-49,-1,0,-50,0,1,-2,-28,0,-30,25,-50,-1,-9,0,-10,0,1,2,8,0,10,10,30,1,1,0,2,-75,2,-40,0,0,-40,200,-50,0,0,-50,25,1,30,10,-50,-10,200,5,30,20,5,-50,-25
ad5de02f-51fc-4123-86c0-5d8545eacb75,Commercial,C327_1_1,2,400,200,200,400,0,21.2,513.94452,11.76252,546.90704,0,280844,302.8,212598.908,55.80564,212957.5136,-2000,2,-195,-5,0,-200,50,-20,-49,-1,0,-50,0,1,-2,-28,0,-30,25,-50,-1,-9,0,-10,0,1,2,8,0,10,10,30,1,1,0,2,-75,2,-40,0,0,-40,200,-50,0,0,-50,25,1,30,10,-50,-10,200,5,30,20,5,-50,-25
440cdbcd-dd61-4e47-a6e5-5f8b9dae1902,Commercial,C302_1_1,2,400,200,200,400,0,21.2,513.94452,11.76252,546.90704,0,280844,302.8,212598.908,55.80564,212957.5136,-2000,2,-195,-5,0,-200,50,-20,-49,-1,0,-50,0,1,-2,-28,0,-30,25,-50,-1,-9,0,-10,0,1,2,8,0,10,10,30,1,1,0,2,-75,2,-40,0,0,-40,200,-50,0,0,-50,25,1,30,10,-50,-10,200,5,30,20,5,-50,-25
c2638600-e464-4b2e-8e88-f4a7f7ee3b2b,Commercial,C157_1_1,2,400,200,200,400,0,21.2,513.94452,11.76252,546.90704,0,280844,302.8,212598.908,55.80564,212957.5136,-2000,2,-195,-5,0,-200,50,-20,-49,-1,0,-50,0,1,-2,-28,0,-30,25,-50,-1,-9,0,-10,0,1,2,8,0,10,10,30,1,1,0,2,-75,2,-40,0,0,-40,200,-50,0,0,-50,25,1,30,10,-50,-10,200,5,30,20,5,-50,-25
347ef6b6-34b3-428f-8ad5-33ea38ef9a3f,Commercial,C384_1_1,2,400,200,200,400,0,21.2,513.94452,11.76252,546.90704,0,280844,302.8,212598.908,55.80564,212957.5136,-2000,2,-195,-5,0,-200,50,-20,-49,-1,0,-50,0,1,-2,-28,0,-30,25,-50,-1,-9,0,-10,0,1,2,8,0,10,10,30,1,1,0,2,-75,2,-40,0,0,-40,200,-50,0,0,-50,25,1,30,10,-50,-10,200,5,30,20,5,-50,-25
3ac6bb43-d0ce-4509-9448-a8292105ec11,Commercial,C313_1_1,2,400,200,200,400,0,21.2,513.94452,11.76252,546.90704,0,280844,302.8,212598.908,55.80564,212957.5136,-2000,2,-195,-5,0,-200,50,-20,-49,-1,0,-50,0,1,-2,-28,0,-30,25,-50,-1,-9,0,-10,0,1,2,8,0,10,10,30,1,1,0,2,-75,2,-40,0,0,-40,200,-50,0,0,-50,25,1,30,10,-50,-10,200,5,30,20,5,-50,-25
e1ecb18a-8738-4ac8-a6d2-364d454e6294,Commercial,C285_1_1,2,400,200,200,400,0,21.2,513.94452,11.76252,546.90704,0,280844,302.8,212598.908,55.80564,212957.5136,-2000,2,-195,-5,0,-200,50,-20,-49,-1,0,-50,0,1,-2,-28,0,-30,25,-50,-1,-9,0,-10,0,1,2,8,0,10,10,30,1,1,0,2,-75,2,-40,0,0,-40,200,-50,0,0,-50,25,1,30,10,-50,-10,200,5,30,20,5,-50,-25
316f1a4c-d98a-430f-b4ec-7f5a0d5e3b21,Commercial,C276_1_1,2,400,200,200,400,0,21.2,513.94452,11.76252,546.90704,0,280844,302.8,212598.908,55.80564,212957.5136,-2000,2,-195,-5,0,-200,50,-20,-49,-1,0,-50,0,1,-2,-28,0,-30,25,-50,-1,-9,0,-10,0,1,2,8,0,10,10,30,1,1,0,2,-75,2,-40,0,0,-40,200,-50,0,0,-50,25,1,30,10,-50,-10,200,5,30,20,5,-50,-25
5c60f64e-2d61-49ae-b40f-d5b8e7b35130,Commercial,C1_1_1,2,400,200,200,400,0,21.2,513.94452,11.76252,546.90704,0,280844,302.8,212598.908,55.80564,212957.5136,-2000,2,-195,-5,0,-200,50,-20,-49,-1,0,-50,0,1,-2,-28,0,-30,25,-50,-1,-9,0,-10,0,1,2,8,0,10,10,30,1,1,0,2,-75,2,-40,0,0,-40,200,-50,0,0,-50,25,1,30,10,-50,-10,200,5,30,20,5,-50,-25
0aaca8f7-6615-4389-a753-8736b0f3362b,Commercial,C339_1_1,2,400,200,200,400,0,21.2,513.94452,11.76252,546.90704,0,280844,302.8,212598.908,55.80564,212957.5136,-2000,2,-195,-5,0,-200,50,-20,-49,-1,0,-50,0,1,-2,-28,0,-30,25,-50,-1,-9,0,-10,0,1,2,8,0,10,10,30,1,1,0,2,-75,2,-40,0,0,-40,200,-50,0,0,-50,25,1,30,10,-50,-10,200,5,30,20,5,-50,-25
c44d0581-41d8-4f67-bcef-26e4a6192fb8,Commercial,C353_1_1,2,400,200,200,400,0,21.2,513.94452,11.76252,546.90704,0,280844,302.8,212598.908,55.80564,212957.5136,-2000,2,-195,-5,0,-200,50,-20,-49,-1,0,-50,0,1,-2,-28,0,-30,25,-50,-1,-9,0,-10,0,1,2,8,0,10,10,30,1,1,0,2,-75,2,-40,0,0,-40,200,-50,0,0,-50,25,1,30,10,-50,-10,200,5,30,20,5,-50,-25
f2046992-6225-48b8-b433-0ae8376a542f,Commercial,C370_1_1,2,400,200,200,400,0,21.2,513.94452,11.76252,546.90704,0,280844,302.8,212598.908,55.80564,212957.5136,-2000,2,-195,-5,0,-200,50,-20,-49,-1,0,-50,0,1,-2,-28,0,-30,25,-50,-1,-9,0,-10,0,1,2,8,0,10,10,30,1,1,0,2,-75,2,-40,0,0,-40,200,-50,0,0,-50,25,1,30,10,-50,-10,200,5,30,20,5,-50,-25
791c080d-0296-4114-9d53-f5962faae1bc,Commercial,C115_1_1,2,400,200,200,400,0,21.2,513.94452,11.76252,546.90704,0,280844,302.8,212598.908,55.80564,212957.5136,-2000,2,-195,-5,0,-200,50,-20,-49,-1,0,-50,0,1,-2,-28,0,-30,25,-50,-1,-9,0,-10,0,1,2,8,0,10,10,30,1,1,0,2,-75,2,-40,0,0,-40,200,-50,0,0,-50,25,1,30,10,-50,-10,200,5,30,20,5,-50,-25
a41ee9be-de32-4fa7-9fab-daa917ff8d9e,Commercial,C344_1_1,2,400,200,200,400,0,21.2,513.94452,11.76252,546.90704,0,280844,302.8,212598.908,55.80564,212957.5136,-2000,2,-195,-5,0,-200,50,-20,-49,-1,0,-50,0,1,-2,-28,0,-30,25,-50,-1,-9,0,-10,0,1,2,8,0,10,10,30,1,1,0,2,-75,2,-40,0,0,-40,200,-50,0,0,-50,25,1,30,10,-50,-10,200,5,30,20,5,-50,-25
9db5cb5b-e25c-4b62-9551-69951fe46352,Commercial,C253_1_1,2,400,200,200,400,0,21.2,513.94452,11.76252,546.90704,0,280844,302.8,212598.908,55.80564,212957.5136,-2000,2,-195,-5,0,-200,50,-20,-49,-1,0,-50,0,1,-2,-28,0,-30,25,-50,-1,-9,0,-10,0,1,2,8,0,10,10,30,1,1,0,2,-75,2,-40,0,0,-40,200,-50,0,0,-50,25,1,30,10,-50,-10,200,5,30,20,5,-50,-25
b2b16f3e-7dc8-404d-abe2-5e8106fb126d,Commercial,C298_1_1,2,400,200,200,400,0,21.2,513.94452,11.76252,546.90704,0,280844,302.8,212598.908,55.80564,212957.5136,-2000,2,-195,-5,0,-200,50,-20,-49,-1,0,-50,0,1,-2,-28,0,-30,25,-50,-1,-9,0,-10,0,1,2,8,0,10,10,30,1,1,0,2,-75,2,-40,0,0,-40,200,-50,0,0,-50,25,1,30,10,-50,-10,200,5,30,20,5,-50,-25
61181e9f-1d1a-4da0-9626-8b22d820e6cd,Commercial,C316_1_1,2,400,200,200,400,0,21.2,513.94452,11.76252,546.90704,0,280844,302.8,212598.908,55.80564,212957.5136,-2000,2,-195,-5,0,-200,50,-20,-49,-1,0,-50,0,1,-2,-28,0,-30,25,-50,-1,-9,0,-10,0,1,2,8,0,10,10,30,1,1,0,2,-75,2,-40,0,0,-40,200,-50,0,0,-50,25,1,30,10,-50,-10,200,5,30,20,5,-50,-25
f96b5eec-5835-447b-a51f-3c568d4442c3,Commercial,C213_1_1,2,400,200,200,400,0,21.2,513.94452,11.76252,546.90704,0,280844,302.8,212598.908,55.80564,212957.5136,-2000,2,-195,-5,0,-200,50,-20,-49,-1,0,-50,0,1,-2,-28,0,-30,25,-50,-1,-9,0,-10,0,1,2,8,0,10,10,30,1,1,0,2,-75,2,-40,0,0,-40,200,-50,0,0,-50,25,1,30,10,-50,-10,200,5,30,20,5,-50,-25
61ec6b53-ec62-43e5-87b5-6d6d389faca3,Commercial,C274_1_1,2,400,200,200,400,0,21.2,513.94452,11.76252,546.90704,0,280844,302.8,212598.908,55.80564,212957.5136,-2000,2,-195,-5,0,-200,50,-20,-49,-1,0,-50,0,1,-2,-28,0,-30,25,-50,-1,-9,0,-10,0,1,2,8,0,10,10,30,1,1,0,2,-75,2,-40,0,0,-40,200,-50,0,0,-50,25,1,30,10,-50,-10,200,5,30,20,5,-50,-25
8db35adb-5fc1-4fdb-be28-b4362cff600e,Commercial,C165_1_1,2,400,200,200,400,0,21.2,513.94452,11.76252,546.90704,0,280844,302.8,212598.908,55.80564,212957.5136,-2000,2,-195,-5,0,-200,50,-20,-49,-1,0,-50,0,1,-2,-28,0,-30,25,-50,-1,-9,0,-10,0,1,2,8,0,10,10,30,1,1,0,2,-75,2,-40,0,0,-40,200,-50,0,0,-50,25,1,30,10,-50,-10,200,5,30,20,5,-50,-25
dfacf6f4-05a9-4c1e-859f-0723b8882b7f,Commercial,C329_1_1,2,400,200,200,400,0,21.2,513.94452,11.76252,546.90704,0,280844,302.8,212598.908,55.80564,212957.5136,-2000,2,-195,-5,0,-200,50,-20,-49,-1,0,-50,0,1,-2,-28,0,-30,25,-50,-1,-9,0,-10,0,1,2,8,0,10,10,30,1,1,0,2,-75,2,-40,0,0,-40,200,-50,0,0,-50,25,1,30,10,-50,-10,200,5,30,20,5,-50,-25
7ee34681-296a-42c1-991a-77c4d644e577,Commercial,C222_1_1,2,400,200,200,400,0,21.2,513.94452,11.76252,546.90704,0,280844,302.8,212598.908,55.80564,212957.5136,-2000,2,-195,-5,0,-200,50,-20,-49,-1,0,-50,0,1,-2,-28,0,-30,25,-50,-1,-9,0,-10,0,1,2,8,0,10,10,30,1,1,0,2,-75,2,-40,0,0,-40,200,-50,0,0,-50,25,1,30,10,-50,-10,200,5,30,20,5,-50,-25
b5c33c5a-b345-4ad0-89fb-7e2ae81cbaa4,Commercial,C235_1_1,2,400,200,200,400,0,21.2,513.94452,11.76252,546.90704,0,280844,302.8,212598.908,55.80564,212957.5136,-2000,2,-195,-5,0,-200,50,-20,-49,-1,0,-50,0,1,-2,-28,0,-30,25,-50,-1,-9,0,-10,0,1,2,8,0,10,10,30,1,1,0,2,-75,2,-40,0,0,-40,200,-50,0,0,-50,25,1,30,10,-50,-10,200,5,30,20,5,-50,-25
fe8061e8-4813-4928-b497-899298f0519c,Commercial,C197_1_1,2,400,200,200,400,0,21.2,513.94452,11.76252,546.90704,0,280844,302.8,212598.908,55.80564,212957.5136,-2000,2,-195,-5,0,-200,50,-20,-49,-1,0,-50,0,1,-2,-28,0,-30,25,-50,-1,-9,0,-10,0,1,2,8,0,10,10,30,1,1,0,2,-75,2,-40,0,0,-40,200,-50,0,0,-50,25,1,30,10,-50,-10,200,5,30,20,5,-50,-25
ef7b0fee-b97a-445e-a7c0-f8bc4ca2cc19,Commercial,C355_1_1,2,400,200,200,400,0,21.2,513.94452,11.76252,546.90704,0,280844,302.8,212598.908,55.80564,212957.5136,-2000,2,-195,-5,0,-200,50,-20,-49,-1,0,-50,0,1,-2,-28,0,-30,25,-50,-1,-9,0,-10,0,1,2,8,0,10,10,30,1,1,0,2,-75,2,-40,0,0,-40,200,-50,0,0,-50,25,1,30,10,-50,-10,200,5,30,20,5,-50,-25
efd5d030-0154-4190-a35c-181bd30458e4,Commercial,C224_1_1,2,400,200,200,400,0,21.2,513.94452,11.76252,546.90704,0,280844,302.8,212598.908,55.80564,212957.5136,-2000,2,-195,-5,0,-200,50,-20,-49,-1,0,-50,0,1,-2,-28,0,-30,25,-50,-1,-9,0,-10,0,1,2,8,0,10,10,30,1,1,0,2,-75,2,-40,0,0,-40,200,-50,0,0,-50,25,1,30,10,-50,-10,200,5,30,20,5,-50,-25
a885e542-9fc0-44a8-842e-5bfbf0dd739f,Commercial,C335_1_1,2,400,200,200,400,0,21.2,513.94452,11.76252,546.90704,0,280844,302.8,212598.908,55.80564,212957.5136,-2000,2,-195,-5,0,-200,50,-20,-49,-1,0,-50,0,1,-2,-28,0,-30,25,-50,-1,-9,0,-10,0,1,2,8,0,10,10,30,1,1,0,2,-75,2,-40,0,0,-40,200,-50,0,0,-50,25,1,30,10,-50,-10,200,5,30,20,5,-50,-25
b8e22b71-5c85-4672-9a03-837da7b06723,Commercial,C351_1_1,2,400,200,200,400,0,21.2,513.94452,11.76252,546.90704,0,280844,302.8,212598.908,55.80564,212957.5136,-2000,2,-195,-5,0,-200,50,-20,-49,-1,0,-50,0,1,-2,-28,0,-30,25,-50,-1,-9,0,-10,0,1,2,8,0,10,10,30,1,1,0,2,-75,2,-40,0,0,-40,200,-50,0,0,-50,25,1,30,10,-50,-10,200,5,30,20,5,-50,-25
c05bcb81-7e74-48ee-9e5c-40a3ff225b52,Commercial,C215_1_1,2,400,200,200,400,0,21.2,513.94452,11.76252,546.90704,0,280844,302.8,212598.908,55.80564,212957.5136,-2000,2,-195,-5,0,-200,50,-20,-49,-1,0,-50,0,1,-2,-28,0,-30,25,-50,-1,-9,0,-10,0,1,2,8,0,10,10,30,1,1,0,2,-75,2,-40,0,0,-40,200,-50,0,0,-50,25,1,30,10,-50,-10,200,5,30,20,5,-50,-25
763066d1-c333-484e-b4ae-6ac9096650af,Commercial,C28_1_1,2,400,200,200,400,0,21.2,513.94452,11.76252,546.90704,0,280844,302.8,212598.908,55.80564,212957.5136,-2000,2,-195,-5,0,-200,50,-20,-49,-1,0,-50,0,1,-2,-28,0,-30,25,-50,-1,-9,0,-10,0,1,2,8,0,10,10,30,1,1,0,2,-75,2,-40,0,0,-40,200,-50,0,0,-50,25,1,30,10,-50,-10,200,5,30,20,5,-50,-25
8a81a909-93c5-491e-b457-5454fcf3c407,Commercial,C219_1_1,2,400,200,200,400,0,21.2,513.94452,11.76252,546.90704,0,280844,302.8,212598.908,55.80564,212957.5136,-2000,2,-195,-5,0,-200,50,-20,-49,-1,0,-50,0,1,-2,-28,0,-30,25,-50,-1,-9,0,-10,0,1,2,8,0,10,10,30,1,1,0,2,-75,2,-40,0,0,-40,200,-50,0,0,-50,25,1,30,10,-50,-10,200,5,30,20,5,-50,-25
31195fd4-0462-422c-8275-d0f0660ca3f3,Commercial,C300_1_1,2,400,200,200,400,0,21.2,513.94452,11.76252,546.90704,0,280844,302.8,212598.908,55.80564,212957.5136,-2000,2,-195,-5,0,-200,50,-20,-49,-1,0,-50,0,1,-2,-28,0,-30,25,-50,-1,-9,0,-10,0,1,2,8,0,10,10,30,1,1,0,2,-75,2,-40,0,0,-40,200,-50,0,0,-50,25,1,30,10,-50,-10,200,5,30,20,5,-50,-25
acb32cee-4a25-4596-a7ae-b8b6eef53692,Commercial,C95_1_1,2,400,200,200,400,0,21.2,513.94452,11.76252,546.90704,0,280844,302.8,212598.908,55.80564,212957.5136,-2000,2,-195,-5,0,-200,50,-20,-49,-1,0,-50,0,1,-2,-28,0,-30,25,-50,-1,-9,0,-10,0,1,2,8,0,10,10,30,1,1,0,2,-75,2,-40,0,0,-40,200,-50,0,0,-50,25,1,30,10,-50,-10,200,5,30,20,5,-50,-25
01537da2-f52b-46d4-a559-fad78b253530,Commercial,C6_1_1,2,400,200,200,400,0,21.2,513.94452,11.76252,546.90704,0,280844,302.8,212598.908,55.80564,212957.5136,-2000,2,-195,-5,0,-200,50,-20,-49,-1,0,-50,0,1,-2,-28,0,-30,25,-50,-1,-9,0,-10,0,1,2,8,0,10,10,30,1,1,0,2,-75,2,-40,0,0,-40,200,-50,0,0,-50,25,1,30,10,-50,-10,200,5,30,20,5,-50,-25
6838372b-afeb-4741-8bf1-4af031ed6f13,Commercial,C26_1_1,2,400,200,200,400,0,21.2,513.94452,11.76252,546.90704,0,280844,302.8,212598.908,55.80564,212957.5136,-2000,2,-195,-5,0,-200,50,-20,-49,-1,0,-50,0,1,-2,-28,0,-30,25,-50,-1,-9,0,-10,0,1,2,8,0,10,10,30,1,1,0,2,-75,2,-40,0,0,-40,200,-50,0,0,-50,25,1,30,10,-50,-10,200,5,30,20,5,-50,-25
de1019f1-1f3d-45f7-9a53-54eca9d12299,Commercial,C34_1_1,2,400,200,200,400,0,21.2,513.94452,11.76252,546.90704,0,280844,302.8,212598.908,55.80564,212957.5136,-2000,2,-195,-5,0,-200,50,-20,-49,-1,0,-50,0,1,-2,-28,0,-30,25,-50,-1,-9,0,-10,0,1,2,8,0,10,10,30,1,1,0,2,-75,2,-40,0,0,-40,200,-50,0,0,-50,25,1,30,10,-50,-10,200,5,30,20,5,-50,-25
9617b03e-d668-413d-ad26-a00d6a49b4c7,Commercial,C139_1_1,2,400,200,200,400,0,21.2,513.94452,11.76252,546.90704,0,280844,302.8,212598.908,55.80564,212957.5136,-2000,2,-195,-5,0,-200,50,-20,-49,-1,0,-50,0,1,-2,-28,0,-30,25,-50,-1,-9,0,-10,0,1,2,8,0,10,10,30,1,1,0,2,-75,2,-40,0,0,-40,200,-50,0,0,-50,25,1,30,10,-50,-10,200,5,30,20,5,-50,-25
f3daf581-9c1c-4ad4-b768-340f29bc8d8d,Commercial,C365_1_1,2,400,200,200,400,0,21.2,513.94452,11.76252,546.90704,0,280844,302.8,212598.908,55.80564,212957.5136,-2000,2,-195,-5,0,-200,50,-20,-49,-1,0,-50,0,1,-2,-28,0,-30,25,-50,-1,-9,0,-10,0,1,2,8,0,10,10,30,1,1,0,2,-75,2,-40,0,0,-40,200,-50,0,0,-50,25,1,30,10,-50,-10,200,5,30,20,5,-50,-25
0cd45f4d-3ef1-4e3a-9a08-7936112b42af,Commercial,C288_1_1,2,400,200,200,400,0,21.2,513.94452,11.76252,546.90704,0,280844,302.8,212598.908,55.80564,212957.5136,-2000,2,-195,-5,0,-200,50,-20,-49,-1,0,-50,0,1,-2,-28,0,-30,25,-50,-1,-9,0,-10,0,1,2,8,0,10,10,30,1,1,0,2,-75,2,-40,0,0,-40,200,-50,0,0,-50,25,1,30,10,-50,-10,200,5,30,20,5,-50,-25
9ada96c6-b46a-4468-8c5d-99cb9cebf77c,Commercial,C207_1_1,2,400,200,200,400,0,21.2,513.94452,11.76252,546.90704,0,280844,302.8,212598.908,55.80564,212957.5136,-2000,2,-195,-5,0,-200,50,-20,-49,-1,0,-50,0,1,-2,-28,0,-30,25,-50,-1,-9,0,-10,0,1,2,8,0,10,10,30,1,1,0,2,-75,2,-40,0,0,-40,200,-50,0,0,-50,25,1,30,10,-50,-10,200,5,30,20,5,-50,-25
b5eef9df-640a-46ee-89d8-e8286a851323,Commercial,C252_1_1,2,400,200,200,400,0,21.2,513.94452,11.76252,546.90704,0,280844,302.8,212598.908,55.80564,212957.5136,-2000,2,-195,-5,0,-200,50,-20,-49,-1,0,-50,0,1,-2,-28,0,-30,25,-50,-1,-9,0,-10,0,1,2,8,0,10,10,30,1,1,0,2,-75,2,-40,0,0,-40,200,-50,0,0,-50,25,1,30,10,-50,-10,200,5,30,20,5,-50,-25
488627b5-3b94-4745-9e88-c883cba23071,Commercial,C372_1_1,2,400,200,200,400,0,21.2,513.94452,11.76252,546.90704,0,280844,302.8,212598.908,55.80564,212957.5136,-2000,2,-195,-5,0,-200,50,-20,-49,-1,0,-50,0,1,-2,-28,0,-30,25,-50,-1,-9,0,-10,0,1,2,8,0,10,10,30,1,1,0,2,-75,2,-40,0,0,-40,200,-50,0,0,-50,25,1,30,10,-50,-10,200,5,30,20,5,-50,-25
a92c428e-1dd7-4fdf-b7a6-cdfab4c82795,Commercial,C251_1_1,2,400,200,200,400,0,21.2,513.94452,11.76252,546.90704,0,280844,302.8,212598.908,55.80564,212957.5136,-2000,2,-195,-5,0,-200,50,-20,-49,-1,0,-50,0,1,-2,-28,0,-30,25,-50,-1,-9,0,-10,0,1,2,8,0,10,10,30,1,1,0,2,-75,2,-40,0,0,-40,200,-50,0,0,-50,25,1,30,10,-50,-10,200,5,30,20,5,-50,-25
4cb91a3f-8302-4256-a644-b9ee54143abc,Commercial,C211_1_1,2,400,200,200,400,0,21.2,513.94452,11.76252,546.90704,0,280844,302.8,212598.908,55.80564,212957.5136,-2000,2,-195,-5,0,-200,50,-20,-49,-1,0,-50,0,1,-2,-28,0,-30,25,-50,-1,-9,0,-10,0,1,2,8,0,10,10,30,1,1,0,2,-75,2,-40,0,0,-40,200,-50,0,0,-50,25,1,30,10,-50,-10,200,5,30,20,5,-50,-25
b505f600-cd05-437a-a6a8-a776753c7e24,Commercial,C340_1_1,2,400,200,200,400,0,21.2,513.94452,11.76252,546.90704,0,280844,302.8,212598.908,55.80564,212957.5136,-2000,2,-195,-5,0,-200,50,-20,-49,-1,0,-50,0,1,-2,-28,0,-30,25,-50,-1,-9,0,-10,0,1,2,8,0,10,10,30,1,1,0,2,-75,2,-40,0,0,-40,200,-50,0,0,-50,25,1,30,10,-50,-10,200,5,30,20,5,-50,-25
fdc129a7-ae6d-4c53-b2d3-711d4cbcb290,Commercial,C31_1_1,2,400,200,200,400,0,21.2,513.94452,11.76252,546.90704,0,280844,302.8,212598.908,55.80564,212957.5136,-2000,2,-195,-5,0,-200,50,-20,-49,-1,0,-50,0,1,-2,-28,0,-30,25,-50,-1,-9,0,-10,0,1,2,8,0,10,10,30,1,1,0,2,-75,2,-40,0,0,-40,200,-50,0,0,-50,25,1,30,10,-50,-10,200,5,30,20,5,-50,-25
dd28505b-386a-416b-b91e-c708205d8ffe,Commercial,C137_1_1,2,400,200,200,400,0,21.2,513.94452,11.76252,546.90704,0,280844,302.8,212598.908,55.80564,212957.5136,-2000,2,-195,-5,0,-200,50,-20,-49,-1,0,-50,0,1,-2,-28,0,-30,25,-50,-1,-9,0,-10,0,1,2,8,0,10,10,30,1,1,0,2,-75,2,-40,0,0,-40,200,-50,0,0,-50,25,1,30,10,-50,-10,200,5,30,20,5,-50,-25
ebe8dfeb-f3c3-4c03-a693-b21f7b3ca7a8,Commercial,C318_1_1,2,400,200,200,400,0,21.2,513.94452,11.76252,546.90704,0,280844,302.8,212598.908,55.80564,212957.5136,-2000,2,-195,-5,0,-200,50,-20,-49,-1,0,-50,0,1,-2,-28,0,-30,25,-50,-1,-9,0,-10,0,1,2,8,0,10,10,30,1,1,0,2,-75,2,-40,0,0,-40,200,-50,0,0,-50,25,1,30,10,-50,-10,200,5,30,20,5,-50,-25
3bbff45e-52b1-4793-9265-45f96d21906e,Commercial,C259_1_1,2,400,200,200,400,0,21.2,513.94452,11.76252,546.90704,0,280844,302.8,212598.908,55.80564,212957.5136,-2000,2,-195,-5,0,-200,50,-20,-49,-1,0,-50,0,1,-2,-28,0,-30,25,-50,-1,-9,0,-10,0,1,2,8,0,10,10,30,1,1,0,2,-75,2,-40,0,0,-40,200,-50,0,0,-50,25,1,30,10,-50,-10,200,5,30,20,5,-50,-25
e9b7178a-3acc-4575-bb95-028cf17937ce,Commercial,C324_1_1,2,400,200,200,400,0,21.2,513.94452,11.76252,546.90704,0,280844,302.8,212598.908,55.80564,212957.5136,-2000,2,-195,-5,0,-200,50,-20,-49,-1,0,-50,0,1,-2,-28,0,-30,25,-50,-1,-9,0,-10,0,1,2,8,0,10,10,30,1,1,0,2,-75,2,-40,0,0,-40,200,-50,0,0,-50,25,1,30,10,-50,-10,200,5,30,20,5,-50,-25
f74dcfd5-eed2-4395-987f-b50f1e859510,Commercial,C151_1_1,2,400,200,200,400,0,21.2,513.94452,11.76252,546.90704,0,280844,302.8,212598.908,55.80564,212957.5136,-2000,2,-195,-5,0,-200,50,-20,-49,-1,0,-50,0,1,-2,-28,0,-30,25,-50,-1,-9,0,-10,0,1,2,8,0,10,10,30,1,1,0,2,-75,2,-40,0,0,-40,200,-50,0,0,-50,25,1,30,10,-50,-10,200,5,30,20,5,-50,-25
76cc9ade-e509-43f5-a978-2b69b927af1e,Commercial,C172_1_1,2,400,200,200,400,0,21.2,513.94452,11.76252,546.90704,0,280844,302.8,212598.908,55.80564,212957.5136,-2000,2,-195,-5,0,-200,50,-20,-49,-1,0,-50,0,1,-2,-28,0,-30,25,-50,-1,-9,0,-10,0,1,2,8,0,10,10,30,1,1,0,2,-75,2,-40,0,0,-40,200,-50,0,0,-50,25,1,30,10,-50,-10,200,5,30,20,5,-50,-25
58e23044-62ce-483d-ae03-31a6d4a92b29,Commercial,C378_1_1,2,400,200,200,400,0,21.2,513.94452,11.76252,546.90704,0,280844,302.8,212598.908,55.80564,212957.5136,-2000,2,-195,-5,0,-200,50,-20,-49,-1,0,-50,0,1,-2,-28,0,-30,25,-50,-1,-9,0,-10,0,1,2,8,0,10,10,30,1,1,0,2,-75,2,-40,0,0,-40,200,-50,0,0,-50,25,1,30,10,-50,-10,200,5,30,20,5,-50,-25
7416cc49-e383-4ef7-8f53-a2b3d6f6f6ca,Commercial,C79_1_1,2,400,200,200,400,0,21.2,513.94452,11.76252,546.90704,0,280844,302.8,212598.908,55.80564,212957.5136,-2000,2,-195,-5,0,-200,50,-20,-49,-1,0,-50,0,1,-2,-28,0,-30,25,-50,-1,-9,0,-10,0,1,2,8,0,10,10,30,1,1,0,2,-75,2,-40,0,0,-40,200,-50,0,0,-50,25,1,30,10,-50,-10,200,5,30,20,5,-50,-25
673d693d-d87c-40e3-a113-17eea1a7c047,Commercial,C22_1_1,2,400,200,200,400,0,21.2,513.94452,11.76252,546.90704,0,280844,302.8,212598.908,55.80564,212957.5136,-2000,2,-195,-5,0,-200,50,-20,-49,-1,0,-50,0,1,-2,-28,0,-30,25,-50,-1,-9,0,-10,0,1,2,8,0,10,10,30,1,1,0,2,-75,2,-40,0,0,-40,200,-50,0,0,-50,25,1,30,10,-50,-10,200,5,30,20,5,-50,-25
b9b85d3d-c36a-4124-97cd-b187fd10f60f,Commercial,C366_1_1,2,400,200,200,400,0,21.2,513.94452,11.76252,546.90704,0,280844,302.8,212598.908,55.80564,212957.5136,-2000,2,-195,-5,0,-200,50,-20,-49,-1,0,-50,0,1,-2,-28,0,-30,25,-50,-1,-9,0,-10,0,1,2,8,0,10,10,30,1,1,0,2,-75,2,-40,0,0,-40,200,-50,0,0,-50,25,1,30,10,-50,-10,200,5,30,20,5,-50,-25
ccef3fa0-cd8d-44ef-adf8-3547180bfcd9,Commercial,C50_1_1,2,400,200,200,400,0,21.2,513.94452,11.76252,546.90704,0,280844,302.8,212598.908,55.80564,212957.5136,-2000,2,-195,-5,0,-200,50,-20,-49,-1,0,-50,0,1,-2,-28,0,-30,25,-50,-1,-9,0,-10,0,1,2,8,0,10,10,30,1,1,0,2,-75,2,-40,0,0,-40,200,-50,0,0,-50,25,1,30,10,-50,-10,200,5,30,20,5,-50,-25
8d571d30-fe1b-485c-81f8-80fa59e71b98,Commercial,C146_1_1,2,400,200,200,400,0,21.2,513.94452,11.76252,546.90704,0,280844,302.8,212598.908,55.80564,212957.5136,-2000,2,-195,-5,0,-200,50,-20,-49,-1,0,-50,0,1,-2,-28,0,-30,25,-50,-1,-9,0,-10,0,1,2,8,0,10,10,30,1,1,0,2,-75,2,-40,0,0,-40,200,-50,0,0,-50,25,1,30,10,-50,-10,200,5,30,20,5,-50,-25
d96e227d-34c4-4c1d-87ee-8ecf10412c3b,Commercial,C170_1_1,2,400,200,200,400,0,21.2,513.94452,11.76252,546.90704,0,280844,302.8,212598.908,55.80564,212957.5136,-2000,2,-195,-5,0,-200,50,-20,-49,-1,0,-50,0,1,-2,-28,0,-30,25,-50,-1,-9,0,-10,0,1,2,8,0,10,10,30,1,1,0,2,-75,2,-40,0,0,-40,200,-50,0,0,-50,25,1,30,10,-50,-10,200,5,30,20,5,-50,-25
2b639c90-e8d0-4db6-94c8-e0b6d1efa46f,Commercial,C231_1_1,2,400,200,200,400,0,21.2,513.94452,11.76252,546.90704,0,280844,302.8,212598.908,55.80564,212957.5136,-2000,2,-195,-5,0,-200,50,-20,-49,-1,0,-50,0,1,-2,-28,0,-30,25,-50,-1,-9,0,-10,0,1,2,8,0,10,10,30,1,1,0,2,-75,2,-40,0,0,-40,200,-50,0,0,-50,25,1,30,10,-50,-10,200,5,30,20,5,-50,-25
a41cd442-9354-41bb-84c2-4d2d34650d29,Commercial,C148_1_1,2,400,200,200,400,0,21.2,513.94452,11.76252,546.90704,0,280844,302.8,212598.908,55.80564,212957.5136,-2000,2,-195,-5,0,-200,50,-20,-49,-1,0,-50,0,1,-2,-28,0,-30,25,-50,-1,-9,0,-10,0,1,2,8,0,10,10,30,1,1,0,2,-75,2,-40,0,0,-40,200,-50,0,0,-50,25,1,30,10,-50,-10,200,5,30,20,5,-50,-25
aa34f50b-7fda-40b5-bf96-47d9a2cb54a3,Commercial,C51_1_1,2,400,200,200,400,0,21.2,513.94452,11.76252,546.90704,0,280844,302.8,212598.908,55.80564,212957.5136,-2000,2,-195,-5,0,-200,50,-20,-49,-1,0,-50,0,1,-2,-28,0,-30,25,-50,-1,-9,0,-10,0,1,2,8,0,10,10,30,1,1,0,2,-75,2,-40,0,0,-40,200,-50,0,0,-50,25,1,30,10,-50,-10,200,5,30,20,5,-50,-25
ea6080c4-2bcb-4e7a-8549-5ac2de77bfa4,Commercial,C201_1_1,2,400,200,200,400,0,21.2,513.94452,11.76252,546.90704,0,280844,302.8,212598.908,55.80564,212957.5136,-2000,2,-195,-5,0,-200,50,-20,-49,-1,0,-50,0,1,-2,-28,0,-30,25,-50,-1,-9,0,-10,0,1,2,8,0,10,10,30,1,1,0,2,-75,2,-40,0,0,-40,200,-50,0,0,-50,25,1,30,10,-50,-10,200,5,30,20,5,-50,-25
bbf5edd3-0dd4-4b7a-94b7-e3634de860d4,Commercial,C373_1_1,2,400,200,200,400,0,21.2,513.94452,11.76252,546.90704,0,280844,302.8,212598.908,55.80564,212957.5136,-2000,2,-195,-5,0,-200,50,-20,-49,-1,0,-50,0,1,-2,-28,0,-30,25,-50,-1,-9,0,-10,0,1,2,8,0,10,10,30,1,1,0,2,-75,2,-40,0,0,-40,200,-50,0,0,-50,25,1,30,10,-50,-10,200,5,30,20,5,-50,-25
d358f2a9-253f-46ab-a47e-ba6b2b2b773f,Commercial,C8_1_1,2,400,200,200,400,0,21.2,513.94452,11.76252,546.90704,0,280844,302.8,212598.908,55.80564,212957.5136,-2000,2,-195,-5,0,-200,50,-20,-49,-1,0,-50,0,1,-2,-28,0,-30,25,-50,-1,-9,0,-10,0,1,2,8,0,10,10,30,1,1,0,2,-75,2,-40,0,0,-40,200,-50,0,0,-50,25,1,30,10,-50,-10,200,5,30,20,5,-50,-25
19ec46c6-a7a9-4b16-9dec-5b5853e785f5,Commercial,C89_1_1,2,400,200,200,400,0,21.2,513.94452,11.76252,546.90704,0,280844,302.8,212598.908,55.80564,212957.5136,-2000,2,-195,-5,0,-200,50,-20,-49,-1,0,-50,0,1,-2,-28,0,-30,25,-50,-1,-9,0,-10,0,1,2,8,0,10,10,30,1,1,0,2,-75,2,-40,0,0,-40,200,-50,0,0,-50,25,1,30,10,-50,-10,200,5,30,20,5,-50,-25
4373b113-f226-4ee4-99e2-f6682a9dc55b,Commercial,C82_1_1,2,400,200,200,400,0,21.2,513.94452,11.76252,546.90704,0,280844,302.8,212598.908,55.80564,212957.5136,-2000,2,-195,-5,0,-200,50,-20,-49,-1,0,-50,0,1,-2,-28,0,-30,25,-50,-1,-9,0,-10,0,1,2,8,0,10,10,30,1,1,0,2,-75,2,-40,0,0,-40,200,-50,0,0,-50,25,1,30,10,-50,-10,200,5,30,20,5,-50,-25
60211828-4e44-4a2b-b173-966c7d562992,Commercial,C309_1_1,2,400,200,200,400,0,21.2,513.94452,11.76252,546.90704,0,280844,302.8,212598.908,55.80564,212957.5136,-2000,2,-195,-5,0,-200,50,-20,-49,-1,0,-50,0,1,-2,-28,0,-30,25,-50,-1,-9,0,-10,0,1,2,8,0,10,10,30,1,1,0,2,-75,2,-40,0,0,-40,200,-50,0,0,-50,25,1,30,10,-50,-10,200,5,30,20,5,-50,-25
1f241ca5-39e1-4bc1-8722-2a6b92b34a05,Commercial,C290_1_1,2,400,200,200,400,0,21.2,513.94452,11.76252,546.90704,0,280844,302.8,212598.908,55.80564,212957.5136,-2000,2,-195,-5,0,-200,50,-20,-49,-1,0,-50,0,1,-2,-28,0,-30,25,-50,-1,-9,0,-10,0,1,2,8,0,10,10,30,1,1,0,2,-75,2,-40,0,0,-40,200,-50,0,0,-50,25,1,30,10,-50,-10,200,5,30,20,5,-50,-25
c75a15ff-4a8c-41e8-a234-38b4491691db,Commercial,C245_1_1,2,400,200,200,400,0,21.2,513.94452,11.76252,546.90704,0,280844,302.8,212598.908,55.80564,212957.5136,-2000,2,-195,-5,0,-200,50,-20,-49,-1,0,-50,0,1,-2,-28,0,-30,25,-50,-1,-9,0,-10,0,1,2,8,0,10,10,30,1,1,0,2,-75,2,-40,0,0,-40,200,-50,0,0,-50,25,1,30,10,-50,-10,200,5,30,20,5,-50,-25
a1a9e933-85cf-48db-aa35-63af07440ae1,Commercial,C122_1_1,2,400,200,200,400,0,21.2,513.94452,11.76252,546.90704,0,280844,302.8,212598.908,55.80564,212957.5136,-2000,2,-195,-5,0,-200,50,-20,-49,-1,0,-50,0,1,-2,-28,0,-30,25,-50,-1,-9,0,-10,0,1,2,8,0,10,10,30,1,1,0,2,-75,2,-40,0,0,-40,200,-50,0,0,-50,25,1,30,10,-50,-10,200,5,30,20,5,-50,-25
63972a34-8b22-456b-b9bb-384a92d9bf02,Commercial,C368_1_1,2,400,200,200,400,0,21.2,513.94452,11.76252,546.90704,0,280844,302.8,212598.908,55.80564,212957.5136,-2000,2,-195,-5,0,-200,50,-20,-49,-1,0,-50,0,1,-2,-28,0,-30,25,-50,-1,-9,0,-10,0,1,2,8,0,10,10,30,1,1,0,2,-75,2,-40,0,0,-40,200,-50,0,0,-50,25,1,30,10,-50,-10,200,5,30,20,5,-50,-25
40ae501e-8081-4ef8-bdb2-544b0edc017e,Commercial,C7_1_1,2,400,200,200,400,0,21.2,513.94452,11.76252,546.90704,0,280844,302.8,212598.908,55.80564,212957.5136,-2000,2,-195,-5,0,-200,50,-20,-49,-1,0,-50,0,1,-2,-28,0,-30,25,-50,-1,-9,0,-10,0,1,2,8,0,10,10,30,1,1,0,2,-75,2,-40,0,0,-40,200,-50,0,0,-50,25,1,30,10,-50,-10,200,5,30,20,5,-50,-25
7489ca71-3b81-483c-96df-9f2bee9c17d1,Commercial,C5_1_1,2,400,200,200,400,0,21.2,513.94452,11.76252,546.90704,0,280844,302.8,212598.908,55.80564,212957.5136,-2000,2,-195,-5,0,-200,50,-20,-49,-1,0,-50,0,1,-2,-28,0,-30,25,-50,-1,-9,0,-10,0,1,2,8,0,10,10,30,1,1,0,2,-75,2,-40,0,0,-40,200,-50,0,0,-50,25,1,30,10,-50,-10,200,5,30,20,5,-50,-25
00b962ce-0019-45e5-984f-d5e183eb96f9,Commercial,C121_1_1,2,400,200,200,400,0,21.2,513.94452,11.76252,546.90704,0,280844,302.8,212598.908,55.80564,212957.5136,-2000,2,-195,-5,0,-200,50,-20,-49,-1,0,-50,0,1,-2,-28,0,-30,25,-50,-1,-9,0,-10,0,1,2,8,0,10,10,30,1,1,0,2,-75,2,-40,0,0,-40,200,-50,0,0,-50,25,1,30,10,-50,-10,200,5,30,20,5,-50,-25
275b1614-1552-4445-99ca-3bb39b4ae102,Commercial,C3_1_1,2,400,200,200,400,0,21.2,513.94452,11.76252,546.90704,0,280844,302.8,212598.908,55.80564,212957.5136,-2000,2,-195,-5,0,-200,50,-20,-49,-1,0,-50,0,1,-2,-28,0,-30,25,-50,-1,-9,0,-10,0,1,2,8,0,10,10,30,1,1,0,2,-75,2,-40,0,0,-40,200,-50,0,0,-50,25,1,30,10,-50,-10,200,5,30,20,5,-50,-25
a4826758-8a56-4253-9fc3-e0e0e644c217,Commercial,C71_1_1,2,400,200,200,400,0,21.2,513.94452,11.76252,546.90704,0,280844,302.8,212598.908,55.80564,212957.5136,-2000,2,-195,-5,0,-200,50,-20,-49,-1,0,-50,0,1,-2,-28,0,-30,25,-50,-1,-9,0,-10,0,1,2,8,0,10,10,30,1,1,0,2,-75,2,-40,0,0,-40,200,-50,0,0,-50,25,1,30,10,-50,-10,200,5,30,20,5,-50,-25
73c8dcf6-6941-4dce-b123-cccfbba49180,Commercial,C357_1_1,2,400,200,200,400,0,21.2,513.94452,11.76252,546.90704,0,280844,302.8,212598.908,55.80564,212957.5136,-2000,2,-195,-5,0,-200,50,-20,-49,-1,0,-50,0,1,-2,-28,0,-30,25,-50,-1,-9,0,-10,0,1,2,8,0,10,10,30,1,1,0,2,-75,2,-40,0,0,-40,200,-50,0,0,-50,25,1,30,10,-50,-10,200,5,30,20,5,-50,-25
3fd9df84-e7c2-43c2-8208-20d5f96605e0,Commercial,C293_1_1,2,400,200,200,400,0,21.2,513.94452,11.76252,546.90704,0,280844,302.8,212598.908,55.80564,212957.5136,-2000,2,-195,-5,0,-200,50,-20,-49,-1,0,-50,0,1,-2,-28,0,-30,25,-50,-1,-9,0,-10,0,1,2,8,0,10,10,30,1,1,0,2,-75,2,-40,0,0,-40,200,-50,0,0,-50,25,1,30,10,-50,-10,200,5,30,20,5,-50,-25
6ac4792a-d24b-40f3-8853-c23349280b3e,Commercial,C119_1_1,2,400,200,200,400,0,21.2,513.94452,11.76252,546.90704,0,280844,302.8,212598.908,55.80564,212957.5136,-2000,2,-195,-5,0,-200,50,-20,-49,-1,0,-50,0,1,-2,-28,0,-30,25,-50,-1,-9,0,-10,0,1,2,8,0,10,10,30,1,1,0,2,-75,2,-40,0,0,-40,200,-50,0,0,-50,25,1,30,10,-50,-10,200,5,30,20,5,-50,-25
f1e03398-a87f-467b-a3d9-27a2a8e0b19f,Commercial,C12_1_1,2,400,200,200,400,0,21.2,513.94452,11.76252,546.90704,0,280844,302.8,212598.908,55.80564,212957.5136,-2000,2,-195,-5,0,-200,50,-20,-49,-1,0,-50,0,1,-2,-28,0,-30,25,-50,-1,-9,0,-10,0,1,2,8,0,10,10,30,1,1,0,2,-75,2,-40,0,0,-40,200,-50,0,0,-50,25,1,30,10,-50,-10,200,5,30,20,5,-50,-25
185ddea1-dce0-48ed-97c3-12331a031ba8,Commercial,C347_1_1,2,400,200,200,400,0,21.2,513.94452,11.76252,546.90704,0,280844,302.8,212598.908,55.80564,212957.5136,-2000,2,-195,-5,0,-200,50,-20,-49,-1,0,-50,0,1,-2,-28,0,-30,25,-50,-1,-9,0,-10,0,1,2,8,0,10,10,30,1,1,0,2,-75,2,-40,0,0,-40,200,-50,0,0,-50,25,1,30,10,-50,-10,200,5,30,20,5,-50,-25
3da7dd91-f676-4803-85b0-a71515ca3ab5,Commercial,C135_1_1,2,400,200,200,400,0,21.2,513.94452,11.76252,546.90704,0,280844,302.8,212598.908,55.80564,212957.5136,-2000,2,-195,-5,0,-200,50,-20,-49,-1,0,-50,0,1,-2,-28,0,-30,25,-50,-1,-9,0,-10,0,1,2,8,0,10,10,30,1,1,0,2,-75,2,-40,0,0,-40,200,-50,0,0,-50,25,1,30,10,-50,-10,200,5,30,20,5,-50,-25
6a8a8ef7-084b-4677-b8c8-146a80f99b54,Commercial,C333_1_1,2,400,200,200,400,0,21.2,513.94452,11.76252,546.90704,0,280844,302.8,212598.908,55.80564,212957.5136,-2000,2,-195,-5,0,-200,50,-20,-49,-1,0,-50,0,1,-2,-28,0,-30,25,-50,-1,-9,0,-10,0,1,2,8,0,10,10,30,1,1,0,2,-75,2,-40,0,0,-40,200,-50,0,0,-50,25,1,30,10,-50,-10,200,5,30,20,5,-50,-25
8299c1a8-a16c-4167-88be-24d3b0380355,Commercial,C65_1_1,2,400,200,200,400,0,21.2,513.94452,11.76252,546.90704,0,280844,302.8,212598.908,55.80564,212957.5136,-2000,2,-195,-5,0,-200,50,-20,-49,-1,0,-50,0,1,-2,-28,0,-30,25,-50,-1,-9,0,-10,0,1,2,8,0,10,10,30,1,1,0,2,-75,2,-40,0,0,-40,200,-50,0,0,-50,25,1,30,10,-50,-10,200,5,30,20,5,-50,-25
ed7807e4-4fa0-4b64-8a53-90bc5dae06e6,Commercial,C189_1_1,2,400,200,200,400,0,21.2,513.94452,11.76252,546.90704,0,280844,302.8,212598.908,55.80564,212957.5136,-2000,2,-195,-5,0,-200,50,-20,-49,-1,0,-50,0,1,-2,-28,0,-30,25,-50,-1,-9,0,-10,0,1,2,8,0,10,10,30,1,1,0,2,-75,2,-40,0,0,-40,200,-50,0,0,-50,25,1,30,10,-50,-10,200,5,30,20,5,-50,-25
4e9ba624-9bab-4498-b87c-4d34b7ef11a9,Commercial,C176_1_1,2,400,200,200,400,0,21.2,513.94452,11.76252,546.90704,0,280844,302.8,212598.908,55.80564,212957.5136,-2000,2,-195,-5,0,-200,50,-20,-49,-1,0,-50,0,1,-2,-28,0,-30,25,-50,-1,-9,0,-10,0,1,2,8,0,10,10,30,1,1,0,2,-75,2,-40,0,0,-40,200,-50,0,0,-50,25,1,30,10,-50,-10,200,5,30,20,5,-50,-25
79d04ebd-2f75-40b0-988a-94d4c4df8558,Commercial,C108_1_1,2,400,200,200,400,0,21.2,513.94452,11.76252,546.90704,0,280844,302.8,212598.908,55.80564,212957.5136,-2000,2,-195,-5,0,-200,50,-20,-49,-1,0,-50,0,1,-2,-28,0,-30,25,-50,-1,-9,0,-10,0,1,2,8,0,10,10,30,1,1,0,2,-75,2,-40,0,0,-40,200,-50,0,0,-50,25,1,30,10,-50,-10,200,5,30,20,5,-50,-25
21742f32-208f-4dc4-8bbb-d980db639b40,Commercial,C320_1_1,2,400,200,200,400,0,21.2,513.94452,11.76252,546.90704,0,280844,302.8,212598.908,55.80564,212957.5136,-2000,2,-195,-5,0,-200,50,-20,-49,-1,0,-50,0,1,-2,-28,0,-30,25,-50,-1,-9,0,-10,0,1,2,8,0,10,10,30,1,1,0,2,-75,2,-40,0,0,-40,200,-50,0,0,-50,25,1,30,10,-50,-10,200,5,30,20,5,-50,-25
da15d1d3-caf1-4695-9888-4a634788b37e,Commercial,C158_1_1,2,400,200,200,400,0,21.2,513.94452,11.76252,546.90704,0,280844,302.8,212598.908,55.80564,212957.5136,-2000,2,-195,-5,0,-200,50,-20,-49,-1,0,-50,0,1,-2,-28,0,-30,25,-50,-1,-9,0,-10,0,1,2,8,0,10,10,30,1,1,0,2,-75,2,-40,0,0,-40,200,-50,0,0,-50,25,1,30,10,-50,-10,200,5,30,20,5,-50,-25
cd62ee37-f4d1-41c6-bc03-31b9b07410df,Commercial,C279_1_1,2,400,200,200,400,0,21.2,513.94452,11.76252,546.90704,0,280844,302.8,212598.908,55.80564,212957.5136,-2000,2,-195,-5,0,-200,50,-20,-49,-1,0,-50,0,1,-2,-28,0,-30,25,-50,-1,-9,0,-10,0,1,2,8,0,10,10,30,1,1,0,2,-75,2,-40,0,0,-40,200,-50,0,0,-50,25,1,30,10,-50,-10,200,5,30,20,5,-50,-25
d0ac7e70-e1a1-4c3f-8483-34f0c0e65a61,Commercial,C178_1_1,2,400,200,200,400,0,21.2,513.94452,11.76252,546.90704,0,280844,302.8,212598.908,55.80564,212957.5136,-2000,2,-195,-5,0,-200,50,-20,-49,-1,0,-50,0,1,-2,-28,0,-30,25,-50,-1,-9,0,-10,0,1,2,8,0,10,10,30,1,1,0,2,-75,2,-40,0,0,-40,200,-50,0,0,-50,25,1,30,10,-50,-10,200,5,30,20,5,-50,-25
3d2fb056-402f-4be4-88e0-ea8c210cbf42,Commercial,C209_1_1,2,400,200,200,400,0,21.2,513.94452,11.76252,546.90704,0,280844,302.8,212598.908,55.80564,212957.5136,-2000,2,-195,-5,0,-200,50,-20,-49,-1,0,-50,0,1,-2,-28,0,-30,25,-50,-1,-9,0,-10,0,1,2,8,0,10,10,30,1,1,0,2,-75,2,-40,0,0,-40,200,-50,0,0,-50,25,1,30,10,-50,-10,200,5,30,20,5,-50,-25
54de6539-71a9-42b5-b7cb-ce95f83666f6,Commercial,C58_1_1,2,400,200,200,400,0,21.2,513.94452,11.76252,546.90704,0,280844,302.8,212598.908,55.80564,212957.5136,-2000,2,-195,-5,0,-200,50,-20,-49,-1,0,-50,0,1,-2,-28,0,-30,25,-50,-1,-9,0,-10,0,1,2,8,0,10,10,30,1,1,0,2,-75,2,-40,0,0,-40,200,-50,0,0,-50,25,1,30,10,-50,-10,200,5,30,20,5,-50,-25
6efdea39-7fd9-43b2-953a-20bb8d5f9753,Commercial,C140_1_1,2,400,200,200,400,0,21.2,513.94452,11.76252,546.90704,0,280844,302.8,212598.908,55.80564,212957.5136,-2000,2,-195,-5,0,-200,50,-20,-49,-1,0,-50,0,1,-2,-28,0,-30,25,-50,-1,-9,0,-10,0,1,2,8,0,10,10,30,1,1,0,2,-75,2,-40,0,0,-40,200,-50,0,0,-50,25,1,30,10,-50,-10,200,5,30,20,5,-50,-25
74228a4e-9249-4d32-a135-d54a9becc0ac,Commercial,C184_1_1,2,400,200,200,400,0,21.2,513.94452,11.76252,546.90704,0,280844,302.8,212598.908,55.80564,212957.5136,-2000,2,-195,-5,0,-200,50,-20,-49,-1,0,-50,0,1,-2,-28,0,-30,25,-50,-1,-9,0,-10,0,1,2,8,0,10,10,30,1,1,0,2,-75,2,-40,0,0,-40,200,-50,0,0,-50,25,1,30,10,-50,-10,200,5,30,20,5,-50,-25
4f152c0c-f3ae-49b2-8caf-414984b13549,Commercial,C15_1_1,2,400,200,200,400,0,21.2,513.94452,11.76252,546.90704,0,280844,302.8,212598.908,55.80564,212957.5136,-2000,2,-195,-5,0,-200,50,-20,-49,-1,0,-50,0,1,-2,-28,0,-30,25,-50,-1,-9,0,-10,0,1,2,8,0,10,10,30,1,1,0,2,-75,2,-40,0,0,-40,200,-50,0,0,-50,25,1,30,10,-50,-10,200,5,30,20,5,-50,-25
7f515acd-f0e3-48fa-a4b2-c43a2b8af3a7,Commercial,C295_1_1,2,400,200,200,400,0,21.2,513.94452,11.76252,546.90704,0,280844,302.8,212598.908,55.80564,212957.5136,-2000,2,-195,-5,0,-200,50,-20,-49,-1,0,-50,0,1,-2,-28,0,-30,25,-50,-1,-9,0,-10,0,1,2,8,0,10,10,30,1,1,0,2,-75,2,-40,0,0,-40,200,-50,0,0,-50,25,1,30,10,-50,-10,200,5,30,20,5,-50,-25
e7433799-1d69-4042-b990-b413f887b8a8,Commercial,C294_1_1,2,400,200,200,400,0,21.2,513.94452,11.76252,546.90704,0,280844,302.8,212598.908,55.80564,212957.5136,-2000,2,-195,-5,0,-200,50,-20,-49,-1,0,-50,0,1,-2,-28,0,-30,25,-50,-1,-9,0,-10,0,1,2,8,0,10,10,30,1,1,0,2,-75,2,-40,0,0,-40,200,-50,0,0,-50,25,1,30,10,-50,-10,200,5,30,20,5,-50,-25
4bcdbb68-c223-4cf9-b577-318f522782b5,Commercial,C92_1_1,2,400,200,200,400,0,21.2,513.94452,11.76252,546.90704,0,280844,302.8,212598.908,55.80564,212957.5136,-2000,2,-195,-5,0,-200,50,-20,-49,-1,0,-50,0,1,-2,-28,0,-30,25,-50,-1,-9,0,-10,0,1,2,8,0,10,10,30,1,1,0,2,-75,2,-40,0,0,-40,200,-50,0,0,-50,25,1,30,10,-50,-10,200,5,30,20,5,-50,-25
b870f0f9-94df-489a-a8f3-28f5039c4fae,Commercial,C239_1_1,2,400,200,200,400,0,21.2,513.94452,11.76252,546.90704,0,280844,302.8,212598.908,55.80564,212957.5136,-2000,2,-195,-5,0,-200,50,-20,-49,-1,0,-50,0,1,-2,-28,0,-30,25,-50,-1,-9,0,-10,0,1,2,8,0,10,10,30,1,1,0,2,-75,2,-40,0,0,-40,200,-50,0,0,-50,25,1,30,10,-50,-10,200,5,30,20,5,-50,-25
2c06a004-9322-4635-84e7-bfb49f79f4c5,Commercial,C275_1_1,2,400,200,200,400,0,21.2,513.94452,11.76252,546.90704,0,280844,302.8,212598.908,55.80564,212957.5136,-2000,2,-195,-5,0,-200,50,-20,-49,-1,0,-50,0,1,-2,-28,0,-30,25,-50,-1,-9,0,-10,0,1,2,8,0,10,10,30,1,1,0,2,-75,2,-40,0,0,-40,200,-50,0,0,-50,25,1,30,10,-50,-10,200,5,30,20,5,-50,-25
4b0e71f0-97a9-4abd-b407-a0c7d72e1c07,Commercial,C36_1_1,2,400,200,200,400,0,21.2,513.94452,11.76252,546.90704,0,280844,302.8,212598.908,55.80564,212957.5136,-2000,2,-195,-5,0,-200,50,-20,-49,-1,0,-50,0,1,-2,-28,0,-30,25,-50,-1,-9,0,-10,0,1,2,8,0,10,10,30,1,1,0,2,-75,2,-40,0,0,-40,200,-50,0,0,-50,25,1,30,10,-50,-10,200,5,30,20,5,-50,-25
6f78eafc-6b3f-42f3-98f4-f706a680b9d2,Commercial,C162_1_1,2,400,200,200,400,0,21.2,513.94452,11.76252,546.90704,0,280844,302.8,212598.908,55.80564,212957.5136,-2000,2,-195,-5,0,-200,50,-20,-49,-1,0,-50,0,1,-2,-28,0,-30,25,-50,-1,-9,0,-10,0,1,2,8,0,10,10,30,1,1,0,2,-75,2,-40,0,0,-40,200,-50,0,0,-50,25,1,30,10,-50,-10,200,5,30,20,5,-50,-25
4152e5f7-a2bd-4836-83e8-7736765a5738,Commercial,C371_1_1,2,400,200,200,400,0,21.2,513.94452,11.76252,546.90704,0,280844,302.8,212598.908,55.80564,212957.5136,-2000,2,-195,-5,0,-200,50,-20,-49,-1,0,-50,0,1,-2,-28,0,-30,25,-50,-1,-9,0,-10,0,1,2,8,0,10,10,30,1,1,0,2,-75,2,-40,0,0,-40,200,-50,0,0,-50,25,1,30,10,-50,-10,200,5,30,20,5,-50,-25
f6d65760-8f4b-495c-9897-82c299bbb0cd,Commercial,C296_1_1,2,400,200,200,400,0,21.2,513.94452,11.76252,546.90704,0,280844,302.8,212598.908,55.80564,212957.5136,-2000,2,-195,-5,0,-200,50,-20,-49,-1,0,-50,0,1,-2,-28,0,-30,25,-50,-1,-9,0,-10,0,1,2,8,0,10,10,30,1,1,0,2,-75,2,-40,0,0,-40,200,-50,0,0,-50,25,1,30,10,-50,-10,200,5,30,20,5,-50,-25
e00cff1d-da2d-460e-a4ca-782a1e262ac2,Commercial,C358_1_1,2,400,200,200,400,0,21.2,513.94452,11.76252,546.90704,0,280844,302.8,212598.908,55.80564,212957.5136,-2000,2,-195,-5,0,-200,50,-20,-49,-1,0,-50,0,1,-2,-28,0,-30,25,-50,-1,-9,0,-10,0,1,2,8,0,10,10,30,1,1,0,2,-75,2,-40,0,0,-40,200,-50,0,0,-50,25,1,30,10,-50,-10,200,5,30,20,5,-50,-25
6297a844-3980-4c05-9455-e19ed347b328,Commercial,C46_1_1,2,400,200,200,400,0,21.2,513.94452,11.76252,546.90704,0,280844,302.8,212598.908,55.80564,212957.5136,-2000,2,-195,-5,0,-200,50,-20,-49,-1,0,-50,0,1,-2,-28,0,-30,25,-50,-1,-9,0,-10,0,1,2,8,0,10,10,30,1,1,0,2,-75,2,-40,0,0,-40,200,-50,0,0,-50,25,1,30,10,-50,-10,200,5,30,20,5,-50,-25
6923c80a-6ad0-4d1d-879c-bc5faaa99e37,Commercial,C258_1_1,2,400,200,200,400,0,21.2,513.94452,11.76252,546.90704,0,280844,302.8,212598.908,55.80564,212957.5136,-2000,2,-195,-5,0,-200,50,-20,-49,-1,0,-50,0,1,-2,-28,0,-30,25,-50,-1,-9,0,-10,0,1,2,8,0,10,10,30,1,1,0,2,-75,2,-40,0,0,-40,200,-50,0,0,-50,25,1,30,10,-50,-10,200,5,30,20,5,-50,-25
36fbd9a3-b068-498f-af1b-55c5cdaa6510,Commercial,C73_1_1,2,400,200,200,400,0,21.2,513.94452,11.76252,546.90704,0,280844,302.8,212598.908,55.80564,212957.5136,-2000,2,-195,-5,0,-200,50,-20,-49,-1,0,-50,0,1,-2,-28,0,-30,25,-50,-1,-9,0,-10,0,1,2,8,0,10,10,30,1,1,0,2,-75,2,-40,0,0,-40,200,-50,0,0,-50,25,1,30,10,-50,-10,200,5,30,20,5,-50,-25
3da12ba6-3203-4a4a-8d1b-9b6d00eecb5a,Commercial,C337_1_1,2,400,200,200,400,0,21.2,513.94452,11.76252,546.90704,0,280844,302.8,212598.908,55.80564,212957.5136,-2000,2,-195,-5,0,-200,50,-20,-49,-1,0,-50,0,1,-2,-28,0,-30,25,-50,-1,-9,0,-10,0,1,2,8,0,10,10,30,1,1,0,2,-75,2,-40,0,0,-40,200,-50,0,0,-50,25,1,30,10,-50,-10,200,5,30,20,5,-50,-25
d9c50277-540d-45b2-ad9f-fd09aab065f4,Commercial,C9_1_1,2,400,200,200,400,0,21.2,513.94452,11.76252,546.90704,0,280844,302.8,212598.908,55.80564,212957.5136,-2000,2,-195,-5,0,-200,50,-20,-49,-1,0,-50,0,1,-2,-28,0,-30,25,-50,-1,-9,0,-10,0,1,2,8,0,10,10,30,1,1,0,2,-75,2,-40,0,0,-40,200,-50,0,0,-50,25,1,30,10,-50,-10,200,5,30,20,5,-50,-25
fbd51e78-f578-4d03-a4a0-51829961eea5,Commercial,C338_1_1,2,400,200,200,400,0,21.2,513.94452,11.76252,546.90704,0,280844,302.8,212598.908,55.80564,212957.5136,-2000,2,-195,-5,0,-200,50,-20,-49,-1,0,-50,0,1,-2,-28,0,-30,25,-50,-1,-9,0,-10,0,1,2,8,0,10,10,30,1,1,0,2,-75,2,-40,0,0,-40,200,-50,0,0,-50,25,1,30,10,-50,-10,200,5,30,20,5,-50,-25
db61ffcd-2fcc-43d2-8c37-f3498bfbaff2,Commercial,C185_1_1,2,400,200,200,400,0,21.2,513.94452,11.76252,546.90704,0,280844,302.8,212598.908,55.80564,212957.5136,-2000,2,-195,-5,0,-200,50,-20,-49,-1,0,-50,0,1,-2,-28,0,-30,25,-50,-1,-9,0,-10,0,1,2,8,0,10,10,30,1,1,0,2,-75,2,-40,0,0,-40,200,-50,0,0,-50,25,1,30,10,-50,-10,200,5,30,20,5,-50,-25
9e1906df-3410-4cec-ae68-e788f22d589b,Commercial,C112_1_1,2,400,200,200,400,0,21.2,513.94452,11.76252,546.90704,0,280844,302.8,212598.908,55.80564,212957.5136,-2000,2,-195,-5,0,-200,50,-20,-49,-1,0,-50,0,1,-2,-28,0,-30,25,-50,-1,-9,0,-10,0,1,2,8,0,10,10,30,1,1,0,2,-75,2,-40,0,0,-40,200,-50,0,0,-50,25,1,30,10,-50,-10,200,5,30,20,5,-50,-25
ef1af08a-b450-41cc-98cf-9249cbc77c71,Commercial,C14_1_1,2,400,200,200,400,0,21.2,513.94452,11.76252,546.90704,0,280844,302.8,212598.908,55.80564,212957.5136,-2000,2,-195,-5,0,-200,50,-20,-49,-1,0,-50,0,1,-2,-28,0,-30,25,-50,-1,-9,0,-10,0,1,2,8,0,10,10,30,1,1,0,2,-75,2,-40,0,0,-40,200,-50,0,0,-50,25,1,30,10,-50,-10,200,5,30,20,5,-50,-25
3449de09-fc57-4e0b-b30a-91a3436cb844,Commercial,C41_1_1,2,400,200,200,400,0,21.2,513.94452,11.76252,546.90704,0,280844,302.8,212598.908,55.80564,212957.5136,-2000,2,-195,-5,0,-200,50,-20,-49,-1,0,-50,0,1,-2,-28,0,-30,25,-50,-1,-9,0,-10,0,1,2,8,0,10,10,30,1,1,0,2,-75,2,-40,0,0,-40,200,-50,0,0,-50,25,1,30,10,-50,-10,200,5,30,20,5,-50,-25
930c210b-2f86-46c7-8ee3-2c8b4521bf3d,Commercial,C102_1_1,2,400,200,200,400,0,21.2,513.94452,11.76252,546.90704,0,280844,302.8,212598.908,55.80564,212957.5136,-2000,2,-195,-5,0,-200,50,-20,-49,-1,0,-50,0,1,-2,-28,0,-30,25,-50,-1,-9,0,-10,0,1,2,8,0,10,10,30,1,1,0,2,-75,2,-40,0,0,-40,200,-50,0,0,-50,25,1,30,10,-50,-10,200,5,30,20,5,-50,-25
96588cca-9586-48f7-b0ed-b558079d8790,Commercial,C325_1_1,2,400,200,200,400,0,21.2,513.94452,11.76252,546.90704,0,280844,302.8,212598.908,55.80564,212957.5136,-2000,2,-195,-5,0,-200,50,-20,-49,-1,0,-50,0,1,-2,-28,0,-30,25,-50,-1,-9,0,-10,0,1,2,8,0,10,10,30,1,1,0,2,-75,2,-40,0,0,-40,200,-50,0,0,-50,25,1,30,10,-50,-10,200,5,30,20,5,-50,-25
1a0549e0-240a-4160-b151-433580497d1c,Commercial,C287_1_1,2,400,200,200,400,0,21.2,513.94452,11.76252,546.90704,0,280844,302.8,212598.908,55.80564,212957.5136,-2000,2,-195,-5,0,-200,50,-20,-49,-1,0,-50,0,1,-2,-28,0,-30,25,-50,-1,-9,0,-10,0,1,2,8,0,10,10,30,1,1,0,2,-75,2,-40,0,0,-40,200,-50,0,0,-50,25,1,30,10,-50,-10,200,5,30,20,5,-50,-25
2067f5f0-55a7-49dc-897b-219b619f41ac,Commercial,C104_1_1,2,400,200,200,400,0,21.2,513.94452,11.76252,546.90704,0,280844,302.8,212598.908,55.80564,212957.5136,-2000,2,-195,-5,0,-200,50,-20,-49,-1,0,-50,0,1,-2,-28,0,-30,25,-50,-1,-9,0,-10,0,1,2,8,0,10,10,30,1,1,0,2,-75,2,-40,0,0,-40,200,-50,0,0,-50,25,1,30,10,-50,-10,200,5,30,20,5,-50,-25
c779ba36-1566-40f1-b3f2-0d59f4b33a9f,Commercial,C349_1_1,2,400,200,200,400,0,21.2,513.94452,11.76252,546.90704,0,280844,302.8,212598.908,55.80564,212957.5136,-2000,2,-195,-5,0,-200,50,-20,-49,-1,0,-50,0,1,-2,-28,0,-30,25,-50,-1,-9,0,-10,0,1,2,8,0,10,10,30,1,1,0,2,-75,2,-40,0,0,-40,200,-50,0,0,-50,25,1,30,10,-50,-10,200,5,30,20,5,-50,-25
d4ad5ecc-5776-4eb6-9508-f9c886a44d8d,Commercial,C264_1_1,2,400,200,200,400,0,21.2,513.94452,11.76252,546.90704,0,280844,302.8,212598.908,55.80564,212957.5136,-2000,2,-195,-5,0,-200,50,-20,-49,-1,0,-50,0,1,-2,-28,0,-30,25,-50,-1,-9,0,-10,0,1,2,8,0,10,10,30,1,1,0,2,-75,2,-40,0,0,-40,200,-50,0,0,-50,25,1,30,10,-50,-10,200,5,30,20,5,-50,-25
2b3eebfd-80a0-4bc9-93c6-75cb16b359fe,Commercial,C93_1_1,2,400,200,200,400,0,21.2,513.94452,11.76252,546.90704,0,280844,302.8,212598.908,55.80564,212957.5136,-2000,2,-195,-5,0,-200,50,-20,-49,-1,0,-50,0,1,-2,-28,0,-30,25,-50,-1,-9,0,-10,0,1,2,8,0,10,10,30,1,1,0,2,-75,2,-40,0,0,-40,200,-50,0,0,-50,25,1,30,10,-50,-10,200,5,30,20,5,-50,-25
37baf5d1-0b77-4f68-8b14-971092471a36,Commercial,C138_1_1,2,400,200,200,400,0,21.2,513.94452,11.76252,546.90704,0,280844,302.8,212598.908,55.80564,212957.5136,-2000,2,-195,-5,0,-200,50,-20,-49,-1,0,-50,0,1,-2,-28,0,-30,25,-50,-1,-9,0,-10,0,1,2,8,0,10,10,30,1,1,0,2,-75,2,-40,0,0,-40,200,-50,0,0,-50,25,1,30,10,-50,-10,200,5,30,20,5,-50,-25
d55d082b-d086-4bed-ac57-be6788f7c2cd,Commercial,C244_1_1,2,400,200,200,400,0,21.2,513.94452,11.76252,546.90704,0,280844,302.8,212598.908,55.80564,212957.5136,-2000,2,-195,-5,0,-200,50,-20,-49,-1,0,-50,0,1,-2,-28,0,-30,25,-50,-1,-9,0,-10,0,1,2,8,0,10,10,30,1,1,0,2,-75,2,-40,0,0,-40,200,-50,0,0,-50,25,1,30,10,-50,-10,200,5,30,20,5,-50,-25
1435a448-e59b-4450-9085-df2e2ac70b0a,Commercial,C271_1_1,2,400,200,200,400,0,21.2,513.94452,11.76252,546.90704,0,280844,302.8,212598.908,55.80564,212957.5136,-2000,2,-195,-5,0,-200,50,-20,-49,-1,0,-50,0,1,-2,-28,0,-30,25,-50,-1,-9,0,-10,0,1,2,8,0,10,10,30,1,1,0,2,-75,2,-40,0,0,-40,200,-50,0,0,-50,25,1,30,10,-50,-10,200,5,30,20,5,-50,-25
98ce8d92-c900-4fd3-85e3-668dc904512f,Commercial,C64_1_1,2,400,200,200,400,0,21.2,513.94452,11.76252,546.90704,0,280844,302.8,212598.908,55.80564,212957.5136,-2000,2,-195,-5,0,-200,50,-20,-49,-1,0,-50,0,1,-2,-28,0,-30,25,-50,-1,-9,0,-10,0,1,2,8,0,10,10,30,1,1,0,2,-75,2,-40,0,0,-40,200,-50,0,0,-50,25,1,30,10,-50,-10,200,5,30,20,5,-50,-25
86731904-273c-48d4-b345-5485cdec90ba,Commercial,C360_1_1,2,400,200,200,400,0,21.2,513.94452,11.76252,546.90704,0,280844,302.8,212598.908,55.80564,212957.5136,-2000,2,-195,-5,0,-200,50,-20,-49,-1,0,-50,0,1,-2,-28,0,-30,25,-50,-1,-9,0,-10,0,1,2,8,0,10,10,30,1,1,0,2,-75,2,-40,0,0,-40,200,-50,0,0,-50,25,1,30,10,-50,-10,200,5,30,20,5,-50,-25
19569d01-d734-4bf5-b4fe-8be025ab30c7,Commercial,C243_1_1,2,400,200,200,400,0,21.2,513.94452,11.76252,546.90704,0,280844,302.8,212598.908,55.80564,212957.5136,-2000,2,-195,-5,0,-200,50,-20,-49,-1,0,-50,0,1,-2,-28,0,-30,25,-50,-1,-9,0,-10,0,1,2,8,0,10,10,30,1,1,0,2,-75,2,-40,0,0,-40,200,-50,0,0,-50,25,1,30,10,-50,-10,200,5,30,20,5,-50,-25
3639853f-0b41-4916-a248-348a4f0fa452,Commercial,C13_1_1,2,400,200,200,400,0,21.2,513.94452,11.76252,546.90704,0,280844,302.8,212598.908,55.80564,212957.5136,-2000,2,-195,-5,0,-200,50,-20,-49,-1,0,-50,0,1,-2,-28,0,-30,25,-50,-1,-9,0,-10,0,1,2,8,0,10,10,30,1,1,0,2,-75,2,-40,0,0,-40,200,-50,0,0,-50,25,1,30,10,-50,-10,200,5,30,20,5,-50,-25
324f45cf-d7bb-4d5f-9938-b84267b8a7be,Commercial,C311_1_1,2,400,200,200,400,0,21.2,513.94452,11.76252,546.90704,0,280844,302.8,212598.908,55.80564,212957.5136,-2000,2,-195,-5,0,-200,50,-20,-49,-1,0,-50,0,1,-2,-28,0,-30,25,-50,-1,-9,0,-10,0,1,2,8,0,10,10,30,1,1,0,2,-75,2,-40,0,0,-40,200,-50,0,0,-50,25,1,30,10,-50,-10,200,5,30,20,5,-50,-25
d52edf36-f58b-4111-a087-6d544affbdfd,Commercial,C25_1_1,2,400,200,200,400,0,21.2,513.94452,11.76252,546.90704,0,280844,302.8,212598.908,55.80564,212957.5136,-2000,2,-195,-5,0,-200,50,-20,-49,-1,0,-50,0,1,-2,-28,0,-30,25,-50,-1,-9,0,-10,0,1,2,8,0,10,10,30,1,1,0,2,-75,2,-40,0,0,-40,200,-50,0,0,-50,25,1,30,10,-50,-10,200,5,30,20,5,-50,-25
efc56541-0df7-4227-80b8-e710abdc5e36,Commercial,C330_1_1,2,400,200,200,400,0,21.2,513.94452,11.76252,546.90704,0,280844,302.8,212598.908,55.80564,212957.5136,-2000,2,-195,-5,0,-200,50,-20,-49,-1,0,-50,0,1,-2,-28,0,-30,25,-50,-1,-9,0,-10,0,1,2,8,0,10,10,30,1,1,0,2,-75,2,-40,0,0,-40,200,-50,0,0,-50,25,1,30,10,-50,-10,200,5,30,20,5,-50,-25
735e88cc-8205-4526-8e66-199963022a23,Commercial,C200_1_1,2,400,200,200,400,0,21.2,513.94452,11.76252,546.90704,0,280844,302.8,212598.908,55.80564,212957.5136,-2000,2,-195,-5,0,-200,50,-20,-49,-1,0,-50,0,1,-2,-28,0,-30,25,-50,-1,-9,0,-10,0,1,2,8,0,10,10,30,1,1,0,2,-75,2,-40,0,0,-40,200,-50,0,0,-50,25,1,30,10,-50,-10,200,5,30,20,5,-50,-25
21218613-ce09-44b5-96bd-344be5c96c97,Commercial,C257_1_1,2,400,200,200,400,0,21.2,513.94452,11.76252,546.90704,0,280844,302.8,212598.908,55.80564,212957.5136,-2000,2,-195,-5,0,-200,50,-20,-49,-1,0,-50,0,1,-2,-28,0,-30,25,-50,-1,-9,0,-10,0,1,2,8,0,10,10,30,1,1,0,2,-75,2,-40,0,0,-40,200,-50,0,0,-50,25,1,30,10,-50,-10,200,5,30,20,5,-50,-25
e909e893-404c-4012-b8b3-f87134b4b3ff,Commercial,C284_1_1,2,400,200,200,400,0,21.2,513.94452,11.76252,546.90704,0,280844,302.8,212598.908,55.80564,212957.5136,-2000,2,-195,-5,0,-200,50,-20,-49,-1,0,-50,0,1,-2,-28,0,-30,25,-50,-1,-9,0,-10,0,1,2,8,0,10,10,30,1,1,0,2,-75,2,-40,0,0,-40,200,-50,0,0,-50,25,1,30,10,-50,-10,200,5,30,20,5,-50,-25
f448de22-364f-49ff-966c-ee129e3ebc6c,Commercial,C70_1_1,2,400,200,200,400,0,21.2,513.94452,11.76252,546.90704,0,280844,302.8,212598.908,55.80564,212957.5136,-2000,2,-195,-5,0,-200,50,-20,-49,-1,0,-50,0,1,-2,-28,0,-30,25,-50,-1,-9,0,-10,0,1,2,8,0,10,10,30,1,1,0,2,-75,2,-40,0,0,-40,200,-50,0,0,-50,25,1,30,10,-50,-10,200,5,30,20,5,-50,-25
64f65093-e209-4d29-9a3d-2c26d13a44fc,Commercial,C241_1_1,2,400,200,200,400,0,21.2,513.94452,11.76252,546.90704,0,280844,302.8,212598.908,55.80564,212957.5136,-2000,2,-195,-5,0,-200,50,-20,-49,-1,0,-50,0,1,-2,-28,0,-30,25,-50,-1,-9,0,-10,0,1,2,8,0,10,10,30,1,1,0,2,-75,2,-40,0,0,-40,200,-50,0,0,-50,25,1,30,10,-50,-10,200,5,30,20,5,-50,-25
b858e6c3-e8ec-471f-9087-9c1b2823792a,Commercial,C356_1_1,2,400,200,200,400,0,21.2,513.94452,11.76252,546.90704,0,280844,302.8,212598.908,55.80564,212957.5136,-2000,2,-195,-5,0,-200,50,-20,-49,-1,0,-50,0,1,-2,-28,0,-30,25,-50,-1,-9,0,-10,0,1,2,8,0,10,10,30,1,1,0,2,-75,2,-40,0,0,-40,200,-50,0,0,-50,25,1,30,10,-50,-10,200,5,30,20,5,-50,-25
616450c7-af2e-4a96-ab2c-7aaf9796ff64,Commercial,C111_1_1,2,400,200,200,400,0,21.2,513.94452,11.76252,546.90704,0,280844,302.8,212598.908,55.80564,212957.5136,-2000,2,-195,-5,0,-200,50,-20,-49,-1,0,-50,0,1,-2,-28,0,-30,25,-50,-1,-9,0,-10,0,1,2,8,0,10,10,30,1,1,0,2,-75,2,-40,0,0,-40,200,-50,0,0,-50,25,1,30,10,-50,-10,200,5,30,20,5,-50,-25
9a74671d-173e-415e-ac7d-7d84fed61cc0,Commercial,C336_1_1,2,400,200,200,400,0,21.2,513.94452,11.76252,546.90704,0,280844,302.8,212598.908,55.80564,212957.5136,-2000,2,-195,-5,0,-200,50,-20,-49,-1,0,-50,0,1,-2,-28,0,-30,25,-50,-1,-9,0,-10,0,1,2,8,0,10,10,30,1,1,0,2,-75,2,-40,0,0,-40,200,-50,0,0,-50,25,1,30,10,-50,-10,200,5,30,20,5,-50,-25
3f0b79fc-f5f7-434b-8acb-c1a93bf85e48,Commercial,C232_1_1,2,400,200,200,400,0,21.2,513.94452,11.76252,546.90704,0,280844,302.8,212598.908,55.80564,212957.5136,-2000,2,-195,-5,0,-200,50,-20,-49,-1,0,-50,0,1,-2,-28,0,-30,25,-50,-1,-9,0,-10,0,1,2,8,0,10,10,30,1,1,0,2,-75,2,-40,0,0,-40,200,-50,0,0,-50,25,1,30,10,-50,-10,200,5,30,20,5,-50,-25
07877bd5-a74b-4b74-a6f8-6f80769888ec,Commercial,C18_1_1,2,400,200,200,400,0,21.2,513.94452,11.76252,546.90704,0,280844,302.8,212598.908,55.80564,212957.5136,-2000,2,-195,-5,0,-200,50,-20,-49,-1,0,-50,0,1,-2,-28,0,-30,25,-50,-1,-9,0,-10,0,1,2,8,0,10,10,30,1,1,0,2,-75,2,-40,0,0,-40,200,-50,0,0,-50,25,1,30,10,-50,-10,200,5,30,20,5,-50,-25
5aa3304b-ef5a-4702-9a25-14fa9cb22683,Residential,R936_1_1,2,400,200,200,400,0,19.2,513.94452,23.52504,556.66956,0,280844,302.8,212598.908,111.61128,213013.3193,-1500,2,-195,-5,0,-200,50,-20,-49,-1,0,-50,0,1,-2,-28,0,-30,25,-50,-1,-9,0,-10,0,1,2,8,0,10,10,30,1,1,0,2,-75,2,-40,0,0,-40,200,-50,0,0,-50,25,1,30,10,-50,-10,200,5,30,20,5,-50,-25
4c228f38-7c9e-47e6-b5cc-d36b1fc5b20b,Residential,R2043_1_1,2,400,200,200,400,0,19.2,513.94452,23.52504,556.66956,0,280844,302.8,212598.908,111.61128,213013.3193,-1500,2,-195,-5,0,-200,50,-20,-49,-1,0,-50,0,1,-2,-28,0,-30,25,-50,-1,-9,0,-10,0,1,2,8,0,10,10,30,1,1,0,2,-75,2,-40,0,0,-40,200,-50,0,0,-50,25,1,30,10,-50,-10,200,5,30,20,5,-50,-25
5653ffe6-f0c9-4b96-bcf6-be30207c7bbf,Residential,R544_1_1,2,400,200,200,400,0,19.2,513.94452,23.52504,556.66956,0,280844,302.8,212598.908,111.61128,213013.3193,-1500,2,-195,-5,0,-200,50,-20,-49,-1,0,-50,0,1,-2,-28,0,-30,25,-50,-1,-9,0,-10,0,1,2,8,0,10,10,30,1,1,0,2,-75,2,-40,0,0,-40,200,-50,0,0,-50,25,1,30,10,-50,-10,200,5,30,20,5,-50,-25
23146a60-cb21-4c05-b827-84ad649e8961,Residential,R1614_1_1,2,400,200,200,400,0,19.2,513.94452,23.52504,556.66956,0,280844,302.8,212598.908,111.61128,213013.3193,-1500,2,-195,-5,0,-200,50,-20,-49,-1,0,-50,0,1,-2,-28,0,-30,25,-50,-1,-9,0,-10,0,1,2,8,0,10,10,30,1,1,0,2,-75,2,-40,0,0,-40,200,-50,0,0,-50,25,1,30,10,-50,-10,200,5,30,20,5,-50,-25
b1967cae-f2c4-4ca0-85f1-5747e8a1731b,Residential,R459_1_1,2,400,200,200,400,0,19.2,513.94452,23.52504,556.66956,0,280844,302.8,212598.908,111.61128,213013.3193,-1500,2,-195,-5,0,-200,50,-20,-49,-1,0,-50,0,1,-2,-28,0,-30,25,-50,-1,-9,0,-10,0,1,2,8,0,10,10,30,1,1,0,2,-75,2,-40,0,0,-40,200,-50,0,0,-50,25,1,30,10,-50,-10,200,5,30,20,5,-50,-25
88a971b6-f3e8-4666-9f84-237e6de13f47,Residential,R1229_1_1,2,400,200,200,400,0,19.2,513.94452,23.52504,556.66956,0,280844,302.8,212598.908,111.61128,213013.3193,-1500,2,-195,-5,0,-200,50,-20,-49,-1,0,-50,0,1,-2,-28,0,-30,25,-50,-1,-9,0,-10,0,1,2,8,0,10,10,30,1,1,0,2,-75,2,-40,0,0,-40,200,-50,0,0,-50,25,1,30,10,-50,-10,200,5,30,20,5,-50,-25
a8f2e2a7-bc16-4cb8-9197-745b506749d3,Residential,R1091_1_1,2,400,200,200,400,0,19.2,513.94452,23.52504,556.66956,0,280844,302.8,212598.908,111.61128,213013.3193,-1500,2,-195,-5,0,-200,50,-20,-49,-1,0,-50,0,1,-2,-28,0,-30,25,-50,-1,-9,0,-10,0,1,2,8,0,10,10,30,1,1,0,2,-75,2,-40,0,0,-40,200,-50,0,0,-50,25,1,30,10,-50,-10,200,5,30,20,5,-50,-25
fd2567c2-1a39-4ca6-a219-742239258ded,Residential,R1948_1_1,2,400,200,200,400,0,19.2,513.94452,23.52504,556.66956,0,280844,302.8,212598.908,111.61128,213013.3193,-1500,2,-195,-5,0,-200,50,-20,-49,-1,0,-50,0,1,-2,-28,0,-30,25,-50,-1,-9,0,-10,0,1,2,8,0,10,10,30,1,1,0,2,-75,2,-40,0,0,-40,200,-50,0,0,-50,25,1,30,10,-50,-10,200,5,30,20,5,-50,-25
34d3c90f-4827-4b18-a01e-4710a5256fd5,Residential,R1145_1_1,2,400,200,200,400,0,19.2,513.94452,23.52504,556.66956,0,280844,302.8,212598.908,111.61128,213013.3193,-1500,2,-195,-5,0,-200,50,-20,-49,-1,0,-50,0,1,-2,-28,0,-30,25,-50,-1,-9,0,-10,0,1,2,8,0,10,10,30,1,1,0,2,-75,2,-40,0,0,-40,200,-50,0,0,-50,25,1,30,10,-50,-10,200,5,30,20,5,-50,-25
78548d0a-3abd-4226-b5b9-f4372ca021f0,Residential,R1196_1_1,2,400,200,200,400,0,19.2,513.94452,23.52504,556.66956,0,280844,302.8,212598.908,111.61128,213013.3193,-1500,2,-195,-5,0,-200,50,-20,-49,-1,0,-50,0,1,-2,-28,0,-30,25,-50,-1,-9,0,-10,0,1,2,8,0,10,10,30,1,1,0,2,-75,2,-40,0,0,-40,200,-50,0,0,-50,25,1,30,10,-50,-10,200,5,30,20,5,-50,-25
9b602187-0af5-4c07-b9ff-3bb86aa572d4,Residential,R1618_1_1,2,400,200,200,400,0,19.2,513.94452,23.52504,556.66956,0,280844,302.8,212598.908,111.61128,213013.3193,-1500,2,-195,-5,0,-200,50,-20,-49,-1,0,-50,0,1,-2,-28,0,-30,25,-50,-1,-9,0,-10,0,1,2,8,0,10,10,30,1,1,0,2,-75,2,-40,0,0,-40,200,-50,0,0,-50,25,1,30,10,-50,-10,200,5,30,20,5,-50,-25
a4ac3e45-c000-4c8e-b6a7-847cd98022ab,Residential,R1777_1_1,2,400,200,200,400,0,19.2,513.94452,23.52504,556.66956,0,280844,302.8,212598.908,111.61128,213013.3193,-1500,2,-195,-5,0,-200,50,-20,-49,-1,0,-50,0,1,-2,-28,0,-30,25,-50,-1,-9,0,-10,0,1,2,8,0,10,10,30,1,1,0,2,-75,2,-40,0,0,-40,200,-50,0,0,-50,25,1,30,10,-50,-10,200,5,30,20,5,-50,-25
06bfb9c1-7e0b-4420-883a-3db42e1407f8,Residential,R189_1_1,2,400,200,200,400,0,19.2,513.94452,23.52504,556.66956,0,280844,302.8,212598.908,111.61128,213013.3193,-1500,2,-195,-5,0,-200,50,-20,-49,-1,0,-50,0,1,-2,-28,0,-30,25,-50,-1,-9,0,-10,0,1,2,8,0,10,10,30,1,1,0,2,-75,2,-40,0,0,-40,200,-50,0,0,-50,25,1,30,10,-50,-10,200,5,30,20,5,-50,-25
8703eeb0-c465-47dd-9f7f-617efcec6995,Residential,R805_1_1,2,400,200,200,400,0,19.2,513.94452,23.52504,556.66956,0,280844,302.8,212598.908,111.61128,213013.3193,-1500,2,-195,-5,0,-200,50,-20,-49,-1,0,-50,0,1,-2,-28,0,-30,25,-50,-1,-9,0,-10,0,1,2,8,0,10,10,30,1,1,0,2,-75,2,-40,0,0,-40,200,-50,0,0,-50,25,1,30,10,-50,-10,200,5,30,20,5,-50,-25
fcc49200-0550-4237-bd35-cc65e5095aee,Residential,R1515_1_1,2,400,200,200,400,0,19.2,513.94452,23.52504,556.66956,0,280844,302.8,212598.908,111.61128,213013.3193,-1500,2,-195,-5,0,-200,50,-20,-49,-1,0,-50,0,1,-2,-28,0,-30,25,-50,-1,-9,0,-10,0,1,2,8,0,10,10,30,1,1,0,2,-75,2,-40,0,0,-40,200,-50,0,0,-50,25,1,30,10,-50,-10,200,5,30,20,5,-50,-25
7e9b5e1e-b069-446f-a6d7-f93ff2064c63,Residential,R1565_1_1,2,400,200,200,400,0,19.2,513.94452,23.52504,556.66956,0,280844,302.8,212598.908,111.61128,213013.3193,-1500,2,-195,-5,0,-200,50,-20,-49,-1,0,-50,0,1,-2,-28,0,-30,25,-50,-1,-9,0,-10,0,1,2,8,0,10,10,30,1,1,0,2,-75,2,-40,0,0,-40,200,-50,0,0,-50,25,1,30,10,-50,-10,200,5,30,20,5,-50,-25
c5345d3f-1050-48e1-a8e2-5f76a4264904,Residential,R982_1_1,2,400,200,200,400,0,19.2,513.94452,23.52504,556.66956,0,280844,302.8,212598.908,111.61128,213013.3193,-1500,2,-195,-5,0,-200,50,-20,-49,-1,0,-50,0,1,-2,-28,0,-30,25,-50,-1,-9,0,-10,0,1,2,8,0,10,10,30,1,1,0,2,-75,2,-40,0,0,-40,200,-50,0,0,-50,25,1,30,10,-50,-10,200,5,30,20,5,-50,-25
9ceaf8c6-384a-4657-8f89-3e33937f620a,Residential,R813_1_1,2,400,200,200,400,0,19.2,513.94452,23.52504,556.66956,0,280844,302.8,212598.908,111.61128,213013.3193,-1500,2,-195,-5,0,-200,50,-20,-49,-1,0,-50,0,1,-2,-28,0,-30,25,-50,-1,-9,0,-10,0,1,2,8,0,10,10,30,1,1,0,2,-75,2,-40,0,0,-40,200,-50,0,0,-50,25,1,30,10,-50,-10,200,5,30,20,5,-50,-25
01ab73a1-9db7-4f28-b06b-118d8044c882,Residential,R1915_1_1,2,400,200,200,400,0,19.2,513.94452,23.52504,556.66956,0,280844,302.8,212598.908,111.61128,213013.3193,-1500,2,-195,-5,0,-200,50,-20,-49,-1,0,-50,0,1,-2,-28,0,-30,25,-50,-1,-9,0,-10,0,1,2,8,0,10,10,30,1,1,0,2,-75,2,-40,0,0,-40,200,-50,0,0,-50,25,1,30,10,-50,-10,200,5,30,20,5,-50,-25
ee99a322-1a1f-491a-828b-b1088b976e4e,Residential,R1237_1_1,2,400,200,200,400,0,19.2,513.94452,23.52504,556.66956,0,280844,302.8,212598.908,111.61128,213013.3193,-1500,2,-195,-5,0,-200,50,-20,-49,-1,0,-50,0,1,-2,-28,0,-30,25,-50,-1,-9,0,-10,0,1,2,8,0,10,10,30,1,1,0,2,-75,2,-40,0,0,-40,200,-50,0,0,-50,25,1,30,10,-50,-10,200,5,30,20,5,-50,-25
62e78a1d-3b5a-424b-8dd3-7c9b5548642f,Residential,R1522_1_1,2,400,200,200,400,0,19.2,513.94452,23.52504,556.66956,0,280844,302.8,212598.908,111.61128,213013.3193,-1500,2,-195,-5,0,-200,50,-20,-49,-1,0,-50,0,1,-2,-28,0,-30,25,-50,-1,-9,0,-10,0,1,2,8,0,10,10,30,1,1,0,2,-75,2,-40,0,0,-40,200,-50,0,0,-50,25,1,30,10,-50,-10,200,5,30,20,5,-50,-25
c987560c-c5de-4838-84f5-82b3d54d6230,Residential,R940_1_1,2,400,200,200,400,0,19.2,513.94452,23.52504,556.66956,0,280844,302.8,212598.908,111.61128,213013.3193,-1500,2,-195,-5,0,-200,50,-20,-49,-1,0,-50,0,1,-2,-28,0,-30,25,-50,-1,-9,0,-10,0,1,2,8,0,10,10,30,1,1,0,2,-75,2,-40,0,0,-40,200,-50,0,0,-50,25,1,30,10,-50,-10,200,5,30,20,5,-50,-25
a2f22aaa-640e-4bc7-8349-f69815cffe52,Residential,R140_1_1,2,400,200,200,400,0,19.2,513.94452,23.52504,556.66956,0,280844,302.8,212598.908,111.61128,213013.3193,-1500,2,-195,-5,0,-200,50,-20,-49,-1,0,-50,0,1,-2,-28,0,-30,25,-50,-1,-9,0,-10,0,1,2,8,0,10,10,30,1,1,0,2,-75,2,-40,0,0,-40,200,-50,0,0,-50,25,1,30,10,-50,-10,200,5,30,20,5,-50,-25
f821df7d-fa43-4afc-9b6a-d4848a7971ce,Residential,R1032_1_1,2,400,200,200,400,0,19.2,513.94452,23.52504,556.66956,0,280844,302.8,212598.908,111.61128,213013.3193,-1500,2,-195,-5,0,-200,50,-20,-49,-1,0,-50,0,1,-2,-28,0,-30,25,-50,-1,-9,0,-10,0,1,2,8,0,10,10,30,1,1,0,2,-75,2,-40,0,0,-40,200,-50,0,0,-50,25,1,30,10,-50,-10,200,5,30,20,5,-50,-25
0cf24217-98b0-46bc-9b23-cac0125ae896,Residential,R506_1_1,2,400,200,200,400,0,19.2,513.94452,23.52504,556.66956,0,280844,302.8,212598.908,111.61128,213013.3193,-1500,2,-195,-5,0,-200,50,-20,-49,-1,0,-50,0,1,-2,-28,0,-30,25,-50,-1,-9,0,-10,0,1,2,8,0,10,10,30,1,1,0,2,-75,2,-40,0,0,-40,200,-50,0,0,-50,25,1,30,10,-50,-10,200,5,30,20,5,-50,-25
fc5384d9-2969-44f4-b3a4-8ecb5962e7e0,Residential,R1895_1_1,2,400,200,200,400,0,19.2,513.94452,23.52504,556.66956,0,280844,302.8,212598.908,111.61128,213013.3193,-1500,2,-195,-5,0,-200,50,-20,-49,-1,0,-50,0,1,-2,-28,0,-30,25,-50,-1,-9,0,-10,0,1,2,8,0,10,10,30,1,1,0,2,-75,2,-40,0,0,-40,200,-50,0,0,-50,25,1,30,10,-50,-10,200,5,30,20,5,-50,-25
700dd25b-155f-4345-86b3-7ca5db9e976c,Residential,R1127_1_1,2,400,200,200,400,0,19.2,513.94452,23.52504,556.66956,0,280844,302.8,212598.908,111.61128,213013.3193,-1500,2,-195,-5,0,-200,50,-20,-49,-1,0,-50,0,1,-2,-28,0,-30,25,-50,-1,-9,0,-10,0,1,2,8,0,10,10,30,1,1,0,2,-75,2,-40,0,0,-40,200,-50,0,0,-50,25,1,30,10,-50,-10,200,5,30,20,5,-50,-25
c0eb745d-b205-4d8a-b340-d1e56cecc67c,Residential,R769_1_1,2,400,200,200,400,0,19.2,513.94452,23.52504,556.66956,0,280844,302.8,212598.908,111.61128,213013.3193,-1500,2,-195,-5,0,-200,50,-20,-49,-1,0,-50,0,1,-2,-28,0,-30,25,-50,-1,-9,0,-10,0,1,2,8,0,10,10,30,1,1,0,2,-75,2,-40,0,0,-40,200,-50,0,0,-50,25,1,30,10,-50,-10,200,5,30,20,5,-50,-25
d01d25e1-e09e-4b0c-96c0-53993a8173e5,Residential,R1455_1_1,2,400,200,200,400,0,19.2,513.94452,23.52504,556.66956,0,280844,302.8,212598.908,111.61128,213013.3193,-1500,2,-195,-5,0,-200,50,-20,-49,-1,0,-50,0,1,-2,-28,0,-30,25,-50,-1,-9,0,-10,0,1,2,8,0,10,10,30,1,1,0,2,-75,2,-40,0,0,-40,200,-50,0,0,-50,25,1,30,10,-50,-10,200,5,30,20,5,-50,-25
bdfec75d-e1eb-4c28-94f7-13b1b1c09163,Residential,R2021_1_1,2,400,200,200,400,0,19.2,513.94452,23.52504,556.66956,0,280844,302.8,212598.908,111.61128,213013.3193,-1500,2,-195,-5,0,-200,50,-20,-49,-1,0,-50,0,1,-2,-28,0,-30,25,-50,-1,-9,0,-10,0,1,2,8,0,10,10,30,1,1,0,2,-75,2,-40,0,0,-40,200,-50,0,0,-50,25,1,30,10,-50,-10,200,5,30,20,5,-50,-25
2db90f35-7d39-4dec-8a00-3a12a677887e,Residential,R1553_1_1,2,400,200,200,400,0,19.2,513.94452,23.52504,556.66956,0,280844,302.8,212598.908,111.61128,213013.3193,-1500,2,-195,-5,0,-200,50,-20,-49,-1,0,-50,0,1,-2,-28,0,-30,25,-50,-1,-9,0,-10,0,1,2,8,0,10,10,30,1,1,0,2,-75,2,-40,0,0,-40,200,-50,0,0,-50,25,1,30,10,-50,-10,200,5,30,20,5,-50,-25
c3a8b095-9fc1-43b6-8a49-f51b91057a6b,Residential,R469_1_1,2,400,200,200,400,0,19.2,513.94452,23.52504,556.66956,0,280844,302.8,212598.908,111.61128,213013.3193,-1500,2,-195,-5,0,-200,50,-20,-49,-1,0,-50,0,1,-2,-28,0,-30,25,-50,-1,-9,0,-10,0,1,2,8,0,10,10,30,1,1,0,2,-75,2,-40,0,0,-40,200,-50,0,0,-50,25,1,30,10,-50,-10,200,5,30,20,5,-50,-25
eec5010e-ab8d-4bcf-a283-62d4c90bb143,Residential,R268_1_1,2,400,200,200,400,0,19.2,513.94452,23.52504,556.66956,0,280844,302.8,212598.908,111.61128,213013.3193,-1500,2,-195,-5,0,-200,50,-20,-49,-1,0,-50,0,1,-2,-28,0,-30,25,-50,-1,-9,0,-10,0,1,2,8,0,10,10,30,1,1,0,2,-75,2,-40,0,0,-40,200,-50,0,0,-50,25,1,30,10,-50,-10,200,5,30,20,5,-50,-25
6bb0b483-b4d6-458e-9b31-3b34fb2e7253,Residential,R1360_1_1,2,400,200,200,400,0,19.2,513.94452,23.52504,556.66956,0,280844,302.8,212598.908,111.61128,213013.3193,-1500,2,-195,-5,0,-200,50,-20,-49,-1,0,-50,0,1,-2,-28,0,-30,25,-50,-1,-9,0,-10,0,1,2,8,0,10,10,30,1,1,0,2,-75,2,-40,0,0,-40,200,-50,0,0,-50,25,1,30,10,-50,-10,200,5,30,20,5,-50,-25
f060ecc1-5387-4c24-a6b5-d5924b233bf5,Residential,R955_1_1,2,400,200,200,400,0,19.2,513.94452,23.52504,556.66956,0,280844,302.8,212598.908,111.61128,213013.3193,-1500,2,-195,-5,0,-200,50,-20,-49,-1,0,-50,0,1,-2,-28,0,-30,25,-50,-1,-9,0,-10,0,1,2,8,0,10,10,30,1,1,0,2,-75,2,-40,0,0,-40,200,-50,0,0,-50,25,1,30,10,-50,-10,200,5,30,20,5,-50,-25
4cf4428d-0973-4404-a763-be63ee008d95,Residential,R1327_1_1,2,400,200,200,400,0,19.2,513.94452,23.52504,556.66956,0,280844,302.8,212598.908,111.61128,213013.3193,-1500,2,-195,-5,0,-200,50,-20,-49,-1,0,-50,0,1,-2,-28,0,-30,25,-50,-1,-9,0,-10,0,1,2,8,0,10,10,30,1,1,0,2,-75,2,-40,0,0,-40,200,-50,0,0,-50,25,1,30,10,-50,-10,200,5,30,20,5,-50,-25
1985aef3-482f-4b30-a7f1-faa345f0c90f,Residential,R1619_1_1,2,400,200,200,400,0,19.2,513.94452,23.52504,556.66956,0,280844,302.8,212598.908,111.61128,213013.3193,-1500,2,-195,-5,0,-200,50,-20,-49,-1,0,-50,0,1,-2,-28,0,-30,25,-50,-1,-9,0,-10,0,1,2,8,0,10,10,30,1,1,0,2,-75,2,-40,0,0,-40,200,-50,0,0,-50,25,1,30,10,-50,-10,200,5,30,20,5,-50,-25
3f22c533-d00d-4ed7-aae1-6520507f6bb9,Residential,R1328_1_1,2,400,200,200,400,0,19.2,513.94452,23.52504,556.66956,0,280844,302.8,212598.908,111.61128,213013.3193,-1500,2,-195,-5,0,-200,50,-20,-49,-1,0,-50,0,1,-2,-28,0,-30,25,-50,-1,-9,0,-10,0,1,2,8,0,10,10,30,1,1,0,2,-75,2,-40,0,0,-40,200,-50,0,0,-50,25,1,30,10,-50,-10,200,5,30,20,5,-50,-25
a5f6f91a-5d6f-4140-b3f8-9e96f299315f,Residential,R885_1_1,2,400,200,200,400,0,19.2,513.94452,23.52504,556.66956,0,280844,302.8,212598.908,111.61128,213013.3193,-1500,2,-195,-5,0,-200,50,-20,-49,-1,0,-50,0,1,-2,-28,0,-30,25,-50,-1,-9,0,-10,0,1,2,8,0,10,10,30,1,1,0,2,-75,2,-40,0,0,-40,200,-50,0,0,-50,25,1,30,10,-50,-10,200,5,30,20,5,-50,-25
f083a1cd-e07e-434f-9955-7ebbf26e5242,Residential,R823_1_1,2,400,200,200,400,0,19.2,513.94452,23.52504,556.66956,0,280844,302.8,212598.908,111.61128,213013.3193,-1500,2,-195,-5,0,-200,50,-20,-49,-1,0,-50,0,1,-2,-28,0,-30,25,-50,-1,-9,0,-10,0,1,2,8,0,10,10,30,1,1,0,2,-75,2,-40,0,0,-40,200,-50,0,0,-50,25,1,30,10,-50,-10,200,5,30,20,5,-50,-25
9dbfa89e-3a50-4a13-8449-149b919f0235,Residential,R1480_1_1,2,400,200,200,400,0,19.2,513.94452,23.52504,556.66956,0,280844,302.8,212598.908,111.61128,213013.3193,-1500,2,-195,-5,0,-200,50,-20,-49,-1,0,-50,0,1,-2,-28,0,-30,25,-50,-1,-9,0,-10,0,1,2,8,0,10,10,30,1,1,0,2,-75,2,-40,0,0,-40,200,-50,0,0,-50,25,1,30,10,-50,-10,200,5,30,20,5,-50,-25
cc6512f1-de00-4b99-a428-0038b60b3cb8,Residential,R1527_1_1,2,400,200,200,400,0,19.2,513.94452,23.52504,556.66956,0,280844,302.8,212598.908,111.61128,213013.3193,-1500,2,-195,-5,0,-200,50,-20,-49,-1,0,-50,0,1,-2,-28,0,-30,25,-50,-1,-9,0,-10,0,1,2,8,0,10,10,30,1,1,0,2,-75,2,-40,0,0,-40,200,-50,0,0,-50,25,1,30,10,-50,-10,200,5,30,20,5,-50,-25
e9e484fe-ef73-44d9-bfa2-06c9693962b0,Residential,R1105_1_1,2,400,200,200,400,0,19.2,513.94452,23.52504,556.66956,0,280844,302.8,212598.908,111.61128,213013.3193,-1500,2,-195,-5,0,-200,50,-20,-49,-1,0,-50,0,1,-2,-28,0,-30,25,-50,-1,-9,0,-10,0,1,2,8,0,10,10,30,1,1,0,2,-75,2,-40,0,0,-40,200,-50,0,0,-50,25,1,30,10,-50,-10,200,5,30,20,5,-50,-25
38921167-fc80-405f-8b31-34de81fa1c9b,Residential,R1643_1_1,2,400,200,200,400,0,19.2,513.94452,23.52504,556.66956,0,280844,302.8,212598.908,111.61128,213013.3193,-1500,2,-195,-5,0,-200,50,-20,-49,-1,0,-50,0,1,-2,-28,0,-30,25,-50,-1,-9,0,-10,0,1,2,8,0,10,10,30,1,1,0,2,-75,2,-40,0,0,-40,200,-50,0,0,-50,25,1,30,10,-50,-10,200,5,30,20,5,-50,-25
0deac5f1-53c9-49f5-85ec-d7dd660d3c8b,Residential,R1812_1_1,2,400,200,200,400,0,19.2,513.94452,23.52504,556.66956,0,280844,302.8,212598.908,111.61128,213013.3193,-1500,2,-195,-5,0,-200,50,-20,-49,-1,0,-50,0,1,-2,-28,0,-30,25,-50,-1,-9,0,-10,0,1,2,8,0,10,10,30,1,1,0,2,-75,2,-40,0,0,-40,200,-50,0,0,-50,25,1,30,10,-50,-10,200,5,30,20,5,-50,-25
82a5aa92-f4c4-4e99-a759-f73724078792,Residential,R1190_1_1,2,400,200,200,400,0,19.2,513.94452,23.52504,556.66956,0,280844,302.8,212598.908,111.61128,213013.3193,-1500,2,-195,-5,0,-200,50,-20,-49,-1,0,-50,0,1,-2,-28,0,-30,25,-50,-1,-9,0,-10,0,1,2,8,0,10,10,30,1,1,0,2,-75,2,-40,0,0,-40,200,-50,0,0,-50,25,1,30,10,-50,-10,200,5,30,20,5,-50,-25
2c211150-d103-4e96-86d0-3f23a484fbaf,Residential,R430_1_1,2,400,200,200,400,0,19.2,513.94452,23.52504,556.66956,0,280844,302.8,212598.908,111.61128,213013.3193,-1500,2,-195,-5,0,-200,50,-20,-49,-1,0,-50,0,1,-2,-28,0,-30,25,-50,-1,-9,0,-10,0,1,2,8,0,10,10,30,1,1,0,2,-75,2,-40,0,0,-40,200,-50,0,0,-50,25,1,30,10,-50,-10,200,5,30,20,5,-50,-25
52e7e2b5-8a13-4319-8cb7-fb3f414f737a,Residential,R1081_1_1,2,400,200,200,400,0,19.2,513.94452,23.52504,556.66956,0,280844,302.8,212598.908,111.61128,213013.3193,-1500,2,-195,-5,0,-200,50,-20,-49,-1,0,-50,0,1,-2,-28,0,-30,25,-50,-1,-9,0,-10,0,1,2,8,0,10,10,30,1,1,0,2,-75,2,-40,0,0,-40,200,-50,0,0,-50,25,1,30,10,-50,-10,200,5,30,20,5,-50,-25
045eaf28-fc3e-472c-8ea4-7c6e3a2d8e00,Residential,R350_1_1,2,400,200,200,400,0,19.2,513.94452,23.52504,556.66956,0,280844,302.8,212598.908,111.61128,213013.3193,-1500,2,-195,-5,0,-200,50,-20,-49,-1,0,-50,0,1,-2,-28,0,-30,25,-50,-1,-9,0,-10,0,1,2,8,0,10,10,30,1,1,0,2,-75,2,-40,0,0,-40,200,-50,0,0,-50,25,1,30,10,-50,-10,200,5,30,20,5,-50,-25
1ad702ae-90a0-4b18-a818-ec6a21f6d96e,Residential,R1939_1_1,2,400,200,200,400,0,19.2,513.94452,23.52504,556.66956,0,280844,302.8,212598.908,111.61128,213013.3193,-1500,2,-195,-5,0,-200,50,-20,-49,-1,0,-50,0,1,-2,-28,0,-30,25,-50,-1,-9,0,-10,0,1,2,8,0,10,10,30,1,1,0,2,-75,2,-40,0,0,-40,200,-50,0,0,-50,25,1,30,10,-50,-10,200,5,30,20,5,-50,-25
a4838ee4-126b-4de2-a5f3-6f35a6dd634d,Residential,R341_1_1,2,400,200,200,400,0,19.2,513.94452,23.52504,556.66956,0,280844,302.8,212598.908,111.61128,213013.3193,-1500,2,-195,-5,0,-200,50,-20,-49,-1,0,-50,0,1,-2,-28,0,-30,25,-50,-1,-9,0,-10,0,1,2,8,0,10,10,30,1,1,0,2,-75,2,-40,0,0,-40,200,-50,0,0,-50,25,1,30,10,-50,-10,200,5,30,20,5,-50,-25
6d46d80c-8b26-4620-b6d2-e15d8fb155c3,Residential,R1398_1_1,2,400,200,200,400,0,19.2,513.94452,23.52504,556.66956,0,280844,302.8,212598.908,111.61128,213013.3193,-1500,2,-195,-5,0,-200,50,-20,-49,-1,0,-50,0,1,-2,-28,0,-30,25,-50,-1,-9,0,-10,0,1,2,8,0,10,10,30,1,1,0,2,-75,2,-40,0,0,-40,200,-50,0,0,-50,25,1,30,10,-50,-10,200,5,30,20,5,-50,-25
bddfdc7f-d711-481f-b7e1-782ff538fd9a,Residential,R649_1_1,2,400,200,200,400,0,19.2,513.94452,23.52504,556.66956,0,280844,302.8,212598.908,111.61128,213013.3193,-1500,2,-195,-5,0,-200,50,-20,-49,-1,0,-50,0,1,-2,-28,0,-30,25,-50,-1,-9,0,-10,0,1,2,8,0,10,10,30,1,1,0,2,-75,2,-40,0,0,-40,200,-50,0,0,-50,25,1,30,10,-50,-10,200,5,30,20,5,-50,-25
48214ac1-3376-4c60-8454-ea297bfc70ed,Residential,R435_1_1,2,400,200,200,400,0,19.2,513.94452,23.52504,556.66956,0,280844,302.8,212598.908,111.61128,213013.3193,-1500,2,-195,-5,0,-200,50,-20,-49,-1,0,-50,0,1,-2,-28,0,-30,25,-50,-1,-9,0,-10,0,1,2,8,0,10,10,30,1,1,0,2,-75,2,-40,0,0,-40,200,-50,0,0,-50,25,1,30,10,-50,-10,200,5,30,20,5,-50,-25
7bfa525f-af3d-4c9f-9879-6c3b12cc4406,Residential,R768_1_1,2,400,200,200,400,0,19.2,513.94452,23.52504,556.66956,0,280844,302.8,212598.908,111.61128,213013.3193,-1500,2,-195,-5,0,-200,50,-20,-49,-1,0,-50,0,1,-2,-28,0,-30,25,-50,-1,-9,0,-10,0,1,2,8,0,10,10,30,1,1,0,2,-75,2,-40,0,0,-40,200,-50,0,0,-50,25,1,30,10,-50,-10,200,5,30,20,5,-50,-25
d11675f1-e1c7-44bc-93df-82829f9b6f55,Residential,R349_1_1,2,400,200,200,400,0,19.2,513.94452,23.52504,556.66956,0,280844,302.8,212598.908,111.61128,213013.3193,-1500,2,-195,-5,0,-200,50,-20,-49,-1,0,-50,0,1,-2,-28,0,-30,25,-50,-1,-9,0,-10,0,1,2,8,0,10,10,30,1,1,0,2,-75,2,-40,0,0,-40,200,-50,0,0,-50,25,1,30,10,-50,-10,200,5,30,20,5,-50,-25
294b9267-6bea-41f1-9c6b-910a70e0368a,Residential,R1201_1_1,2,400,200,200,400,0,19.2,513.94452,23.52504,556.66956,0,280844,302.8,212598.908,111.61128,213013.3193,-1500,2,-195,-5,0,-200,50,-20,-49,-1,0,-50,0,1,-2,-28,0,-30,25,-50,-1,-9,0,-10,0,1,2,8,0,10,10,30,1,1,0,2,-75,2,-40,0,0,-40,200,-50,0,0,-50,25,1,30,10,-50,-10,200,5,30,20,5,-50,-25
735c14f1-26c9-443f-a881-9fbe1c2aec5b,Residential,R536_1_1,2,400,200,200,400,0,19.2,513.94452,23.52504,556.66956,0,280844,302.8,212598.908,111.61128,213013.3193,-1500,2,-195,-5,0,-200,50,-20,-49,-1,0,-50,0,1,-2,-28,0,-30,25,-50,-1,-9,0,-10,0,1,2,8,0,10,10,30,1,1,0,2,-75,2,-40,0,0,-40,200,-50,0,0,-50,25,1,30,10,-50,-10,200,5,30,20,5,-50,-25
938f268c-5330-4e34-98e8-3335f9a91d51,Residential,R909_1_1,2,400,200,200,400,0,19.2,513.94452,23.52504,556.66956,0,280844,302.8,212598.908,111.61128,213013.3193,-1500,2,-195,-5,0,-200,50,-20,-49,-1,0,-50,0,1,-2,-28,0,-30,25,-50,-1,-9,0,-10,0,1,2,8,0,10,10,30,1,1,0,2,-75,2,-40,0,0,-40,200,-50,0,0,-50,25,1,30,10,-50,-10,200,5,30,20,5,-50,-25
9780ea81-bc4f-4ddb-b11d-f0e0dc819f7c,Residential,R2112_1_1,2,400,200,200,400,0,19.2,513.94452,23.52504,556.66956,0,280844,302.8,212598.908,111.61128,213013.3193,-1500,2,-195,-5,0,-200,50,-20,-49,-1,0,-50,0,1,-2,-28,0,-30,25,-50,-1,-9,0,-10,0,1,2,8,0,10,10,30,1,1,0,2,-75,2,-40,0,0,-40,200,-50,0,0,-50,25,1,30,10,-50,-10,200,5,30,20,5,-50,-25
c4e47f12-77fc-4d92-ad06-ac9b99fd20cc,Residential,R1167_1_1,2,400,200,200,400,0,19.2,513.94452,23.52504,556.66956,0,280844,302.8,212598.908,111.61128,213013.3193,-1500,2,-195,-5,0,-200,50,-20,-49,-1,0,-50,0,1,-2,-28,0,-30,25,-50,-1,-9,0,-10,0,1,2,8,0,10,10,30,1,1,0,2,-75,2,-40,0,0,-40,200,-50,0,0,-50,25,1,30,10,-50,-10,200,5,30,20,5,-50,-25
f00b4075-d793-4b51-86e2-d9acf1d972ca,Residential,R988_1_1,2,400,200,200,400,0,19.2,513.94452,23.52504,556.66956,0,280844,302.8,212598.908,111.61128,213013.3193,-1500,2,-195,-5,0,-200,50,-20,-49,-1,0,-50,0,1,-2,-28,0,-30,25,-50,-1,-9,0,-10,0,1,2,8,0,10,10,30,1,1,0,2,-75,2,-40,0,0,-40,200,-50,0,0,-50,25,1,30,10,-50,-10,200,5,30,20,5,-50,-25
3b166ce9-b7be-4a46-9979-64da33f239af,Residential,R779_1_1,2,400,200,200,400,0,19.2,513.94452,23.52504,556.66956,0,280844,302.8,212598.908,111.61128,213013.3193,-1500,2,-195,-5,0,-200,50,-20,-49,-1,0,-50,0,1,-2,-28,0,-30,25,-50,-1,-9,0,-10,0,1,2,8,0,10,10,30,1,1,0,2,-75,2,-40,0,0,-40,200,-50,0,0,-50,25,1,30,10,-50,-10,200,5,30,20,5,-50,-25
950bc821-73c8-4a03-8b2d-09ab1826e8c5,Residential,R510_1_1,2,400,200,200,400,0,19.2,513.94452,23.52504,556.66956,0,280844,302.8,212598.908,111.61128,213013.3193,-1500,2,-195,-5,0,-200,50,-20,-49,-1,0,-50,0,1,-2,-28,0,-30,25,-50,-1,-9,0,-10,0,1,2,8,0,10,10,30,1,1,0,2,-75,2,-40,0,0,-40,200,-50,0,0,-50,25,1,30,10,-50,-10,200,5,30,20,5,-50,-25
01f503a0-3b0f-47c5-a7b7-d5a3291d874f,Residential,R1411_1_1,2,400,200,200,400,0,19.2,513.94452,23.52504,556.66956,0,280844,302.8,212598.908,111.61128,213013.3193,-1500,2,-195,-5,0,-200,50,-20,-49,-1,0,-50,0,1,-2,-28,0,-30,25,-50,-1,-9,0,-10,0,1,2,8,0,10,10,30,1,1,0,2,-75,2,-40,0,0,-40,200,-50,0,0,-50,25,1,30,10,-50,-10,200,5,30,20,5,-50,-25
51c14a8d-651a-42a4-a2f7-816d9a3674e1,Residential,R154_1_1,2,400,200,200,400,0,19.2,513.94452,23.52504,556.66956,0,280844,302.8,212598.908,111.61128,213013.3193,-1500,2,-195,-5,0,-200,50,-20,-49,-1,0,-50,0,1,-2,-28,0,-30,25,-50,-1,-9,0,-10,0,1,2,8,0,10,10,30,1,1,0,2,-75,2,-40,0,0,-40,200,-50,0,0,-50,25,1,30,10,-50,-10,200,5,30,20,5,-50,-25
a8bdb3ea-37c3-425b-8312-85bff1104019,Residential,R758_1_1,2,400,200,200,400,0,19.2,513.94452,23.52504,556.66956,0,280844,302.8,212598.908,111.61128,213013.3193,-1500,2,-195,-5,0,-200,50,-20,-49,-1,0,-50,0,1,-2,-28,0,-30,25,-50,-1,-9,0,-10,0,1,2,8,0,10,10,30,1,1,0,2,-75,2,-40,0,0,-40,200,-50,0,0,-50,25,1,30,10,-50,-10,200,5,30,20,5,-50,-25
5ebd92fc-f7f4-4d50-b6d9-80786ca12e07,Residential,R1746_1_1,2,400,200,200,400,0,19.2,513.94452,23.52504,556.66956,0,280844,302.8,212598.908,111.61128,213013.3193,-1500,2,-195,-5,0,-200,50,-20,-49,-1,0,-50,0,1,-2,-28,0,-30,25,-50,-1,-9,0,-10,0,1,2,8,0,10,10,30,1,1,0,2,-75,2,-40,0,0,-40,200,-50,0,0,-50,25,1,30,10,-50,-10,200,5,30,20,5,-50,-25
1f6897cf-9023-4744-b509-d9e0b2176acc,Residential,R1624_1_1,2,400,200,200,400,0,19.2,513.94452,23.52504,556.66956,0,280844,302.8,212598.908,111.61128,213013.3193,-1500,2,-195,-5,0,-200,50,-20,-49,-1,0,-50,0,1,-2,-28,0,-30,25,-50,-1,-9,0,-10,0,1,2,8,0,10,10,30,1,1,0,2,-75,2,-40,0,0,-40,200,-50,0,0,-50,25,1,30,10,-50,-10,200,5,30,20,5,-50,-25
000e0a7c-9a1f-4bdd-9d90-2a0348fb16b7,Residential,R1041_1_1,2,400,200,200,400,0,19.2,513.94452,23.52504,556.66956,0,280844,302.8,212598.908,111.61128,213013.3193,-1500,2,-195,-5,0,-200,50,-20,-49,-1,0,-50,0,1,-2,-28,0,-30,25,-50,-1,-9,0,-10,0,1,2,8,0,10,10,30,1,1,0,2,-75,2,-40,0,0,-40,200,-50,0,0,-50,25,1,30,10,-50,-10,200,5,30,20,5,-50,-25
ecdac5b3-858f-493b-a803-c078bd15c345,Residential,R1504_1_1,2,400,200,200,400,0,19.2,513.94452,23.52504,556.66956,0,280844,302.8,212598.908,111.61128,213013.3193,-1500,2,-195,-5,0,-200,50,-20,-49,-1,0,-50,0,1,-2,-28,0,-30,25,-50,-1,-9,0,-10,0,1,2,8,0,10,10,30,1,1,0,2,-75,2,-40,0,0,-40,200,-50,0,0,-50,25,1,30,10,-50,-10,200,5,30,20,5,-50,-25
8270965c-f066-4198-a856-5b2f1020e75f,Residential,R57_1_1,2,400,200,200,400,0,19.2,513.94452,23.52504,556.66956,0,280844,302.8,212598.908,111.61128,213013.3193,-1500,2,-195,-5,0,-200,50,-20,-49,-1,0,-50,0,1,-2,-28,0,-30,25,-50,-1,-9,0,-10,0,1,2,8,0,10,10,30,1,1,0,2,-75,2,-40,0,0,-40,200,-50,0,0,-50,25,1,30,10,-50,-10,200,5,30,20,5,-50,-25
532bef26-4ec9-489f-906f-13a08e5a5e8c,Residential,R1639_1_1,2,400,200,200,400,0,19.2,513.94452,23.52504,556.66956,0,280844,302.8,212598.908,111.61128,213013.3193,-1500,2,-195,-5,0,-200,50,-20,-49,-1,0,-50,0,1,-2,-28,0,-30,25,-50,-1,-9,0,-10,0,1,2,8,0,10,10,30,1,1,0,2,-75,2,-40,0,0,-40,200,-50,0,0,-50,25,1,30,10,-50,-10,200,5,30,20,5,-50,-25
fbf3ef27-6b7b-40a1-b739-173014f5210e,Residential,R486_1_1,2,400,200,200,400,0,19.2,513.94452,23.52504,556.66956,0,280844,302.8,212598.908,111.61128,213013.3193,-1500,2,-195,-5,0,-200,50,-20,-49,-1,0,-50,0,1,-2,-28,0,-30,25,-50,-1,-9,0,-10,0,1,2,8,0,10,10,30,1,1,0,2,-75,2,-40,0,0,-40,200,-50,0,0,-50,25,1,30,10,-50,-10,200,5,30,20,5,-50,-25
ddedd5eb-af29-480f-bce2-eb1b778e94e4,Residential,R1919_1_1,2,400,200,200,400,0,19.2,513.94452,23.52504,556.66956,0,280844,302.8,212598.908,111.61128,213013.3193,-1500,2,-195,-5,0,-200,50,-20,-49,-1,0,-50,0,1,-2,-28,0,-30,25,-50,-1,-9,0,-10,0,1,2,8,0,10,10,30,1,1,0,2,-75,2,-40,0,0,-40,200,-50,0,0,-50,25,1,30,10,-50,-10,200,5,30,20,5,-50,-25
d8ad64f3-8698-416e-a07c-eca1b66ae9c5,Residential,R766_1_1,2,400,200,200,400,0,19.2,513.94452,23.52504,556.66956,0,280844,302.8,212598.908,111.61128,213013.3193,-1500,2,-195,-5,0,-200,50,-20,-49,-1,0,-50,0,1,-2,-28,0,-30,25,-50,-1,-9,0,-10,0,1,2,8,0,10,10,30,1,1,0,2,-75,2,-40,0,0,-40,200,-50,0,0,-50,25,1,30,10,-50,-10,200,5,30,20,5,-50,-25
c93c0626-9d21-427f-b1f2-9e91d8552cb2,Residential,R1525_1_1,2,400,200,200,400,0,19.2,513.94452,23.52504,556.66956,0,280844,302.8,212598.908,111.61128,213013.3193,-1500,2,-195,-5,0,-200,50,-20,-49,-1,0,-50,0,1,-2,-28,0,-30,25,-50,-1,-9,0,-10,0,1,2,8,0,10,10,30,1,1,0,2,-75,2,-40,0,0,-40,200,-50,0,0,-50,25,1,30,10,-50,-10,200,5,30,20,5,-50,-25
d2e3dab3-edf1-404a-99de-aad6e10a29e7,Residential,R650_1_1,2,400,200,200,400,0,19.2,513.94452,23.52504,556.66956,0,280844,302.8,212598.908,111.61128,213013.3193,-1500,2,-195,-5,0,-200,50,-20,-49,-1,0,-50,0,1,-2,-28,0,-30,25,-50,-1,-9,0,-10,0,1,2,8,0,10,10,30,1,1,0,2,-75,2,-40,0,0,-40,200,-50,0,0,-50,25,1,30,10,-50,-10,200,5,30,20,5,-50,-25
739386cc-b95b-4a29-b9ca-3c0daa253c5e,Residential,R865_1_1,2,400,200,200,400,0,19.2,513.94452,23.52504,556.66956,0,280844,302.8,212598.908,111.61128,213013.3193,-1500,2,-195,-5,0,-200,50,-20,-49,-1,0,-50,0,1,-2,-28,0,-30,25,-50,-1,-9,0,-10,0,1,2,8,0,10,10,30,1,1,0,2,-75,2,-40,0,0,-40,200,-50,0,0,-50,25,1,30,10,-50,-10,200,5,30,20,5,-50,-25
e20928c0-4b37-47dd-992e-79c1fc721bb1,Residential,R518_1_1,2,400,200,200,400,0,19.2,513.94452,23.52504,556.66956,0,280844,302.8,212598.908,111.61128,213013.3193,-1500,2,-195,-5,0,-200,50,-20,-49,-1,0,-50,0,1,-2,-28,0,-30,25,-50,-1,-9,0,-10,0,1,2,8,0,10,10,30,1,1,0,2,-75,2,-40,0,0,-40,200,-50,0,0,-50,25,1,30,10,-50,-10,200,5,30,20,5,-50,-25
a078e6b0-7117-4017-9c95-01b91e8694a1,Residential,R62_1_1,2,400,200,200,400,0,19.2,513.94452,23.52504,556.66956,0,280844,302.8,212598.908,111.61128,213013.3193,-1500,2,-195,-5,0,-200,50,-20,-49,-1,0,-50,0,1,-2,-28,0,-30,25,-50,-1,-9,0,-10,0,1,2,8,0,10,10,30,1,1,0,2,-75,2,-40,0,0,-40,200,-50,0,0,-50,25,1,30,10,-50,-10,200,5,30,20,5,-50,-25
c2e34d36-261d-4afd-a218-6f3d8e8f44b3,Residential,R1647_1_1,2,400,200,200,400,0,19.2,513.94452,23.52504,556.66956,0,280844,302.8,212598.908,111.61128,213013.3193,-1500,2,-195,-5,0,-200,50,-20,-49,-1,0,-50,0,1,-2,-28,0,-30,25,-50,-1,-9,0,-10,0,1,2,8,0,10,10,30,1,1,0,2,-75,2,-40,0,0,-40,200,-50,0,0,-50,25,1,30,10,-50,-10,200,5,30,20,5,-50,-25
a454ea79-4213-4ca7-86f7-475ce67f1d8c,Residential,R425_1_1,2,400,200,200,400,0,19.2,513.94452,23.52504,556.66956,0,280844,302.8,212598.908,111.61128,213013.3193,-1500,2,-195,-5,0,-200,50,-20,-49,-1,0,-50,0,1,-2,-28,0,-30,25,-50,-1,-9,0,-10,0,1,2,8,0,10,10,30,1,1,0,2,-75,2,-40,0,0,-40,200,-50,0,0,-50,25,1,30,10,-50,-10,200,5,30,20,5,-50,-25
a0da661c-0e49-40ec-9603-b0d870cab4be,Residential,R116_1_1,2,400,200,200,400,0,19.2,513.94452,23.52504,556.66956,0,280844,302.8,212598.908,111.61128,213013.3193,-1500,2,-195,-5,0,-200,50,-20,-49,-1,0,-50,0,1,-2,-28,0,-30,25,-50,-1,-9,0,-10,0,1,2,8,0,10,10,30,1,1,0,2,-75,2,-40,0,0,-40,200,-50,0,0,-50,25,1,30,10,-50,-10,200,5,30,20,5,-50,-25
a9f798b2-e2f4-4910-a3bd-1296331cb17b,Residential,R2053_1_1,2,400,200,200,400,0,19.2,513.94452,23.52504,556.66956,0,280844,302.8,212598.908,111.61128,213013.3193,-1500,2,-195,-5,0,-200,50,-20,-49,-1,0,-50,0,1,-2,-28,0,-30,25,-50,-1,-9,0,-10,0,1,2,8,0,10,10,30,1,1,0,2,-75,2,-40,0,0,-40,200,-50,0,0,-50,25,1,30,10,-50,-10,200,5,30,20,5,-50,-25
464a49b3-8f9b-467f-88e4-4ceb37de32f2,Residential,R1474_1_1,2,400,200,200,400,0,19.2,513.94452,23.52504,556.66956,0,280844,302.8,212598.908,111.61128,213013.3193,-1500,2,-195,-5,0,-200,50,-20,-49,-1,0,-50,0,1,-2,-28,0,-30,25,-50,-1,-9,0,-10,0,1,2,8,0,10,10,30,1,1,0,2,-75,2,-40,0,0,-40,200,-50,0,0,-50,25,1,30,10,-50,-10,200,5,30,20,5,-50,-25
77f725da-59f4-4867-bbfd-f75df1ca56c0,Residential,R156_1_1,2,400,200,200,400,0,19.2,513.94452,23.52504,556.66956,0,280844,302.8,212598.908,111.61128,213013.3193,-1500,2,-195,-5,0,-200,50,-20,-49,-1,0,-50,0,1,-2,-28,0,-30,25,-50,-1,-9,0,-10,0,1,2,8,0,10,10,30,1,1,0,2,-75,2,-40,0,0,-40,200,-50,0,0,-50,25,1,30,10,-50,-10,200,5,30,20,5,-50,-25
4951f590-f3a9-4ea2-ba6a-f7ed4c570045,Residential,R1871_1_1,2,400,200,200,400,0,19.2,513.94452,23.52504,556.66956,0,280844,302.8,212598.908,111.61128,213013.3193,-1500,2,-195,-5,0,-200,50,-20,-49,-1,0,-50,0,1,-2,-28,0,-30,25,-50,-1,-9,0,-10,0,1,2,8,0,10,10,30,1,1,0,2,-75,2,-40,0,0,-40,200,-50,0,0,-50,25,1,30,10,-50,-10,200,5,30,20,5,-50,-25
8b57c35c-4dc2-43a0-896e-e351f9c33908,Residential,R129_1_1,2,400,200,200,400,0,19.2,513.94452,23.52504,556.66956,0,280844,302.8,212598.908,111.61128,213013.3193,-1500,2,-195,-5,0,-200,50,-20,-49,-1,0,-50,0,1,-2,-28,0,-30,25,-50,-1,-9,0,-10,0,1,2,8,0,10,10,30,1,1,0,2,-75,2,-40,0,0,-40,200,-50,0,0,-50,25,1,30,10,-50,-10,200,5,30,20,5,-50,-25
155898d1-85e4-4800-9b56-e2ddc9cf4ab3,Residential,R573_1_1,2,400,200,200,400,0,19.2,513.94452,23.52504,556.66956,0,280844,302.8,212598.908,111.61128,213013.3193,-1500,2,-195,-5,0,-200,50,-20,-49,-1,0,-50,0,1,-2,-28,0,-30,25,-50,-1,-9,0,-10,0,1,2,8,0,10,10,30,1,1,0,2,-75,2,-40,0,0,-40,200,-50,0,0,-50,25,1,30,10,-50,-10,200,5,30,20,5,-50,-25
9be155f3-7556-4313-94cc-b43401ea6bc1,Residential,R1138_1_1,2,400,200,200,400,0,19.2,513.94452,23.52504,556.66956,0,280844,302.8,212598.908,111.61128,213013.3193,-1500,2,-195,-5,0,-200,50,-20,-49,-1,0,-50,0,1,-2,-28,0,-30,25,-50,-1,-9,0,-10,0,1,2,8,0,10,10,30,1,1,0,2,-75,2,-40,0,0,-40,200,-50,0,0,-50,25,1,30,10,-50,-10,200,5,30,20,5,-50,-25
f25cfa98-076e-4b38-bd97-f088cba6f8d0,Residential,R211_1_1,2,400,200,200,400,0,19.2,513.94452,23.52504,556.66956,0,280844,302.8,212598.908,111.61128,213013.3193,-1500,2,-195,-5,0,-200,50,-20,-49,-1,0,-50,0,1,-2,-28,0,-30,25,-50,-1,-9,0,-10,0,1,2,8,0,10,10,30,1,1,0,2,-75,2,-40,0,0,-40,200,-50,0,0,-50,25,1,30,10,-50,-10,200,5,30,20,5,-50,-25
d27ca89f-1cc8-4f6f-9069-7913373a7415,Residential,R1765_1_1,2,400,200,200,400,0,19.2,513.94452,23.52504,556.66956,0,280844,302.8,212598.908,111.61128,213013.3193,-1500,2,-195,-5,0,-200,50,-20,-49,-1,0,-50,0,1,-2,-28,0,-30,25,-50,-1,-9,0,-10,0,1,2,8,0,10,10,30,1,1,0,2,-75,2,-40,0,0,-40,200,-50,0,0,-50,25,1,30,10,-50,-10,200,5,30,20,5,-50,-25
507059af-1328-4125-a0ca-361f67cc9e25,Residential,R18_1_1,2,400,200,200,400,0,19.2,513.94452,23.52504,556.66956,0,280844,302.8,212598.908,111.61128,213013.3193,-1500,2,-195,-5,0,-200,50,-20,-49,-1,0,-50,0,1,-2,-28,0,-30,25,-50,-1,-9,0,-10,0,1,2,8,0,10,10,30,1,1,0,2,-75,2,-40,0,0,-40,200,-50,0,0,-50,25,1,30,10,-50,-10,200,5,30,20,5,-50,-25
b5c91fce-984a-4954-ad77-04cc85b5e890,Residential,R1967_1_1,2,400,200,200,400,0,19.2,513.94452,23.52504,556.66956,0,280844,302.8,212598.908,111.61128,213013.3193,-1500,2,-195,-5,0,-200,50,-20,-49,-1,0,-50,0,1,-2,-28,0,-30,25,-50,-1,-9,0,-10,0,1,2,8,0,10,10,30,1,1,0,2,-75,2,-40,0,0,-40,200,-50,0,0,-50,25,1,30,10,-50,-10,200,5,30,20,5,-50,-25
50b2423f-edd1-4a52-b1db-45c694c27748,Residential,R480_1_1,2,400,200,200,400,0,19.2,513.94452,23.52504,556.66956,0,280844,302.8,212598.908,111.61128,213013.3193,-1500,2,-195,-5,0,-200,50,-20,-49,-1,0,-50,0,1,-2,-28,0,-30,25,-50,-1,-9,0,-10,0,1,2,8,0,10,10,30,1,1,0,2,-75,2,-40,0,0,-40,200,-50,0,0,-50,25,1,30,10,-50,-10,200,5,30,20,5,-50,-25
9edb0fea-516f-413d-b9c7-bca12bf5e6a9,Residential,R1403_1_1,2,400,200,200,400,0,19.2,513.94452,23.52504,556.66956,0,280844,302.8,212598.908,111.61128,213013.3193,-1500,2,-195,-5,0,-200,50,-20,-49,-1,0,-50,0,1,-2,-28,0,-30,25,-50,-1,-9,0,-10,0,1,2,8,0,10,10,30,1,1,0,2,-75,2,-40,0,0,-40,200,-50,0,0,-50,25,1,30,10,-50,-10,200,5,30,20,5,-50,-25
9e065395-d35f-4381-a013-d0aaa6bb0cd5,Residential,R1200_1_1,2,400,200,200,400,0,19.2,513.94452,23.52504,556.66956,0,280844,302.8,212598.908,111.61128,213013.3193,-1500,2,-195,-5,0,-200,50,-20,-49,-1,0,-50,0,1,-2,-28,0,-30,25,-50,-1,-9,0,-10,0,1,2,8,0,10,10,30,1,1,0,2,-75,2,-40,0,0,-40,200,-50,0,0,-50,25,1,30,10,-50,-10,200,5,30,20,5,-50,-25
bdd60550-111b-4d5b-b3ba-9860174c85ec,Residential,R1342_1_1,2,400,200,200,400,0,19.2,513.94452,23.52504,556.66956,0,280844,302.8,212598.908,111.61128,213013.3193,-1500,2,-195,-5,0,-200,50,-20,-49,-1,0,-50,0,1,-2,-28,0,-30,25,-50,-1,-9,0,-10,0,1,2,8,0,10,10,30,1,1,0,2,-75,2,-40,0,0,-40,200,-50,0,0,-50,25,1,30,10,-50,-10,200,5,30,20,5,-50,-25
06711cc5-0cf9-4a4d-b127-7be60fb3c3a9,Residential,R2038_1_1,2,400,200,200,400,0,19.2,513.94452,23.52504,556.66956,0,280844,302.8,212598.908,111.61128,213013.3193,-1500,2,-195,-5,0,-200,50,-20,-49,-1,0,-50,0,1,-2,-28,0,-30,25,-50,-1,-9,0,-10,0,1,2,8,0,10,10,30,1,1,0,2,-75,2,-40,0,0,-40,200,-50,0,0,-50,25,1,30,10,-50,-10,200,5,30,20,5,-50,-25
2ededbac-ff38-4b5c-b822-ddf848492a24,Residential,R837_1_1,2,400,200,200,400,0,19.2,513.94452,23.52504,556.66956,0,280844,302.8,212598.908,111.61128,213013.3193,-1500,2,-195,-5,0,-200,50,-20,-49,-1,0,-50,0,1,-2,-28,0,-30,25,-50,-1,-9,0,-10,0,1,2,8,0,10,10,30,1,1,0,2,-75,2,-40,0,0,-40,200,-50,0,0,-50,25,1,30,10,-50,-10,200,5,30,20,5,-50,-25
9b695ed6-5f2d-4e70-a614-e423644d77ca,Residential,R490_1_1,2,400,200,200,400,0,19.2,513.94452,23.52504,556.66956,0,280844,302.8,212598.908,111.61128,213013.3193,-1500,2,-195,-5,0,-200,50,-20,-49,-1,0,-50,0,1,-2,-28,0,-30,25,-50,-1,-9,0,-10,0,1,2,8,0,10,10,30,1,1,0,2,-75,2,-40,0,0,-40,200,-50,0,0,-50,25,1,30,10,-50,-10,200,5,30,20,5,-50,-25
f6a0629c-c830-4694-bf1e-0d857d05ccb7,Residential,R1213_1_1,2,400,200,200,400,0,19.2,513.94452,23.52504,556.66956,0,280844,302.8,212598.908,111.61128,213013.3193,-1500,2,-195,-5,0,-200,50,-20,-49,-1,0,-50,0,1,-2,-28,0,-30,25,-50,-1,-9,0,-10,0,1,2,8,0,10,10,30,1,1,0,2,-75,2,-40,0,0,-40,200,-50,0,0,-50,25,1,30,10,-50,-10,200,5,30,20,5,-50,-25
1af4d290-7ff3-4c2d-8954-1dc067700a11,Residential,R1015_1_1,2,400,200,200,400,0,19.2,513.94452,23.52504,556.66956,0,280844,302.8,212598.908,111.61128,213013.3193,-1500,2,-195,-5,0,-200,50,-20,-49,-1,0,-50,0,1,-2,-28,0,-30,25,-50,-1,-9,0,-10,0,1,2,8,0,10,10,30,1,1,0,2,-75,2,-40,0,0,-40,200,-50,0,0,-50,25,1,30,10,-50,-10,200,5,30,20,5,-50,-25
51bfd08a-f071-4774-8a65-b71efd086d3c,Residential,R1347_1_1,2,400,200,200,400,0,19.2,513.94452,23.52504,556.66956,0,280844,302.8,212598.908,111.61128,213013.3193,-1500,2,-195,-5,0,-200,50,-20,-49,-1,0,-50,0,1,-2,-28,0,-30,25,-50,-1,-9,0,-10,0,1,2,8,0,10,10,30,1,1,0,2,-75,2,-40,0,0,-40,200,-50,0,0,-50,25,1,30,10,-50,-10,200,5,30,20,5,-50,-25
3a59cdc1-bb6f-4916-9ad5-7d9535d07486,Residential,R2173_1_1,2,400,200,200,400,0,19.2,513.94452,23.52504,556.66956,0,280844,302.8,212598.908,111.61128,213013.3193,-1500,2,-195,-5,0,-200,50,-20,-49,-1,0,-50,0,1,-2,-28,0,-30,25,-50,-1,-9,0,-10,0,1,2,8,0,10,10,30,1,1,0,2,-75,2,-40,0,0,-40,200,-50,0,0,-50,25,1,30,10,-50,-10,200,5,30,20,5,-50,-25
18cd3879-32ca-49d0-981e-3f86ee946d5c,Residential,R977_1_1,2,400,200,200,400,0,19.2,513.94452,23.52504,556.66956,0,280844,302.8,212598.908,111.61128,213013.3193,-1500,2,-195,-5,0,-200,50,-20,-49,-1,0,-50,0,1,-2,-28,0,-30,25,-50,-1,-9,0,-10,0,1,2,8,0,10,10,30,1,1,0,2,-75,2,-40,0,0,-40,200,-50,0,0,-50,25,1,30,10,-50,-10,200,5,30,20,5,-50,-25
bf730992-610d-4c05-902e-c66c7bd94916,Residential,R31_1_1,2,400,200,200,400,0,19.2,513.94452,23.52504,556.66956,0,280844,302.8,212598.908,111.61128,213013.3193,-1500,2,-195,-5,0,-200,50,-20,-49,-1,0,-50,0,1,-2,-28,0,-30,25,-50,-1,-9,0,-10,0,1,2,8,0,10,10,30,1,1,0,2,-75,2,-40,0,0,-40,200,-50,0,0,-50,25,1,30,10,-50,-10,200,5,30,20,5,-50,-25
4d3c1faf-b4f1-4639-926c-19d2cdbc5214,Residential,R263_1_1,2,400,200,200,400,0,19.2,513.94452,23.52504,556.66956,0,280844,302.8,212598.908,111.61128,213013.3193,-1500,2,-195,-5,0,-200,50,-20,-49,-1,0,-50,0,1,-2,-28,0,-30,25,-50,-1,-9,0,-10,0,1,2,8,0,10,10,30,1,1,0,2,-75,2,-40,0,0,-40,200,-50,0,0,-50,25,1,30,10,-50,-10,200,5,30,20,5,-50,-25
bf7b2845-9b79-4c47-ad4f-22f4c1945522,Residential,R1399_1_1,2,400,200,200,400,0,19.2,513.94452,23.52504,556.66956,0,280844,302.8,212598.908,111.61128,213013.3193,-1500,2,-195,-5,0,-200,50,-20,-49,-1,0,-50,0,1,-2,-28,0,-30,25,-50,-1,-9,0,-10,0,1,2,8,0,10,10,30,1,1,0,2,-75,2,-40,0,0,-40,200,-50,0,0,-50,25,1,30,10,-50,-10,200,5,30,20,5,-50,-25
1fcf102c-32f4-4007-8f70-b7fffb9e35d4,Residential,R1563_1_1,2,400,200,200,400,0,19.2,513.94452,23.52504,556.66956,0,280844,302.8,212598.908,111.61128,213013.3193,-1500,2,-195,-5,0,-200,50,-20,-49,-1,0,-50,0,1,-2,-28,0,-30,25,-50,-1,-9,0,-10,0,1,2,8,0,10,10,30,1,1,0,2,-75,2,-40,0,0,-40,200,-50,0,0,-50,25,1,30,10,-50,-10,200,5,30,20,5,-50,-25
8b1d7d32-1df7-40d5-b6d3-3ef8c547ed26,Residential,R1180_1_1,2,400,200,200,400,0,19.2,513.94452,23.52504,556.66956,0,280844,302.8,212598.908,111.61128,213013.3193,-1500,2,-195,-5,0,-200,50,-20,-49,-1,0,-50,0,1,-2,-28,0,-30,25,-50,-1,-9,0,-10,0,1,2,8,0,10,10,30,1,1,0,2,-75,2,-40,0,0,-40,200,-50,0,0,-50,25,1,30,10,-50,-10,200,5,30,20,5,-50,-25
3069b7ec-48a3-44c3-8c89-72f7b02fcce1,Residential,R1658_1_1,2,400,200,200,400,0,19.2,513.94452,23.52504,556.66956,0,280844,302.8,212598.908,111.61128,213013.3193,-1500,2,-195,-5,0,-200,50,-20,-49,-1,0,-50,0,1,-2,-28,0,-30,25,-50,-1,-9,0,-10,0,1,2,8,0,10,10,30,1,1,0,2,-75,2,-40,0,0,-40,200,-50,0,0,-50,25,1,30,10,-50,-10,200,5,30,20,5,-50,-25
ee0df377-9837-4e7a-990a-98236bc460d5,Residential,R2158_1_1,2,400,200,200,400,0,19.2,513.94452,23.52504,556.66956,0,280844,302.8,212598.908,111.61128,213013.3193,-1500,2,-195,-5,0,-200,50,-20,-49,-1,0,-50,0,1,-2,-28,0,-30,25,-50,-1,-9,0,-10,0,1,2,8,0,10,10,30,1,1,0,2,-75,2,-40,0,0,-40,200,-50,0,0,-50,25,1,30,10,-50,-10,200,5,30,20,5,-50,-25
37bd1f8f-8bdf-4f72-ab29-25955b13bb7a,Residential,R2096_1_1,2,400,200,200,400,0,19.2,513.94452,23.52504,556.66956,0,280844,302.8,212598.908,111.61128,213013.3193,-1500,2,-195,-5,0,-200,50,-20,-49,-1,0,-50,0,1,-2,-28,0,-30,25,-50,-1,-9,0,-10,0,1,2,8,0,10,10,30,1,1,0,2,-75,2,-40,0,0,-40,200,-50,0,0,-50,25,1,30,10,-50,-10,200,5,30,20,5,-50,-25
9a7f4d11-5689-46a8-8047-367fdea75063,Residential,R2_1_1,2,400,200,200,400,0,19.2,513.94452,23.52504,556.66956,0,280844,302.8,212598.908,111.61128,213013.3193,-1500,2,-195,-5,0,-200,50,-20,-49,-1,0,-50,0,1,-2,-28,0,-30,25,-50,-1,-9,0,-10,0,1,2,8,0,10,10,30,1,1,0,2,-75,2,-40,0,0,-40,200,-50,0,0,-50,25,1,30,10,-50,-10,200,5,30,20,5,-50,-25
e98a2ab8-da36-44d1-a40a-a7cfd608c524,Residential,R579_1_1,2,400,200,200,400,0,19.2,513.94452,23.52504,556.66956,0,280844,302.8,212598.908,111.61128,213013.3193,-1500,2,-195,-5,0,-200,50,-20,-49,-1,0,-50,0,1,-2,-28,0,-30,25,-50,-1,-9,0,-10,0,1,2,8,0,10,10,30,1,1,0,2,-75,2,-40,0,0,-40,200,-50,0,0,-50,25,1,30,10,-50,-10,200,5,30,20,5,-50,-25
26209f1d-0910-4154-9dc3-7f37ea8d23b6,Residential,R959_1_1,2,400,200,200,400,0,19.2,513.94452,23.52504,556.66956,0,280844,302.8,212598.908,111.61128,213013.3193,-1500,2,-195,-5,0,-200,50,-20,-49,-1,0,-50,0,1,-2,-28,0,-30,25,-50,-1,-9,0,-10,0,1,2,8,0,10,10,30,1,1,0,2,-75,2,-40,0,0,-40,200,-50,0,0,-50,25,1,30,10,-50,-10,200,5,30,20,5,-50,-25
5d3b5311-a078-4f5c-aa5e-081e1d10c442,Residential,R11_1_1,2,400,200,200,400,0,19.2,513.94452,23.52504,556.66956,0,280844,302.8,212598.908,111.61128,213013.3193,-1500,2,-195,-5,0,-200,50,-20,-49,-1,0,-50,0,1,-2,-28,0,-30,25,-50,-1,-9,0,-10,0,1,2,8,0,10,10,30,1,1,0,2,-75,2,-40,0,0,-40,200,-50,0,0,-50,25,1,30,10,-50,-10,200,5,30,20,5,-50,-25
ee39aaad-1844-49d3-aff3-d82bc10fb1d4,Residential,R707_1_1,2,400,200,200,400,0,19.2,513.94452,23.52504,556.66956,0,280844,302.8,212598.908,111.61128,213013.3193,-1500,2,-195,-5,0,-200,50,-20,-49,-1,0,-50,0,1,-2,-28,0,-30,25,-50,-1,-9,0,-10,0,1,2,8,0,10,10,30,1,1,0,2,-75,2,-40,0,0,-40,200,-50,0,0,-50,25,1,30,10,-50,-10,200,5,30,20,5,-50,-25
c9980d93-5005-4c0e-b10a-c7c3c3647051,Residential,R2085_1_1,2,400,200,200,400,0,19.2,513.94452,23.52504,556.66956,0,280844,302.8,212598.908,111.61128,213013.3193,-1500,2,-195,-5,0,-200,50,-20,-49,-1,0,-50,0,1,-2,-28,0,-30,25,-50,-1,-9,0,-10,0,1,2,8,0,10,10,30,1,1,0,2,-75,2,-40,0,0,-40,200,-50,0,0,-50,25,1,30,10,-50,-10,200,5,30,20,5,-50,-25
e3ba94a4-483c-4993-9610-f2ab5b945114,Residential,R312_1_1,2,400,200,200,400,0,19.2,513.94452,23.52504,556.66956,0,280844,302.8,212598.908,111.61128,213013.3193,-1500,2,-195,-5,0,-200,50,-20,-49,-1,0,-50,0,1,-2,-28,0,-30,25,-50,-1,-9,0,-10,0,1,2,8,0,10,10,30,1,1,0,2,-75,2,-40,0,0,-40,200,-50,0,0,-50,25,1,30,10,-50,-10,200,5,30,20,5,-50,-25
560a1176-a47f-4783-8968-5484d1dd9e31,Residential,R1975_1_1,2,400,200,200,400,0,19.2,513.94452,23.52504,556.66956,0,280844,302.8,212598.908,111.61128,213013.3193,-1500,2,-195,-5,0,-200,50,-20,-49,-1,0,-50,0,1,-2,-28,0,-30,25,-50,-1,-9,0,-10,0,1,2,8,0,10,10,30,1,1,0,2,-75,2,-40,0,0,-40,200,-50,0,0,-50,25,1,30,10,-50,-10,200,5,30,20,5,-50,-25
4299157f-b881-4ea2-8259-88bafeec9435,Residential,R109_1_1,2,400,200,200,400,0,19.2,513.94452,23.52504,556.66956,0,280844,302.8,212598.908,111.61128,213013.3193,-1500,2,-195,-5,0,-200,50,-20,-49,-1,0,-50,0,1,-2,-28,0,-30,25,-50,-1,-9,0,-10,0,1,2,8,0,10,10,30,1,1,0,2,-75,2,-40,0,0,-40,200,-50,0,0,-50,25,1,30,10,-50,-10,200,5,30,20,5,-50,-25
91e84527-4631-463d-9f39-8ecc880547f7,Residential,R553_1_1,2,400,200,200,400,0,19.2,513.94452,23.52504,556.66956,0,280844,302.8,212598.908,111.61128,213013.3193,-1500,2,-195,-5,0,-200,50,-20,-49,-1,0,-50,0,1,-2,-28,0,-30,25,-50,-1,-9,0,-10,0,1,2,8,0,10,10,30,1,1,0,2,-75,2,-40,0,0,-40,200,-50,0,0,-50,25,1,30,10,-50,-10,200,5,30,20,5,-50,-25
1911d9f9-658f-4793-9f25-38a710ab93ab,Residential,R1743_1_1,2,400,200,200,400,0,19.2,513.94452,23.52504,556.66956,0,280844,302.8,212598.908,111.61128,213013.3193,-1500,2,-195,-5,0,-200,50,-20,-49,-1,0,-50,0,1,-2,-28,0,-30,25,-50,-1,-9,0,-10,0,1,2,8,0,10,10,30,1,1,0,2,-75,2,-40,0,0,-40,200,-50,0,0,-50,25,1,30,10,-50,-10,200,5,30,20,5,-50,-25
04c9ee82-1d97-42b6-8dc9-ab0cc5725d52,Residential,R228_1_1,2,400,200,200,400,0,19.2,513.94452,23.52504,556.66956,0,280844,302.8,212598.908,111.61128,213013.3193,-1500,2,-195,-5,0,-200,50,-20,-49,-1,0,-50,0,1,-2,-28,0,-30,25,-50,-1,-9,0,-10,0,1,2,8,0,10,10,30,1,1,0,2,-75,2,-40,0,0,-40,200,-50,0,0,-50,25,1,30,10,-50,-10,200,5,30,20,5,-50,-25
d432833f-98e4-414a-81c7-22ea65069685,Residential,R1986_1_1,2,400,200,200,400,0,19.2,513.94452,23.52504,556.66956,0,280844,302.8,212598.908,111.61128,213013.3193,-1500,2,-195,-5,0,-200,50,-20,-49,-1,0,-50,0,1,-2,-28,0,-30,25,-50,-1,-9,0,-10,0,1,2,8,0,10,10,30,1,1,0,2,-75,2,-40,0,0,-40,200,-50,0,0,-50,25,1,30,10,-50,-10,200,5,30,20,5,-50,-25
30d359bf-77e4-4e58-b10f-0976e8c5dc68,Residential,R356_1_1,2,400,200,200,400,0,19.2,513.94452,23.52504,556.66956,0,280844,302.8,212598.908,111.61128,213013.3193,-1500,2,-195,-5,0,-200,50,-20,-49,-1,0,-50,0,1,-2,-28,0,-30,25,-50,-1,-9,0,-10,0,1,2,8,0,10,10,30,1,1,0,2,-75,2,-40,0,0,-40,200,-50,0,0,-50,25,1,30,10,-50,-10,200,5,30,20,5,-50,-25
dbe50b15-6efa-481b-abad-f9d9d6c512cd,Residential,R1365_1_1,2,400,200,200,400,0,19.2,513.94452,23.52504,556.66956,0,280844,302.8,212598.908,111.61128,213013.3193,-1500,2,-195,-5,0,-200,50,-20,-49,-1,0,-50,0,1,-2,-28,0,-30,25,-50,-1,-9,0,-10,0,1,2,8,0,10,10,30,1,1,0,2,-75,2,-40,0,0,-40,200,-50,0,0,-50,25,1,30,10,-50,-10,200,5,30,20,5,-50,-25
d66ad93e-45c7-43bc-944e-21af113a933e,Residential,R379_1_1,2,400,200,200,400,0,19.2,513.94452,23.52504,556.66956,0,280844,302.8,212598.908,111.61128,213013.3193,-1500,2,-195,-5,0,-200,50,-20,-49,-1,0,-50,0,1,-2,-28,0,-30,25,-50,-1,-9,0,-10,0,1,2,8,0,10,10,30,1,1,0,2,-75,2,-40,0,0,-40,200,-50,0,0,-50,25,1,30,10,-50,-10,200,5,30,20,5,-50,-25
dd96e790-c3e9-4c51-bfc8-6e3f8b5362a7,Residential,R1011_1_1,2,400,200,200,400,0,19.2,513.94452,23.52504,556.66956,0,280844,302.8,212598.908,111.61128,213013.3193,-1500,2,-195,-5,0,-200,50,-20,-49,-1,0,-50,0,1,-2,-28,0,-30,25,-50,-1,-9,0,-10,0,1,2,8,0,10,10,30,1,1,0,2,-75,2,-40,0,0,-40,200,-50,0,0,-50,25,1,30,10,-50,-10,200,5,30,20,5,-50,-25
434476c2-7da8-4f8d-ae61-4256d8133c97,Residential,R1417_1_1,2,400,200,200,400,0,19.2,513.94452,23.52504,556.66956,0,280844,302.8,212598.908,111.61128,213013.3193,-1500,2,-195,-5,0,-200,50,-20,-49,-1,0,-50,0,1,-2,-28,0,-30,25,-50,-1,-9,0,-10,0,1,2,8,0,10,10,30,1,1,0,2,-75,2,-40,0,0,-40,200,-50,0,0,-50,25,1,30,10,-50,-10,200,5,30,20,5,-50,-25
c01f406c-cc3f-4d13-a979-ab289c10756f,Residential,R410_1_1,2,400,200,200,400,0,19.2,513.94452,23.52504,556.66956,0,280844,302.8,212598.908,111.61128,213013.3193,-1500,2,-195,-5,0,-200,50,-20,-49,-1,0,-50,0,1,-2,-28,0,-30,25,-50,-1,-9,0,-10,0,1,2,8,0,10,10,30,1,1,0,2,-75,2,-40,0,0,-40,200,-50,0,0,-50,25,1,30,10,-50,-10,200,5,30,20,5,-50,-25
182717d6-a989-4fb1-b1fa-375d77f42600,Residential,R259_1_1,2,400,200,200,400,0,19.2,513.94452,23.52504,556.66956,0,280844,302.8,212598.908,111.61128,213013.3193,-1500,2,-195,-5,0,-200,50,-20,-49,-1,0,-50,0,1,-2,-28,0,-30,25,-50,-1,-9,0,-10,0,1,2,8,0,10,10,30,1,1,0,2,-75,2,-40,0,0,-40,200,-50,0,0,-50,25,1,30,10,-50,-10,200,5,30,20,5,-50,-25
a9a6450d-d5a9-4da4-b978-e22c683e0e50,Residential,R1258_1_1,2,400,200,200,400,0,19.2,513.94452,23.52504,556.66956,0,280844,302.8,212598.908,111.61128,213013.3193,-1500,2,-195,-5,0,-200,50,-20,-49,-1,0,-50,0,1,-2,-28,0,-30,25,-50,-1,-9,0,-10,0,1,2,8,0,10,10,30,1,1,0,2,-75,2,-40,0,0,-40,200,-50,0,0,-50,25,1,30,10,-50,-10,200,5,30,20,5,-50,-25
cab259ac-fe20-4f7b-8d32-43faf7f5fc5e,Residential,R667_1_1,2,400,200,200,400,0,19.2,513.94452,23.52504,556.66956,0,280844,302.8,212598.908,111.61128,213013.3193,-1500,2,-195,-5,0,-200,50,-20,-49,-1,0,-50,0,1,-2,-28,0,-30,25,-50,-1,-9,0,-10,0,1,2,8,0,10,10,30,1,1,0,2,-75,2,-40,0,0,-40,200,-50,0,0,-50,25,1,30,10,-50,-10,200,5,30,20,5,-50,-25
743fa46c-b28c-4b2b-8ef0-1011107c6572,Residential,R1808_1_1,2,400,200,200,400,0,19.2,513.94452,23.52504,556.66956,0,280844,302.8,212598.908,111.61128,213013.3193,-1500,2,-195,-5,0,-200,50,-20,-49,-1,0,-50,0,1,-2,-28,0,-30,25,-50,-1,-9,0,-10,0,1,2,8,0,10,10,30,1,1,0,2,-75,2,-40,0,0,-40,200,-50,0,0,-50,25,1,30,10,-50,-10,200,5,30,20,5,-50,-25
dd9fbfc8-4e52-47c8-872f-ce2e476fb398,Residential,R442_1_1,2,400,200,200,400,0,19.2,513.94452,23.52504,556.66956,0,280844,302.8,212598.908,111.61128,213013.3193,-1500,2,-195,-5,0,-200,50,-20,-49,-1,0,-50,0,1,-2,-28,0,-30,25,-50,-1,-9,0,-10,0,1,2,8,0,10,10,30,1,1,0,2,-75,2,-40,0,0,-40,200,-50,0,0,-50,25,1,30,10,-50,-10,200,5,30,20,5,-50,-25
b207bb64-beff-4133-b264-fed3f746da7c,Residential,R1498_1_1,2,400,200,200,400,0,19.2,513.94452,23.52504,556.66956,0,280844,302.8,212598.908,111.61128,213013.3193,-1500,2,-195,-5,0,-200,50,-20,-49,-1,0,-50,0,1,-2,-28,0,-30,25,-50,-1,-9,0,-10,0,1,2,8,0,10,10,30,1,1,0,2,-75,2,-40,0,0,-40,200,-50,0,0,-50,25,1,30,10,-50,-10,200,5,30,20,5,-50,-25
8689eb87-c22c-40bd-81f5-23318c369ed7,Residential,R2023_1_1,2,400,200,200,400,0,19.2,513.94452,23.52504,556.66956,0,280844,302.8,212598.908,111.61128,213013.3193,-1500,2,-195,-5,0,-200,50,-20,-49,-1,0,-50,0,1,-2,-28,0,-30,25,-50,-1,-9,0,-10,0,1,2,8,0,10,10,30,1,1,0,2,-75,2,-40,0,0,-40,200,-50,0,0,-50,25,1,30,10,-50,-10,200,5,30,20,5,-50,-25
1f1bb15e-0fd4-492d-a7b1-f394c69a7843,Residential,R181_1_1,2,400,200,200,400,0,19.2,513.94452,23.52504,556.66956,0,280844,302.8,212598.908,111.61128,213013.3193,-1500,2,-195,-5,0,-200,50,-20,-49,-1,0,-50,0,1,-2,-28,0,-30,25,-50,-1,-9,0,-10,0,1,2,8,0,10,10,30,1,1,0,2,-75,2,-40,0,0,-40,200,-50,0,0,-50,25,1,30,10,-50,-10,200,5,30,20,5,-50,-25
86646c2a-9c1d-417a-8ee8-042533f41522,Residential,R770_1_1,2,400,200,200,400,0,19.2,513.94452,23.52504,556.66956,0,280844,302.8,212598.908,111.61128,213013.3193,-1500,2,-195,-5,0,-200,50,-20,-49,-1,0,-50,0,1,-2,-28,0,-30,25,-50,-1,-9,0,-10,0,1,2,8,0,10,10,30,1,1,0,2,-75,2,-40,0,0,-40,200,-50,0,0,-50,25,1,30,10,-50,-10,200,5,30,20,5,-50,-25
31db8844-ec81-4859-b876-843e70778de6,Residential,R733_1_1,2,400,200,200,400,0,19.2,513.94452,23.52504,556.66956,0,280844,302.8,212598.908,111.61128,213013.3193,-1500,2,-195,-5,0,-200,50,-20,-49,-1,0,-50,0,1,-2,-28,0,-30,25,-50,-1,-9,0,-10,0,1,2,8,0,10,10,30,1,1,0,2,-75,2,-40,0,0,-40,200,-50,0,0,-50,25,1,30,10,-50,-10,200,5,30,20,5,-50,-25
4cf18650-9202-4178-9f80-f40e9fc65238,Residential,R2165_1_1,2,400,200,200,400,0,19.2,513.94452,23.52504,556.66956,0,280844,302.8,212598.908,111.61128,213013.3193,-1500,2,-195,-5,0,-200,50,-20,-49,-1,0,-50,0,1,-2,-28,0,-30,25,-50,-1,-9,0,-10,0,1,2,8,0,10,10,30,1,1,0,2,-75,2,-40,0,0,-40,200,-50,0,0,-50,25,1,30,10,-50,-10,200,5,30,20,5,-50,-25
e74d3fe7-8669-4f5e-97d4-5c30573cb3ff,Residential,R1443_1_1,2,400,200,200,400,0,19.2,513.94452,23.52504,556.66956,0,280844,302.8,212598.908,111.61128,213013.3193,-1500,2,-195,-5,0,-200,50,-20,-49,-1,0,-50,0,1,-2,-28,0,-30,25,-50,-1,-9,0,-10,0,1,2,8,0,10,10,30,1,1,0,2,-75,2,-40,0,0,-40,200,-50,0,0,-50,25,1,30,10,-50,-10,200,5,30,20,5,-50,-25
526b46b7-f2c5-4dd4-af87-3ea2ec9602ed,Residential,R1517_1_1,2,400,200,200,400,0,19.2,513.94452,23.52504,556.66956,0,280844,302.8,212598.908,111.61128,213013.3193,-1500,2,-195,-5,0,-200,50,-20,-49,-1,0,-50,0,1,-2,-28,0,-30,25,-50,-1,-9,0,-10,0,1,2,8,0,10,10,30,1,1,0,2,-75,2,-40,0,0,-40,200,-50,0,0,-50,25,1,30,10,-50,-10,200,5,30,20,5,-50,-25
fb66c3d3-7cba-4e78-ab93-aa95f2e7de0a,Residential,R1159_1_1,2,400,200,200,400,0,19.2,513.94452,23.52504,556.66956,0,280844,302.8,212598.908,111.61128,213013.3193,-1500,2,-195,-5,0,-200,50,-20,-49,-1,0,-50,0,1,-2,-28,0,-30,25,-50,-1,-9,0,-10,0,1,2,8,0,10,10,30,1,1,0,2,-75,2,-40,0,0,-40,200,-50,0,0,-50,25,1,30,10,-50,-10,200,5,30,20,5,-50,-25
091912ce-c38b-4a3b-b3b7-32039e9ba28b,Residential,R1153_1_1,2,400,200,200,400,0,19.2,513.94452,23.52504,556.66956,0,280844,302.8,212598.908,111.61128,213013.3193,-1500,2,-195,-5,0,-200,50,-20,-49,-1,0,-50,0,1,-2,-28,0,-30,25,-50,-1,-9,0,-10,0,1,2,8,0,10,10,30,1,1,0,2,-75,2,-40,0,0,-40,200,-50,0,0,-50,25,1,30,10,-50,-10,200,5,30,20,5,-50,-25
e286bd02-ba60-4742-95e1-58e8266aa5a9,Residential,R1326_1_1,2,400,200,200,400,0,19.2,513.94452,23.52504,556.66956,0,280844,302.8,212598.908,111.61128,213013.3193,-1500,2,-195,-5,0,-200,50,-20,-49,-1,0,-50,0,1,-2,-28,0,-30,25,-50,-1,-9,0,-10,0,1,2,8,0,10,10,30,1,1,0,2,-75,2,-40,0,0,-40,200,-50,0,0,-50,25,1,30,10,-50,-10,200,5,30,20,5,-50,-25
86e2e9b9-a4d7-4836-a775-4a84724d156a,Residential,R1379_1_1,2,400,200,200,400,0,19.2,513.94452,23.52504,556.66956,0,280844,302.8,212598.908,111.61128,213013.3193,-1500,2,-195,-5,0,-200,50,-20,-49,-1,0,-50,0,1,-2,-28,0,-30,25,-50,-1,-9,0,-10,0,1,2,8,0,10,10,30,1,1,0,2,-75,2,-40,0,0,-40,200,-50,0,0,-50,25,1,30,10,-50,-10,200,5,30,20,5,-50,-25
b7399858-31b6-4de7-a7e8-f709590d0ede,Residential,R1276_1_1,2,400,200,200,400,0,19.2,513.94452,23.52504,556.66956,0,280844,302.8,212598.908,111.61128,213013.3193,-1500,2,-195,-5,0,-200,50,-20,-49,-1,0,-50,0,1,-2,-28,0,-30,25,-50,-1,-9,0,-10,0,1,2,8,0,10,10,30,1,1,0,2,-75,2,-40,0,0,-40,200,-50,0,0,-50,25,1,30,10,-50,-10,200,5,30,20,5,-50,-25
f24c6af4-b945-4292-bf37-5b5c350626ec,Residential,R1674_1_1,2,400,200,200,400,0,19.2,513.94452,23.52504,556.66956,0,280844,302.8,212598.908,111.61128,213013.3193,-1500,2,-195,-5,0,-200,50,-20,-49,-1,0,-50,0,1,-2,-28,0,-30,25,-50,-1,-9,0,-10,0,1,2,8,0,10,10,30,1,1,0,2,-75,2,-40,0,0,-40,200,-50,0,0,-50,25,1,30,10,-50,-10,200,5,30,20,5,-50,-25
ebb520da-acaa-4f6f-bf3a-4953b9047cf4,Residential,R119_1_1,2,400,200,200,400,0,19.2,513.94452,23.52504,556.66956,0,280844,302.8,212598.908,111.61128,213013.3193,-1500,2,-195,-5,0,-200,50,-20,-49,-1,0,-50,0,1,-2,-28,0,-30,25,-50,-1,-9,0,-10,0,1,2,8,0,10,10,30,1,1,0,2,-75,2,-40,0,0,-40,200,-50,0,0,-50,25,1,30,10,-50,-10,200,5,30,20,5,-50,-25
f3a3c875-1324-4efe-ac9d-777707b6b0bd,Residential,R122_1_1,2,400,200,200,400,0,19.2,513.94452,23.52504,556.66956,0,280844,302.8,212598.908,111.61128,213013.3193,-1500,2,-195,-5,0,-200,50,-20,-49,-1,0,-50,0,1,-2,-28,0,-30,25,-50,-1,-9,0,-10,0,1,2,8,0,10,10,30,1,1,0,2,-75,2,-40,0,0,-40,200,-50,0,0,-50,25,1,30,10,-50,-10,200,5,30,20,5,-50,-25
8e73292c-7c3d-4307-aecc-505c96e4958d,Residential,R1125_1_1,2,400,200,200,400,0,19.2,513.94452,23.52504,556.66956,0,280844,302.8,212598.908,111.61128,213013.3193,-1500,2,-195,-5,0,-200,50,-20,-49,-1,0,-50,0,1,-2,-28,0,-30,25,-50,-1,-9,0,-10,0,1,2,8,0,10,10,30,1,1,0,2,-75,2,-40,0,0,-40,200,-50,0,0,-50,25,1,30,10,-50,-10,200,5,30,20,5,-50,-25
f9ae2515-bb3a-4273-a789-cfacbbfad408,Residential,R2018_1_1,2,400,200,200,400,0,19.2,513.94452,23.52504,556.66956,0,280844,302.8,212598.908,111.61128,213013.3193,-1500,2,-195,-5,0,-200,50,-20,-49,-1,0,-50,0,1,-2,-28,0,-30,25,-50,-1,-9,0,-10,0,1,2,8,0,10,10,30,1,1,0,2,-75,2,-40,0,0,-40,200,-50,0,0,-50,25,1,30,10,-50,-10,200,5,30,20,5,-50,-25
59a72dc9-5eca-4aef-8e57-1dcb146a73ec,Residential,R1713_1_1,2,400,200,200,400,0,19.2,513.94452,23.52504,556.66956,0,280844,302.8,212598.908,111.61128,213013.3193,-1500,2,-195,-5,0,-200,50,-20,-49,-1,0,-50,0,1,-2,-28,0,-30,25,-50,-1,-9,0,-10,0,1,2,8,0,10,10,30,1,1,0,2,-75,2,-40,0,0,-40,200,-50,0,0,-50,25,1,30,10,-50,-10,200,5,30,20,5,-50,-25
2126b2f5-5831-4e85-8455-20ff46cdfd3b,Residential,R1542_1_1,2,400,200,200,400,0,19.2,513.94452,23.52504,556.66956,0,280844,302.8,212598.908,111.61128,213013.3193,-1500,2,-195,-5,0,-200,50,-20,-49,-1,0,-50,0,1,-2,-28,0,-30,25,-50,-1,-9,0,-10,0,1,2,8,0,10,10,30,1,1,0,2,-75,2,-40,0,0,-40,200,-50,0,0,-50,25,1,30,10,-50,-10,200,5,30,20,5,-50,-25
8b9ca7bc-a991-4a62-a168-b6724fc23170,Residential,R614_1_1,2,400,200,200,400,0,19.2,513.94452,23.52504,556.66956,0,280844,302.8,212598.908,111.61128,213013.3193,-1500,2,-195,-5,0,-200,50,-20,-49,-1,0,-50,0,1,-2,-28,0,-30,25,-50,-1,-9,0,-10,0,1,2,8,0,10,10,30,1,1,0,2,-75,2,-40,0,0,-40,200,-50,0,0,-50,25,1,30,10,-50,-10,200,5,30,20,5,-50,-25
52251c3f-2c01-4527-a26c-ce7c6cb97b7b,Residential,R670_1_1,2,400,200,200,400,0,19.2,513.94452,23.52504,556.66956,0,280844,302.8,212598.908,111.61128,213013.3193,-1500,2,-195,-5,0,-200,50,-20,-49,-1,0,-50,0,1,-2,-28,0,-30,25,-50,-1,-9,0,-10,0,1,2,8,0,10,10,30,1,1,0,2,-75,2,-40,0,0,-40,200,-50,0,0,-50,25,1,30,10,-50,-10,200,5,30,20,5,-50,-25
e8a6ce90-8d44-49f3-b8f9-ef1a87989eb3,Residential,R1820_1_1,2,400,200,200,400,0,19.2,513.94452,23.52504,556.66956,0,280844,302.8,212598.908,111.61128,213013.3193,-1500,2,-195,-5,0,-200,50,-20,-49,-1,0,-50,0,1,-2,-28,0,-30,25,-50,-1,-9,0,-10,0,1,2,8,0,10,10,30,1,1,0,2,-75,2,-40,0,0,-40,200,-50,0,0,-50,25,1,30,10,-50,-10,200,5,30,20,5,-50,-25
59d052bd-7dc7-4cd2-b19d-ee35b740f3ae,Residential,R549_1_1,2,400,200,200,400,0,19.2,513.94452,23.52504,556.66956,0,280844,302.8,212598.908,111.61128,213013.3193,-1500,2,-195,-5,0,-200,50,-20,-49,-1,0,-50,0,1,-2,-28,0,-30,25,-50,-1,-9,0,-10,0,1,2,8,0,10,10,30,1,1,0,2,-75,2,-40,0,0,-40,200,-50,0,0,-50,25,1,30,10,-50,-10,200,5,30,20,5,-50,-25
cb227dfc-6bd2-41a7-8967-35710f25212f,Residential,R293_1_1,2,400,200,200,400,0,19.2,513.94452,23.52504,556.66956,0,280844,302.8,212598.908,111.61128,213013.3193,-1500,2,-195,-5,0,-200,50,-20,-49,-1,0,-50,0,1,-2,-28,0,-30,25,-50,-1,-9,0,-10,0,1,2,8,0,10,10,30,1,1,0,2,-75,2,-40,0,0,-40,200,-50,0,0,-50,25,1,30,10,-50,-10,200,5,30,20,5,-50,-25
76df0e9c-24c5-4666-b1f4-8cefdf7ca836,Residential,R234_1_1,2,400,200,200,400,0,19.2,513.94452,23.52504,556.66956,0,280844,302.8,212598.908,111.61128,213013.3193,-1500,2,-195,-5,0,-200,50,-20,-49,-1,0,-50,0,1,-2,-28,0,-30,25,-50,-1,-9,0,-10,0,1,2,8,0,10,10,30,1,1,0,2,-75,2,-40,0,0,-40,200,-50,0,0,-50,25,1,30,10,-50,-10,200,5,30,20,5,-50,-25
b1d1ec4d-39d8-46ae-85e5-b3e7c6e4387c,Residential,R2169_1_1,2,400,200,200,400,0,19.2,513.94452,23.52504,556.66956,0,280844,302.8,212598.908,111.61128,213013.3193,-1500,2,-195,-5,0,-200,50,-20,-49,-1,0,-50,0,1,-2,-28,0,-30,25,-50,-1,-9,0,-10,0,1,2,8,0,10,10,30,1,1,0,2,-75,2,-40,0,0,-40,200,-50,0,0,-50,25,1,30,10,-50,-10,200,5,30,20,5,-50,-25
f3e55b08-a359-41b3-90ff-9f6a3b37cc98,Residential,R1907_1_1,2,400,200,200,400,0,19.2,513.94452,23.52504,556.66956,0,280844,302.8,212598.908,111.61128,213013.3193,-1500,2,-195,-5,0,-200,50,-20,-49,-1,0,-50,0,1,-2,-28,0,-30,25,-50,-1,-9,0,-10,0,1,2,8,0,10,10,30,1,1,0,2,-75,2,-40,0,0,-40,200,-50,0,0,-50,25,1,30,10,-50,-10,200,5,30,20,5,-50,-25
901a9b70-4e19-4619-858e-ae00d536f93b,Residential,R819_1_1,2,400,200,200,400,0,19.2,513.94452,23.52504,556.66956,0,280844,302.8,212598.908,111.61128,213013.3193,-1500,2,-195,-5,0,-200,50,-20,-49,-1,0,-50,0,1,-2,-28,0,-30,25,-50,-1,-9,0,-10,0,1,2,8,0,10,10,30,1,1,0,2,-75,2,-40,0,0,-40,200,-50,0,0,-50,25,1,30,10,-50,-10,200,5,30,20,5,-50,-25
28994115-ce57-45b1-9cc7-1704e747d7dd,Residential,R2135_1_1,2,400,200,200,400,0,19.2,513.94452,23.52504,556.66956,0,280844,302.8,212598.908,111.61128,213013.3193,-1500,2,-195,-5,0,-200,50,-20,-49,-1,0,-50,0,1,-2,-28,0,-30,25,-50,-1,-9,0,-10,0,1,2,8,0,10,10,30,1,1,0,2,-75,2,-40,0,0,-40,200,-50,0,0,-50,25,1,30,10,-50,-10,200,5,30,20,5,-50,-25
5db83e86-289f-459d-b0dd-306eba4fd9d3,Residential,R918_1_1,2,400,200,200,400,0,19.2,513.94452,23.52504,556.66956,0,280844,302.8,212598.908,111.61128,213013.3193,-1500,2,-195,-5,0,-200,50,-20,-49,-1,0,-50,0,1,-2,-28,0,-30,25,-50,-1,-9,0,-10,0,1,2,8,0,10,10,30,1,1,0,2,-75,2,-40,0,0,-40,200,-50,0,0,-50,25,1,30,10,-50,-10,200,5,30,20,5,-50,-25
aaadc241-299e-424c-bc9f-a5223380fe7b,Residential,R2036_1_1,2,400,200,200,400,0,19.2,513.94452,23.52504,556.66956,0,280844,302.8,212598.908,111.61128,213013.3193,-1500,2,-195,-5,0,-200,50,-20,-49,-1,0,-50,0,1,-2,-28,0,-30,25,-50,-1,-9,0,-10,0,1,2,8,0,10,10,30,1,1,0,2,-75,2,-40,0,0,-40,200,-50,0,0,-50,25,1,30,10,-50,-10,200,5,30,20,5,-50,-25
2cb51a82-9ee1-488b-a810-499ff30af26d,Residential,R1886_1_1,2,400,200,200,400,0,19.2,513.94452,23.52504,556.66956,0,280844,302.8,212598.908,111.61128,213013.3193,-1500,2,-195,-5,0,-200,50,-20,-49,-1,0,-50,0,1,-2,-28,0,-30,25,-50,-1,-9,0,-10,0,1,2,8,0,10,10,30,1,1,0,2,-75,2,-40,0,0,-40,200,-50,0,0,-50,25,1,30,10,-50,-10,200,5,30,20,5,-50,-25
63884b89-c75f-4efb-be89-5c145e020204,Residential,R1336_1_1,2,400,200,200,400,0,19.2,513.94452,23.52504,556.66956,0,280844,302.8,212598.908,111.61128,213013.3193,-1500,2,-195,-5,0,-200,50,-20,-49,-1,0,-50,0,1,-2,-28,0,-30,25,-50,-1,-9,0,-10,0,1,2,8,0,10,10,30,1,1,0,2,-75,2,-40,0,0,-40,200,-50,0,0,-50,25,1,30,10,-50,-10,200,5,30,20,5,-50,-25
35d92963-e418-4727-8277-68992701baa6,Residential,R533_1_1,2,400,200,200,400,0,19.2,513.94452,23.52504,556.66956,0,280844,302.8,212598.908,111.61128,213013.3193,-1500,2,-195,-5,0,-200,50,-20,-49,-1,0,-50,0,1,-2,-28,0,-30,25,-50,-1,-9,0,-10,0,1,2,8,0,10,10,30,1,1,0,2,-75,2,-40,0,0,-40,200,-50,0,0,-50,25,1,30,10,-50,-10,200,5,30,20,5,-50,-25
730a2235-ed1b-4671-a9d7-21b5567668fd,Residential,R451_1_1,2,400,200,200,400,0,19.2,513.94452,23.52504,556.66956,0,280844,302.8,212598.908,111.61128,213013.3193,-1500,2,-195,-5,0,-200,50,-20,-49,-1,0,-50,0,1,-2,-28,0,-30,25,-50,-1,-9,0,-10,0,1,2,8,0,10,10,30,1,1,0,2,-75,2,-40,0,0,-40,200,-50,0,0,-50,25,1,30,10,-50,-10,200,5,30,20,5,-50,-25
70a34f17-a1ee-41e0-a78d-7dc0991aab45,Residential,R1985_1_1,2,400,200,200,400,0,19.2,513.94452,23.52504,556.66956,0,280844,302.8,212598.908,111.61128,213013.3193,-1500,2,-195,-5,0,-200,50,-20,-49,-1,0,-50,0,1,-2,-28,0,-30,25,-50,-1,-9,0,-10,0,1,2,8,0,10,10,30,1,1,0,2,-75,2,-40,0,0,-40,200,-50,0,0,-50,25,1,30,10,-50,-10,200,5,30,20,5,-50,-25
b45c357b-e1a7-4683-a397-cee024c0f453,Residential,R651_1_1,2,400,200,200,400,0,19.2,513.94452,23.52504,556.66956,0,280844,302.8,212598.908,111.61128,213013.3193,-1500,2,-195,-5,0,-200,50,-20,-49,-1,0,-50,0,1,-2,-28,0,-30,25,-50,-1,-9,0,-10,0,1,2,8,0,10,10,30,1,1,0,2,-75,2,-40,0,0,-40,200,-50,0,0,-50,25,1,30,10,-50,-10,200,5,30,20,5,-50,-25
cb866e3b-a92f-43d3-8a10-acc96a74eade,Residential,R1616_1_1,2,400,200,200,400,0,19.2,513.94452,23.52504,556.66956,0,280844,302.8,212598.908,111.61128,213013.3193,-1500,2,-195,-5,0,-200,50,-20,-49,-1,0,-50,0,1,-2,-28,0,-30,25,-50,-1,-9,0,-10,0,1,2,8,0,10,10,30,1,1,0,2,-75,2,-40,0,0,-40,200,-50,0,0,-50,25,1,30,10,-50,-10,200,5,30,20,5,-50,-25
6fa4a419-0b81-4e51-8b16-d8b807377e3f,Residential,R1736_1_1,2,400,200,200,400,0,19.2,513.94452,23.52504,556.66956,0,280844,302.8,212598.908,111.61128,213013.3193,-1500,2,-195,-5,0,-200,50,-20,-49,-1,0,-50,0,1,-2,-28,0,-30,25,-50,-1,-9,0,-10,0,1,2,8,0,10,10,30,1,1,0,2,-75,2,-40,0,0,-40,200,-50,0,0,-50,25,1,30,10,-50,-10,200,5,30,20,5,-50,-25
0c46fcfa-10d9-4de0-ad68-9f361985f304,Residential,R1020_1_1,2,400,200,200,400,0,19.2,513.94452,23.52504,556.66956,0,280844,302.8,212598.908,111.61128,213013.3193,-1500,2,-195,-5,0,-200,50,-20,-49,-1,0,-50,0,1,-2,-28,0,-30,25,-50,-1,-9,0,-10,0,1,2,8,0,10,10,30,1,1,0,2,-75,2,-40,0,0,-40,200,-50,0,0,-50,25,1,30,10,-50,-10,200,5,30,20,5,-50,-25
192a90ae-6cf5-40dd-bb1b-66facc4390bd,Residential,R1006_1_1,2,400,200,200,400,0,19.2,513.94452,23.52504,556.66956,0,280844,302.8,212598.908,111.61128,213013.3193,-1500,2,-195,-5,0,-200,50,-20,-49,-1,0,-50,0,1,-2,-28,0,-30,25,-50,-1,-9,0,-10,0,1,2,8,0,10,10,30,1,1,0,2,-75,2,-40,0,0,-40,200,-50,0,0,-50,25,1,30,10,-50,-10,200,5,30,20,5,-50,-25
8744a7fa-7d8b-493f-827f-cb4fb000ecc6,Residential,R625_1_1,2,400,200,200,400,0,19.2,513.94452,23.52504,556.66956,0,280844,302.8,212598.908,111.61128,213013.3193,-1500,2,-195,-5,0,-200,50,-20,-49,-1,0,-50,0,1,-2,-28,0,-30,25,-50,-1,-9,0,-10,0,1,2,8,0,10,10,30,1,1,0,2,-75,2,-40,0,0,-40,200,-50,0,0,-50,25,1,30,10,-50,-10,200,5,30,20,5,-50,-25
cad8f09a-f3eb-4abf-9a79-4527c2a86295,Residential,R1707_1_1,2,400,200,200,400,0,19.2,513.94452,23.52504,556.66956,0,280844,302.8,212598.908,111.61128,213013.3193,-1500,2,-195,-5,0,-200,50,-20,-49,-1,0,-50,0,1,-2,-28,0,-30,25,-50,-1,-9,0,-10,0,1,2,8,0,10,10,30,1,1,0,2,-75,2,-40,0,0,-40,200,-50,0,0,-50,25,1,30,10,-50,-10,200,5,30,20,5,-50,-25
89d2a067-d024-496e-833b-8f78d946e0de,Residential,R261_1_1,2,400,200,200,400,0,19.2,513.94452,23.52504,556.66956,0,280844,302.8,212598.908,111.61128,213013.3193,-1500,2,-195,-5,0,-200,50,-20,-49,-1,0,-50,0,1,-2,-28,0,-30,25,-50,-1,-9,0,-10,0,1,2,8,0,10,10,30,1,1,0,2,-75,2,-40,0,0,-40,200,-50,0,0,-50,25,1,30,10,-50,-10,200,5,30,20,5,-50,-25
ad7b8939-7353-46e7-8ec5-2ce8566a70ae,Residential,R548_1_1,2,400,200,200,400,0,19.2,513.94452,23.52504,556.66956,0,280844,302.8,212598.908,111.61128,213013.3193,-1500,2,-195,-5,0,-200,50,-20,-49,-1,0,-50,0,1,-2,-28,0,-30,25,-50,-1,-9,0,-10,0,1,2,8,0,10,10,30,1,1,0,2,-75,2,-40,0,0,-40,200,-50,0,0,-50,25,1,30,10,-50,-10,200,5,30,20,5,-50,-25
58ebbe67-757b-4a7a-9d1c-f984b8c300bf,Residential,R151_1_1,2,400,200,200,400,0,19.2,513.94452,23.52504,556.66956,0,280844,302.8,212598.908,111.61128,213013.3193,-1500,2,-195,-5,0,-200,50,-20,-49,-1,0,-50,0,1,-2,-28,0,-30,25,-50,-1,-9,0,-10,0,1,2,8,0,10,10,30,1,1,0,2,-75,2,-40,0,0,-40,200,-50,0,0,-50,25,1,30,10,-50,-10,200,5,30,20,5,-50,-25
ab4326c9-eb02-4789-9747-6c5b80aaa034,Residential,R1271_1_1,2,400,200,200,400,0,19.2,513.94452,23.52504,556.66956,0,280844,302.8,212598.908,111.61128,213013.3193,-1500,2,-195,-5,0,-200,50,-20,-49,-1,0,-50,0,1,-2,-28,0,-30,25,-50,-1,-9,0,-10,0,1,2,8,0,10,10,30,1,1,0,2,-75,2,-40,0,0,-40,200,-50,0,0,-50,25,1,30,10,-50,-10,200,5,30,20,5,-50,-25
8e98b406-8211-4c85-8107-ca623eb190ff,Residential,R1495_1_1,2,400,200,200,400,0,19.2,513.94452,23.52504,556.66956,0,280844,302.8,212598.908,111.61128,213013.3193,-1500,2,-195,-5,0,-200,50,-20,-49,-1,0,-50,0,1,-2,-28,0,-30,25,-50,-1,-9,0,-10,0,1,2,8,0,10,10,30,1,1,0,2,-75,2,-40,0,0,-40,200,-50,0,0,-50,25,1,30,10,-50,-10,200,5,30,20,5,-50,-25
b6e85d53-c8a3-4c5a-85a1-e6b4803bca84,Residential,R1652_1_1,2,400,200,200,400,0,19.2,513.94452,23.52504,556.66956,0,280844,302.8,212598.908,111.61128,213013.3193,-1500,2,-195,-5,0,-200,50,-20,-49,-1,0,-50,0,1,-2,-28,0,-30,25,-50,-1,-9,0,-10,0,1,2,8,0,10,10,30,1,1,0,2,-75,2,-40,0,0,-40,200,-50,0,0,-50,25,1,30,10,-50,-10,200,5,30,20,5,-50,-25
c380711e-6823-42fc-b873-611fc6c3f20d,Residential,R1359_1_1,2,400,200,200,400,0,19.2,513.94452,23.52504,556.66956,0,280844,302.8,212598.908,111.61128,213013.3193,-1500,2,-195,-5,0,-200,50,-20,-49,-1,0,-50,0,1,-2,-28,0,-30,25,-50,-1,-9,0,-10,0,1,2,8,0,10,10,30,1,1,0,2,-75,2,-40,0,0,-40,200,-50,0,0,-50,25,1,30,10,-50,-10,200,5,30,20,5,-50,-25
90e71c41-0f63-4205-9a22-8fc2d8e6fc98,Residential,R2121_1_1,2,400,200,200,400,0,19.2,513.94452,23.52504,556.66956,0,280844,302.8,212598.908,111.61128,213013.3193,-1500,2,-195,-5,0,-200,50,-20,-49,-1,0,-50,0,1,-2,-28,0,-30,25,-50,-1,-9,0,-10,0,1,2,8,0,10,10,30,1,1,0,2,-75,2,-40,0,0,-40,200,-50,0,0,-50,25,1,30,10,-50,-10,200,5,30,20,5,-50,-25
40dfe5ba-613a-49c1-a6c5-a66390a3b9a3,Residential,R2075_1_1,2,400,200,200,400,0,19.2,513.94452,23.52504,556.66956,0,280844,302.8,212598.908,111.61128,213013.3193,-1500,2,-195,-5,0,-200,50,-20,-49,-1,0,-50,0,1,-2,-28,0,-30,25,-50,-1,-9,0,-10,0,1,2,8,0,10,10,30,1,1,0,2,-75,2,-40,0,0,-40,200,-50,0,0,-50,25,1,30,10,-50,-10,200,5,30,20,5,-50,-25
238392a9-e05d-44ec-8049-8a8312b52e17,Residential,R878_1_1,2,400,200,200,400,0,19.2,513.94452,23.52504,556.66956,0,280844,302.8,212598.908,111.61128,213013.3193,-1500,2,-195,-5,0,-200,50,-20,-49,-1,0,-50,0,1,-2,-28,0,-30,25,-50,-1,-9,0,-10,0,1,2,8,0,10,10,30,1,1,0,2,-75,2,-40,0,0,-40,200,-50,0,0,-50,25,1,30,10,-50,-10,200,5,30,20,5,-50,-25
36fa16b1-687b-4050-a799-3582db866c67,Residential,R1714_1_1,2,400,200,200,400,0,19.2,513.94452,23.52504,556.66956,0,280844,302.8,212598.908,111.61128,213013.3193,-1500,2,-195,-5,0,-200,50,-20,-49,-1,0,-50,0,1,-2,-28,0,-30,25,-50,-1,-9,0,-10,0,1,2,8,0,10,10,30,1,1,0,2,-75,2,-40,0,0,-40,200,-50,0,0,-50,25,1,30,10,-50,-10,200,5,30,20,5,-50,-25
04cfb9f8-9aaf-4bb3-b3ed-38a08fc6c17c,Residential,R1024_1_1,2,400,200,200,400,0,19.2,513.94452,23.52504,556.66956,0,280844,302.8,212598.908,111.61128,213013.3193,-1500,2,-195,-5,0,-200,50,-20,-49,-1,0,-50,0,1,-2,-28,0,-30,25,-50,-1,-9,0,-10,0,1,2,8,0,10,10,30,1,1,0,2,-75,2,-40,0,0,-40,200,-50,0,0,-50,25,1,30,10,-50,-10,200,5,30,20,5,-50,-25
dca4f7ef-58bf-4705-a9d7-cfa35e0d9798,Residential,R772_1_1,2,400,200,200,400,0,19.2,513.94452,23.52504,556.66956,0,280844,302.8,212598.908,111.61128,213013.3193,-1500,2,-195,-5,0,-200,50,-20,-49,-1,0,-50,0,1,-2,-28,0,-30,25,-50,-1,-9,0,-10,0,1,2,8,0,10,10,30,1,1,0,2,-75,2,-40,0,0,-40,200,-50,0,0,-50,25,1,30,10,-50,-10,200,5,30,20,5,-50,-25
cad32c75-13d9-4bf3-ad8a-42d46aa3ca61,Residential,R1935_1_1,2,400,200,200,400,0,19.2,513.94452,23.52504,556.66956,0,280844,302.8,212598.908,111.61128,213013.3193,-1500,2,-195,-5,0,-200,50,-20,-49,-1,0,-50,0,1,-2,-28,0,-30,25,-50,-1,-9,0,-10,0,1,2,8,0,10,10,30,1,1,0,2,-75,2,-40,0,0,-40,200,-50,0,0,-50,25,1,30,10,-50,-10,200,5,30,20,5,-50,-25
474ab544-da3b-45bd-ba78-d5edd179adda,Residential,R1782_1_1,2,400,200,200,400,0,19.2,513.94452,23.52504,556.66956,0,280844,302.8,212598.908,111.61128,213013.3193,-1500,2,-195,-5,0,-200,50,-20,-49,-1,0,-50,0,1,-2,-28,0,-30,25,-50,-1,-9,0,-10,0,1,2,8,0,10,10,30,1,1,0,2,-75,2,-40,0,0,-40,200,-50,0,0,-50,25,1,30,10,-50,-10,200,5,30,20,5,-50,-25
546f46d1-cef7-482c-b188-5b7971adfec6,Residential,R292_1_1,2,400,200,200,400,0,19.2,513.94452,23.52504,556.66956,0,280844,302.8,212598.908,111.61128,213013.3193,-1500,2,-195,-5,0,-200,50,-20,-49,-1,0,-50,0,1,-2,-28,0,-30,25,-50,-1,-9,0,-10,0,1,2,8,0,10,10,30,1,1,0,2,-75,2,-40,0,0,-40,200,-50,0,0,-50,25,1,30,10,-50,-10,200,5,30,20,5,-50,-25
15440a11-c226-43df-9bca-fb760686a8d4,Residential,R902_1_1,2,400,200,200,400,0,19.2,513.94452,23.52504,556.66956,0,280844,302.8,212598.908,111.61128,213013.3193,-1500,2,-195,-5,0,-200,50,-20,-49,-1,0,-50,0,1,-2,-28,0,-30,25,-50,-1,-9,0,-10,0,1,2,8,0,10,10,30,1,1,0,2,-75,2,-40,0,0,-40,200,-50,0,0,-50,25,1,30,10,-50,-10,200,5,30,20,5,-50,-25
901a095a-e3dd-495d-a248-e9eea746a868,Residential,R1061_1_1,2,400,200,200,400,0,19.2,513.94452,23.52504,556.66956,0,280844,302.8,212598.908,111.61128,213013.3193,-1500,2,-195,-5,0,-200,50,-20,-49,-1,0,-50,0,1,-2,-28,0,-30,25,-50,-1,-9,0,-10,0,1,2,8,0,10,10,30,1,1,0,2,-75,2,-40,0,0,-40,200,-50,0,0,-50,25,1,30,10,-50,-10,200,5,30,20,5,-50,-25
e635811f-14fe-47f9-94cc-091d9ddf1389,Residential,R1994_1_1,2,400,200,200,400,0,19.2,513.94452,23.52504,556.66956,0,280844,302.8,212598.908,111.61128,213013.3193,-1500,2,-195,-5,0,-200,50,-20,-49,-1,0,-50,0,1,-2,-28,0,-30,25,-50,-1,-9,0,-10,0,1,2,8,0,10,10,30,1,1,0,2,-75,2,-40,0,0,-40,200,-50,0,0,-50,25,1,30,10,-50,-10,200,5,30,20,5,-50,-25
e0dcb20d-5ba6-417b-89f2-d750a6444176,Residential,R886_1_1,2,400,200,200,400,0,19.2,513.94452,23.52504,556.66956,0,280844,302.8,212598.908,111.61128,213013.3193,-1500,2,-195,-5,0,-200,50,-20,-49,-1,0,-50,0,1,-2,-28,0,-30,25,-50,-1,-9,0,-10,0,1,2,8,0,10,10,30,1,1,0,2,-75,2,-40,0,0,-40,200,-50,0,0,-50,25,1,30,10,-50,-10,200,5,30,20,5,-50,-25
89aa6071-0ba9-45c4-ab5d-13dcf5e72437,Residential,R836_1_1,2,400,200,200,400,0,19.2,513.94452,23.52504,556.66956,0,280844,302.8,212598.908,111.61128,213013.3193,-1500,2,-195,-5,0,-200,50,-20,-49,-1,0,-50,0,1,-2,-28,0,-30,25,-50,-1,-9,0,-10,0,1,2,8,0,10,10,30,1,1,0,2,-75,2,-40,0,0,-40,200,-50,0,0,-50,25,1,30,10,-50,-10,200,5,30,20,5,-50,-25
1e455a93-3cab-4e08-b685-263ea46a1d3b,Residential,R2048_1_1,2,400,200,200,400,0,19.2,513.94452,23.52504,556.66956,0,280844,302.8,212598.908,111.61128,213013.3193,-1500,2,-195,-5,0,-200,50,-20,-49,-1,0,-50,0,1,-2,-28,0,-30,25,-50,-1,-9,0,-10,0,1,2,8,0,10,10,30,1,1,0,2,-75,2,-40,0,0,-40,200,-50,0,0,-50,25,1,30,10,-50,-10,200,5,30,20,5,-50,-25
01b90613-b9ef-4200-b7eb-f24a3459a63b,Residential,R1246_1_1,2,400,200,200,400,0,19.2,513.94452,23.52504,556.66956,0,280844,302.8,212598.908,111.61128,213013.3193,-1500,2,-195,-5,0,-200,50,-20,-49,-1,0,-50,0,1,-2,-28,0,-30,25,-50,-1,-9,0,-10,0,1,2,8,0,10,10,30,1,1,0,2,-75,2,-40,0,0,-40,200,-50,0,0,-50,25,1,30,10,-50,-10,200,5,30,20,5,-50,-25
3a557aec-c818-44a6-8fb4-cb54002d7f01,Residential,R1239_1_1,2,400,200,200,400,0,19.2,513.94452,23.52504,556.66956,0,280844,302.8,212598.908,111.61128,213013.3193,-1500,2,-195,-5,0,-200,50,-20,-49,-1,0,-50,0,1,-2,-28,0,-30,25,-50,-1,-9,0,-10,0,1,2,8,0,10,10,30,1,1,0,2,-75,2,-40,0,0,-40,200,-50,0,0,-50,25,1,30,10,-50,-10,200,5,30,20,5,-50,-25
c0964c56-aef5-47d8-a974-eaf234899fac,Residential,R104_1_1,2,400,200,200,400,0,19.2,513.94452,23.52504,556.66956,0,280844,302.8,212598.908,111.61128,213013.3193,-1500,2,-195,-5,0,-200,50,-20,-49,-1,0,-50,0,1,-2,-28,0,-30,25,-50,-1,-9,0,-10,0,1,2,8,0,10,10,30,1,1,0,2,-75,2,-40,0,0,-40,200,-50,0,0,-50,25,1,30,10,-50,-10,200,5,30,20,5,-50,-25
ada8e0fe-1946-49e5-94c2-e01ec9a8d981,Residential,R172_1_1,2,400,200,200,400,0,19.2,513.94452,23.52504,556.66956,0,280844,302.8,212598.908,111.61128,213013.3193,-1500,2,-195,-5,0,-200,50,-20,-49,-1,0,-50,0,1,-2,-28,0,-30,25,-50,-1,-9,0,-10,0,1,2,8,0,10,10,30,1,1,0,2,-75,2,-40,0,0,-40,200,-50,0,0,-50,25,1,30,10,-50,-10,200,5,30,20,5,-50,-25
49e57f89-e213-49b6-90c8-22bbb2e980d2,Residential,R966_1_1,2,400,200,200,400,0,19.2,513.94452,23.52504,556.66956,0,280844,302.8,212598.908,111.61128,213013.3193,-1500,2,-195,-5,0,-200,50,-20,-49,-1,0,-50,0,1,-2,-28,0,-30,25,-50,-1,-9,0,-10,0,1,2,8,0,10,10,30,1,1,0,2,-75,2,-40,0,0,-40,200,-50,0,0,-50,25,1,30,10,-50,-10,200,5,30,20,5,-50,-25
eadc42b8-227e-4463-a7be-e69f0da8f110,Residential,R1795_1_1,2,400,200,200,400,0,19.2,513.94452,23.52504,556.66956,0,280844,302.8,212598.908,111.61128,213013.3193,-1500,2,-195,-5,0,-200,50,-20,-49,-1,0,-50,0,1,-2,-28,0,-30,25,-50,-1,-9,0,-10,0,1,2,8,0,10,10,30,1,1,0,2,-75,2,-40,0,0,-40,200,-50,0,0,-50,25,1,30,10,-50,-10,200,5,30,20,5,-50,-25
d412a28d-0d30-48bf-8b16-9ba7251fa9ea,Residential,R698_1_1,2,400,200,200,400,0,19.2,513.94452,23.52504,556.66956,0,280844,302.8,212598.908,111.61128,213013.3193,-1500,2,-195,-5,0,-200,50,-20,-49,-1,0,-50,0,1,-2,-28,0,-30,25,-50,-1,-9,0,-10,0,1,2,8,0,10,10,30,1,1,0,2,-75,2,-40,0,0,-40,200,-50,0,0,-50,25,1,30,10,-50,-10,200,5,30,20,5,-50,-25
8a9e6bcd-57e4-42d8-96c8-eaac47f8715b,Residential,R1017_1_1,2,400,200,200,400,0,19.2,513.94452,23.52504,556.66956,0,280844,302.8,212598.908,111.61128,213013.3193,-1500,2,-195,-5,0,-200,50,-20,-49,-1,0,-50,0,1,-2,-28,0,-30,25,-50,-1,-9,0,-10,0,1,2,8,0,10,10,30,1,1,0,2,-75,2,-40,0,0,-40,200,-50,0,0,-50,25,1,30,10,-50,-10,200,5,30,20,5,-50,-25
b8b1add1-fc3a-4505-83aa-dd52a1caf26d,Residential,R1669_1_1,2,400,200,200,400,0,19.2,513.94452,23.52504,556.66956,0,280844,302.8,212598.908,111.61128,213013.3193,-1500,2,-195,-5,0,-200,50,-20,-49,-1,0,-50,0,1,-2,-28,0,-30,25,-50,-1,-9,0,-10,0,1,2,8,0,10,10,30,1,1,0,2,-75,2,-40,0,0,-40,200,-50,0,0,-50,25,1,30,10,-50,-10,200,5,30,20,5,-50,-25
015e00f1-efe5-4c0d-aa78-6cb81032fdd7,Residential,R1338_1_1,2,400,200,200,400,0,19.2,513.94452,23.52504,556.66956,0,280844,302.8,212598.908,111.61128,213013.3193,-1500,2,-195,-5,0,-200,50,-20,-49,-1,0,-50,0,1,-2,-28,0,-30,25,-50,-1,-9,0,-10,0,1,2,8,0,10,10,30,1,1,0,2,-75,2,-40,0,0,-40,200,-50,0,0,-50,25,1,30,10,-50,-10,200,5,30,20,5,-50,-25
bb5030ff-5a48-4638-adc1-2eac2fd885d2,Residential,R1404_1_1,2,400,200,200,400,0,19.2,513.94452,23.52504,556.66956,0,280844,302.8,212598.908,111.61128,213013.3193,-1500,2,-195,-5,0,-200,50,-20,-49,-1,0,-50,0,1,-2,-28,0,-30,25,-50,-1,-9,0,-10,0,1,2,8,0,10,10,30,1,1,0,2,-75,2,-40,0,0,-40,200,-50,0,0,-50,25,1,30,10,-50,-10,200,5,30,20,5,-50,-25
4227e887-db03-4364-88c5-8d5a0e609235,Residential,R1512_1_1,2,400,200,200,400,0,19.2,513.94452,23.52504,556.66956,0,280844,302.8,212598.908,111.61128,213013.3193,-1500,2,-195,-5,0,-200,50,-20,-49,-1,0,-50,0,1,-2,-28,0,-30,25,-50,-1,-9,0,-10,0,1,2,8,0,10,10,30,1,1,0,2,-75,2,-40,0,0,-40,200,-50,0,0,-50,25,1,30,10,-50,-10,200,5,30,20,5,-50,-25
4f8df069-7cb7-4c9c-b524-2968fd237191,Residential,R1571_1_1,2,400,200,200,400,0,19.2,513.94452,23.52504,556.66956,0,280844,302.8,212598.908,111.61128,213013.3193,-1500,2,-195,-5,0,-200,50,-20,-49,-1,0,-50,0,1,-2,-28,0,-30,25,-50,-1,-9,0,-10,0,1,2,8,0,10,10,30,1,1,0,2,-75,2,-40,0,0,-40,200,-50,0,0,-50,25,1,30,10,-50,-10,200,5,30,20,5,-50,-25
31343584-8116-4067-abf6-51f22f7b5fff,Residential,R343_1_1,2,400,200,200,400,0,19.2,513.94452,23.52504,556.66956,0,280844,302.8,212598.908,111.61128,213013.3193,-1500,2,-195,-5,0,-200,50,-20,-49,-1,0,-50,0,1,-2,-28,0,-30,25,-50,-1,-9,0,-10,0,1,2,8,0,10,10,30,1,1,0,2,-75,2,-40,0,0,-40,200,-50,0,0,-50,25,1,30,10,-50,-10,200,5,30,20,5,-50,-25
6e4fb63f-f064-4ae4-8189-b70782d06b26,Residential,R1047_1_1,2,400,200,200,400,0,19.2,513.94452,23.52504,556.66956,0,280844,302.8,212598.908,111.61128,213013.3193,-1500,2,-195,-5,0,-200,50,-20,-49,-1,0,-50,0,1,-2,-28,0,-30,25,-50,-1,-9,0,-10,0,1,2,8,0,10,10,30,1,1,0,2,-75,2,-40,0,0,-40,200,-50,0,0,-50,25,1,30,10,-50,-10,200,5,30,20,5,-50,-25
e06a3eba-0882-4d0a-84b1-91cbeec00d75,Residential,R1813_1_1,2,400,200,200,400,0,19.2,513.94452,23.52504,556.66956,0,280844,302.8,212598.908,111.61128,213013.3193,-1500,2,-195,-5,0,-200,50,-20,-49,-1,0,-50,0,1,-2,-28,0,-30,25,-50,-1,-9,0,-10,0,1,2,8,0,10,10,30,1,1,0,2,-75,2,-40,0,0,-40,200,-50,0,0,-50,25,1,30,10,-50,-10,200,5,30,20,5,-50,-25
52166c6f-fbe5-4ccc-bc06-d365cbb9427d,Residential,R644_1_1,2,400,200,200,400,0,19.2,513.94452,23.52504,556.66956,0,280844,302.8,212598.908,111.61128,213013.3193,-1500,2,-195,-5,0,-200,50,-20,-49,-1,0,-50,0,1,-2,-28,0,-30,25,-50,-1,-9,0,-10,0,1,2,8,0,10,10,30,1,1,0,2,-75,2,-40,0,0,-40,200,-50,0,0,-50,25,1,30,10,-50,-10,200,5,30,20,5,-50,-25
8cffdda1-2474-4df8-8bce-59888440eab7,Residential,R954_1_1,2,400,200,200,400,0,19.2,513.94452,23.52504,556.66956,0,280844,302.8,212598.908,111.61128,213013.3193,-1500,2,-195,-5,0,-200,50,-20,-49,-1,0,-50,0,1,-2,-28,0,-30,25,-50,-1,-9,0,-10,0,1,2,8,0,10,10,30,1,1,0,2,-75,2,-40,0,0,-40,200,-50,0,0,-50,25,1,30,10,-50,-10,200,5,30,20,5,-50,-25
2e9df542-935b-47f9-994c-273db403fe7d,Residential,R905_1_1,2,400,200,200,400,0,19.2,513.94452,23.52504,556.66956,0,280844,302.8,212598.908,111.61128,213013.3193,-1500,2,-195,-5,0,-200,50,-20,-49,-1,0,-50,0,1,-2,-28,0,-30,25,-50,-1,-9,0,-10,0,1,2,8,0,10,10,30,1,1,0,2,-75,2,-40,0,0,-40,200,-50,0,0,-50,25,1,30,10,-50,-10,200,5,30,20,5,-50,-25
8f5214b8-873a-4701-98a6-159d479a8d4b,Residential,R74_1_1,2,400,200,200,400,0,19.2,513.94452,23.52504,556.66956,0,280844,302.8,212598.908,111.61128,213013.3193,-1500,2,-195,-5,0,-200,50,-20,-49,-1,0,-50,0,1,-2,-28,0,-30,25,-50,-1,-9,0,-10,0,1,2,8,0,10,10,30,1,1,0,2,-75,2,-40,0,0,-40,200,-50,0,0,-50,25,1,30,10,-50,-10,200,5,30,20,5,-50,-25
7fef7b2c-0dce-4ce7-bb84-8778e804bf9a,Residential,R29_1_1,2,400,200,200,400,0,19.2,513.94452,23.52504,556.66956,0,280844,302.8,212598.908,111.61128,213013.3193,-1500,2,-195,-5,0,-200,50,-20,-49,-1,0,-50,0,1,-2,-28,0,-30,25,-50,-1,-9,0,-10,0,1,2,8,0,10,10,30,1,1,0,2,-75,2,-40,0,0,-40,200,-50,0,0,-50,25,1,30,10,-50,-10,200,5,30,20,5,-50,-25
29c40b4d-0c47-42a7-bd7a-cea31a471708,Residential,R1306_1_1,2,400,200,200,400,0,19.2,513.94452,23.52504,556.66956,0,280844,302.8,212598.908,111.61128,213013.3193,-1500,2,-195,-5,0,-200,50,-20,-49,-1,0,-50,0,1,-2,-28,0,-30,25,-50,-1,-9,0,-10,0,1,2,8,0,10,10,30,1,1,0,2,-75,2,-40,0,0,-40,200,-50,0,0,-50,25,1,30,10,-50,-10,200,5,30,20,5,-50,-25
342d417b-97a5-4900-bdb3-6fc94a401401,Residential,R1128_1_1,2,400,200,200,400,0,19.2,513.94452,23.52504,556.66956,0,280844,302.8,212598.908,111.61128,213013.3193,-1500,2,-195,-5,0,-200,50,-20,-49,-1,0,-50,0,1,-2,-28,0,-30,25,-50,-1,-9,0,-10,0,1,2,8,0,10,10,30,1,1,0,2,-75,2,-40,0,0,-40,200,-50,0,0,-50,25,1,30,10,-50,-10,200,5,30,20,5,-50,-25
cebd0fc8-4f7e-4703-b6a9-db68bef06b0f,Residential,R638_1_1,2,400,200,200,400,0,19.2,513.94452,23.52504,556.66956,0,280844,302.8,212598.908,111.61128,213013.3193,-1500,2,-195,-5,0,-200,50,-20,-49,-1,0,-50,0,1,-2,-28,0,-30,25,-50,-1,-9,0,-10,0,1,2,8,0,10,10,30,1,1,0,2,-75,2,-40,0,0,-40,200,-50,0,0,-50,25,1,30,10,-50,-10,200,5,30,20,5,-50,-25
ca397420-a296-4410-96cd-bb6c89277908,Residential,R1216_1_1,2,400,200,200,400,0,19.2,513.94452,23.52504,556.66956,0,280844,302.8,212598.908,111.61128,213013.3193,-1500,2,-195,-5,0,-200,50,-20,-49,-1,0,-50,0,1,-2,-28,0,-30,25,-50,-1,-9,0,-10,0,1,2,8,0,10,10,30,1,1,0,2,-75,2,-40,0,0,-40,200,-50,0,0,-50,25,1,30,10,-50,-10,200,5,30,20,5,-50,-25
50eabf60-1265-4e68-bba7-b730399105d6,Residential,R1872_1_1,2,400,200,200,400,0,19.2,513.94452,23.52504,556.66956,0,280844,302.8,212598.908,111.61128,213013.3193,-1500,2,-195,-5,0,-200,50,-20,-49,-1,0,-50,0,1,-2,-28,0,-30,25,-50,-1,-9,0,-10,0,1,2,8,0,10,10,30,1,1,0,2,-75,2,-40,0,0,-40,200,-50,0,0,-50,25,1,30,10,-50,-10,200,5,30,20,5,-50,-25
4db11e95-f24d-4fc1-81cf-0a9f949ca7c9,Residential,R1268_1_1,2,400,200,200,400,0,19.2,513.94452,23.52504,556.66956,0,280844,302.8,212598.908,111.61128,213013.3193,-1500,2,-195,-5,0,-200,50,-20,-49,-1,0,-50,0,1,-2,-28,0,-30,25,-50,-1,-9,0,-10,0,1,2,8,0,10,10,30,1,1,0,2,-75,2,-40,0,0,-40,200,-50,0,0,-50,25,1,30,10,-50,-10,200,5,30,20,5,-50,-25
8c6ee4b5-03a0-4440-a62a-98fd872b0427,Residential,R1829_1_1,2,400,200,200,400,0,19.2,513.94452,23.52504,556.66956,0,280844,302.8,212598.908,111.61128,213013.3193,-1500,2,-195,-5,0,-200,50,-20,-49,-1,0,-50,0,1,-2,-28,0,-30,25,-50,-1,-9,0,-10,0,1,2,8,0,10,10,30,1,1,0,2,-75,2,-40,0,0,-40,200,-50,0,0,-50,25,1,30,10,-50,-10,200,5,30,20,5,-50,-25
933f09bb-2b59-4759-95f6-14d4ad8f5233,Residential,R308_1_1,2,400,200,200,400,0,19.2,513.94452,23.52504,556.66956,0,280844,302.8,212598.908,111.61128,213013.3193,-1500,2,-195,-5,0,-200,50,-20,-49,-1,0,-50,0,1,-2,-28,0,-30,25,-50,-1,-9,0,-10,0,1,2,8,0,10,10,30,1,1,0,2,-75,2,-40,0,0,-40,200,-50,0,0,-50,25,1,30,10,-50,-10,200,5,30,20,5,-50,-25
f07d8b9b-c15e-4f5b-93ea-f647e8e84b60,Residential,R1232_1_1,2,400,200,200,400,0,19.2,513.94452,23.52504,556.66956,0,280844,302.8,212598.908,111.61128,213013.3193,-1500,2,-195,-5,0,-200,50,-20,-49,-1,0,-50,0,1,-2,-28,0,-30,25,-50,-1,-9,0,-10,0,1,2,8,0,10,10,30,1,1,0,2,-75,2,-40,0,0,-40,200,-50,0,0,-50,25,1,30,10,-50,-10,200,5,30,20,5,-50,-25
4a32e23c-0432-44f5-9aae-961d55e16e51,Residential,R1776_1_1,2,400,200,200,400,0,19.2,513.94452,23.52504,556.66956,0,280844,302.8,212598.908,111.61128,213013.3193,-1500,2,-195,-5,0,-200,50,-20,-49,-1,0,-50,0,1,-2,-28,0,-30,25,-50,-1,-9,0,-10,0,1,2,8,0,10,10,30,1,1,0,2,-75,2,-40,0,0,-40,200,-50,0,0,-50,25,1,30,10,-50,-10,200,5,30,20,5,-50,-25
7d9cc3ff-03bc-4c05-85b9-59ecdaef7ba7,Residential,R224_1_1,2,400,200,200,400,0,19.2,513.94452,23.52504,556.66956,0,280844,302.8,212598.908,111.61128,213013.3193,-1500,2,-195,-5,0,-200,50,-20,-49,-1,0,-50,0,1,-2,-28,0,-30,25,-50,-1,-9,0,-10,0,1,2,8,0,10,10,30,1,1,0,2,-75,2,-40,0,0,-40,200,-50,0,0,-50,25,1,30,10,-50,-10,200,5,30,20,5,-50,-25
4eaa1ec0-279c-4bae-96f4-18a470637321,Residential,R1489_1_1,2,400,200,200,400,0,19.2,513.94452,23.52504,556.66956,0,280844,302.8,212598.908,111.61128,213013.3193,-1500,2,-195,-5,0,-200,50,-20,-49,-1,0,-50,0,1,-2,-28,0,-30,25,-50,-1,-9,0,-10,0,1,2,8,0,10,10,30,1,1,0,2,-75,2,-40,0,0,-40,200,-50,0,0,-50,25,1,30,10,-50,-10,200,5,30,20,5,-50,-25
e61ec436-925b-460f-b167-c03e4950de09,Residential,R1448_1_1,2,400,200,200,400,0,19.2,513.94452,23.52504,556.66956,0,280844,302.8,212598.908,111.61128,213013.3193,-1500,2,-195,-5,0,-200,50,-20,-49,-1,0,-50,0,1,-2,-28,0,-30,25,-50,-1,-9,0,-10,0,1,2,8,0,10,10,30,1,1,0,2,-75,2,-40,0,0,-40,200,-50,0,0,-50,25,1,30,10,-50,-10,200,5,30,20,5,-50,-25
d702e654-e08b-4c8b-ae8f-98edcfb25914,Residential,R2200_1_1,2,400,200,200,400,0,19.2,513.94452,23.52504,556.66956,0,280844,302.8,212598.908,111.61128,213013.3193,-1500,2,-195,-5,0,-200,50,-20,-49,-1,0,-50,0,1,-2,-28,0,-30,25,-50,-1,-9,0,-10,0,1,2,8,0,10,10,30,1,1,0,2,-75,2,-40,0,0,-40,200,-50,0,0,-50,25,1,30,10,-50,-10,200,5,30,20,5,-50,-25
f89dce77-2249-4ad1-a67d-e96bb1e2c064,Residential,R393_1_1,2,400,200,200,400,0,19.2,513.94452,23.52504,556.66956,0,280844,302.8,212598.908,111.61128,213013.3193,-1500,2,-195,-5,0,-200,50,-20,-49,-1,0,-50,0,1,-2,-28,0,-30,25,-50,-1,-9,0,-10,0,1,2,8,0,10,10,30,1,1,0,2,-75,2,-40,0,0,-40,200,-50,0,0,-50,25,1,30,10,-50,-10,200,5,30,20,5,-50,-25
bf7d8118-0506-4886-a016-6fc26b0f451b,Residential,R1529_1_1,2,400,200,200,400,0,19.2,513.94452,23.52504,556.66956,0,280844,302.8,212598.908,111.61128,213013.3193,-1500,2,-195,-5,0,-200,50,-20,-49,-1,0,-50,0,1,-2,-28,0,-30,25,-50,-1,-9,0,-10,0,1,2,8,0,10,10,30,1,1,0,2,-75,2,-40,0,0,-40,200,-50,0,0,-50,25,1,30,10,-50,-10,200,5,30,20,5,-50,-25
73c03447-639d-4ea7-9326-c57004472ba3,Residential,R248_1_1,2,400,200,200,400,0,19.2,513.94452,23.52504,556.66956,0,280844,302.8,212598.908,111.61128,213013.3193,-1500,2,-195,-5,0,-200,50,-20,-49,-1,0,-50,0,1,-2,-28,0,-30,25,-50,-1,-9,0,-10,0,1,2,8,0,10,10,30,1,1,0,2,-75,2,-40,0,0,-40,200,-50,0,0,-50,25,1,30,10,-50,-10,200,5,30,20,5,-50,-25
3e7f116e-8a34-4996-8160-9d22662876ca,Residential,R598_1_1,2,400,200,200,400,0,19.2,513.94452,23.52504,556.66956,0,280844,302.8,212598.908,111.61128,213013.3193,-1500,2,-195,-5,0,-200,50,-20,-49,-1,0,-50,0,1,-2,-28,0,-30,25,-50,-1,-9,0,-10,0,1,2,8,0,10,10,30,1,1,0,2,-75,2,-40,0,0,-40,200,-50,0,0,-50,25,1,30,10,-50,-10,200,5,30,20,5,-50,-25
0700ed71-6987-42ee-873c-8290d8a9e1b4,Residential,R2136_1_1,2,400,200,200,400,0,19.2,513.94452,23.52504,556.66956,0,280844,302.8,212598.908,111.61128,213013.3193,-1500,2,-195,-5,0,-200,50,-20,-49,-1,0,-50,0,1,-2,-28,0,-30,25,-50,-1,-9,0,-10,0,1,2,8,0,10,10,30,1,1,0,2,-75,2,-40,0,0,-40,200,-50,0,0,-50,25,1,30,10,-50,-10,200,5,30,20,5,-50,-25
d5766947-3e19-4c31-8737-e6cef9639571,Residential,R1635_1_1,2,400,200,200,400,0,19.2,513.94452,23.52504,556.66956,0,280844,302.8,212598.908,111.61128,213013.3193,-1500,2,-195,-5,0,-200,50,-20,-49,-1,0,-50,0,1,-2,-28,0,-30,25,-50,-1,-9,0,-10,0,1,2,8,0,10,10,30,1,1,0,2,-75,2,-40,0,0,-40,200,-50,0,0,-50,25,1,30,10,-50,-10,200,5,30,20,5,-50,-25
fb5cea49-5f5a-47d5-9d5a-83d330c8b9c5,Residential,R814_1_1,2,400,200,200,400,0,19.2,513.94452,23.52504,556.66956,0,280844,302.8,212598.908,111.61128,213013.3193,-1500,2,-195,-5,0,-200,50,-20,-49,-1,0,-50,0,1,-2,-28,0,-30,25,-50,-1,-9,0,-10,0,1,2,8,0,10,10,30,1,1,0,2,-75,2,-40,0,0,-40,200,-50,0,0,-50,25,1,30,10,-50,-10,200,5,30,20,5,-50,-25
747f5920-8d10-48ef-bcb6-daf970ff190e,Residential,R1148_1_1,2,400,200,200,400,0,19.2,513.94452,23.52504,556.66956,0,280844,302.8,212598.908,111.61128,213013.3193,-1500,2,-195,-5,0,-200,50,-20,-49,-1,0,-50,0,1,-2,-28,0,-30,25,-50,-1,-9,0,-10,0,1,2,8,0,10,10,30,1,1,0,2,-75,2,-40,0,0,-40,200,-50,0,0,-50,25,1,30,10,-50,-10,200,5,30,20,5,-50,-25
f1179b92-2b9d-41bf-8ca1-c3e868124150,Residential,R1501_1_1,2,400,200,200,400,0,19.2,513.94452,23.52504,556.66956,0,280844,302.8,212598.908,111.61128,213013.3193,-1500,2,-195,-5,0,-200,50,-20,-49,-1,0,-50,0,1,-2,-28,0,-30,25,-50,-1,-9,0,-10,0,1,2,8,0,10,10,30,1,1,0,2,-75,2,-40,0,0,-40,200,-50,0,0,-50,25,1,30,10,-50,-10,200,5,30,20,5,-50,-25
5c9409c1-b12f-4fbb-8e6a-885bf3df01e8,Residential,R1044_1_1,2,400,200,200,400,0,19.2,513.94452,23.52504,556.66956,0,280844,302.8,212598.908,111.61128,213013.3193,-1500,2,-195,-5,0,-200,50,-20,-49,-1,0,-50,0,1,-2,-28,0,-30,25,-50,-1,-9,0,-10,0,1,2,8,0,10,10,30,1,1,0,2,-75,2,-40,0,0,-40,200,-50,0,0,-50,25,1,30,10,-50,-10,200,5,30,20,5,-50,-25
4c7fa82d-280a-4bdc-96f3-52d590b2f399,Residential,R320_1_1,2,400,200,200,400,0,19.2,513.94452,23.52504,556.66956,0,280844,302.8,212598.908,111.61128,213013.3193,-1500,2,-195,-5,0,-200,50,-20,-49,-1,0,-50,0,1,-2,-28,0,-30,25,-50,-1,-9,0,-10,0,1,2,8,0,10,10,30,1,1,0,2,-75,2,-40,0,0,-40,200,-50,0,0,-50,25,1,30,10,-50,-10,200,5,30,20,5,-50,-25
185b7ccf-a3e2-4256-92b1-27dfedf5372a,Residential,R2120_1_1,2,400,200,200,400,0,19.2,513.94452,23.52504,556.66956,0,280844,302.8,212598.908,111.61128,213013.3193,-1500,2,-195,-5,0,-200,50,-20,-49,-1,0,-50,0,1,-2,-28,0,-30,25,-50,-1,-9,0,-10,0,1,2,8,0,10,10,30,1,1,0,2,-75,2,-40,0,0,-40,200,-50,0,0,-50,25,1,30,10,-50,-10,200,5,30,20,5,-50,-25
70d5934d-b201-454f-ad7b-a2acd60b5327,Residential,R2087_1_1,2,400,200,200,400,0,19.2,513.94452,23.52504,556.66956,0,280844,302.8,212598.908,111.61128,213013.3193,-1500,2,-195,-5,0,-200,50,-20,-49,-1,0,-50,0,1,-2,-28,0,-30,25,-50,-1,-9,0,-10,0,1,2,8,0,10,10,30,1,1,0,2,-75,2,-40,0,0,-40,200,-50,0,0,-50,25,1,30,10,-50,-10,200,5,30,20,5,-50,-25
11f03db9-8482-4f54-80a8-e211e1c5d822,Residential,R1523_1_1,2,400,200,200,400,0,19.2,513.94452,23.52504,556.66956,0,280844,302.8,212598.908,111.61128,213013.3193,-1500,2,-195,-5,0,-200,50,-20,-49,-1,0,-50,0,1,-2,-28,0,-30,25,-50,-1,-9,0,-10,0,1,2,8,0,10,10,30,1,1,0,2,-75,2,-40,0,0,-40,200,-50,0,0,-50,25,1,30,10,-50,-10,200,5,30,20,5,-50,-25
b0f10885-743d-4674-bfe7-c372b6b23045,Residential,R871_1_1,2,400,200,200,400,0,19.2,513.94452,23.52504,556.66956,0,280844,302.8,212598.908,111.61128,213013.3193,-1500,2,-195,-5,0,-200,50,-20,-49,-1,0,-50,0,1,-2,-28,0,-30,25,-50,-1,-9,0,-10,0,1,2,8,0,10,10,30,1,1,0,2,-75,2,-40,0,0,-40,200,-50,0,0,-50,25,1,30,10,-50,-10,200,5,30,20,5,-50,-25
02f02acd-5d30-4848-bfbc-49be7eb84638,Residential,R117_1_1,2,400,200,200,400,0,19.2,513.94452,23.52504,556.66956,0,280844,302.8,212598.908,111.61128,213013.3193,-1500,2,-195,-5,0,-200,50,-20,-49,-1,0,-50,0,1,-2,-28,0,-30,25,-50,-1,-9,0,-10,0,1,2,8,0,10,10,30,1,1,0,2,-75,2,-40,0,0,-40,200,-50,0,0,-50,25,1,30,10,-50,-10,200,5,30,20,5,-50,-25
06080230-9243-4d3e-83f6-de98413e6d9c,Residential,R1434_1_1,2,400,200,200,400,0,19.2,513.94452,23.52504,556.66956,0,280844,302.8,212598.908,111.61128,213013.3193,-1500,2,-195,-5,0,-200,50,-20,-49,-1,0,-50,0,1,-2,-28,0,-30,25,-50,-1,-9,0,-10,0,1,2,8,0,10,10,30,1,1,0,2,-75,2,-40,0,0,-40,200,-50,0,0,-50,25,1,30,10,-50,-10,200,5,30,20,5,-50,-25
899f4bde-979b-41f7-9f2e-cb509e16b679,Residential,R401_1_1,2,400,200,200,400,0,19.2,513.94452,23.52504,556.66956,0,280844,302.8,212598.908,111.61128,213013.3193,-1500,2,-195,-5,0,-200,50,-20,-49,-1,0,-50,0,1,-2,-28,0,-30,25,-50,-1,-9,0,-10,0,1,2,8,0,10,10,30,1,1,0,2,-75,2,-40,0,0,-40,200,-50,0,0,-50,25,1,30,10,-50,-10,200,5,30,20,5,-50,-25
08edd587-da98-40b6-9c30-5044a69aed8f,Residential,R1638_1_1,2,400,200,200,400,0,19.2,513.94452,23.52504,556.66956,0,280844,302.8,212598.908,111.61128,213013.3193,-1500,2,-195,-5,0,-200,50,-20,-49,-1,0,-50,0,1,-2,-28,0,-30,25,-50,-1,-9,0,-10,0,1,2,8,0,10,10,30,1,1,0,2,-75,2,-40,0,0,-40,200,-50,0,0,-50,25,1,30,10,-50,-10,200,5,30,20,5,-50,-25
e14bed78-c883-4230-a681-170b3229a424,Residential,R937_1_1,2,400,200,200,400,0,19.2,513.94452,23.52504,556.66956,0,280844,302.8,212598.908,111.61128,213013.3193,-1500,2,-195,-5,0,-200,50,-20,-49,-1,0,-50,0,1,-2,-28,0,-30,25,-50,-1,-9,0,-10,0,1,2,8,0,10,10,30,1,1,0,2,-75,2,-40,0,0,-40,200,-50,0,0,-50,25,1,30,10,-50,-10,200,5,30,20,5,-50,-25
783cd6d6-4303-49aa-ac2f-d8ccb4d56a66,Residential,R2031_1_1,2,400,200,200,400,0,19.2,513.94452,23.52504,556.66956,0,280844,302.8,212598.908,111.61128,213013.3193,-1500,2,-195,-5,0,-200,50,-20,-49,-1,0,-50,0,1,-2,-28,0,-30,25,-50,-1,-9,0,-10,0,1,2,8,0,10,10,30,1,1,0,2,-75,2,-40,0,0,-40,200,-50,0,0,-50,25,1,30,10,-50,-10,200,5,30,20,5,-50,-25
ca1a229c-f868-4856-af90-64c34ddda3ce,Residential,R1796_1_1,2,400,200,200,400,0,19.2,513.94452,23.52504,556.66956,0,280844,302.8,212598.908,111.61128,213013.3193,-1500,2,-195,-5,0,-200,50,-20,-49,-1,0,-50,0,1,-2,-28,0,-30,25,-50,-1,-9,0,-10,0,1,2,8,0,10,10,30,1,1,0,2,-75,2,-40,0,0,-40,200,-50,0,0,-50,25,1,30,10,-50,-10,200,5,30,20,5,-50,-25
dadc34f5-7cbd-4d2c-af4b-afef79b0b48a,Residential,R9_1_1,2,400,200,200,400,0,19.2,513.94452,23.52504,556.66956,0,280844,302.8,212598.908,111.61128,213013.3193,-1500,2,-195,-5,0,-200,50,-20,-49,-1,0,-50,0,1,-2,-28,0,-30,25,-50,-1,-9,0,-10,0,1,2,8,0,10,10,30,1,1,0,2,-75,2,-40,0,0,-40,200,-50,0,0,-50,25,1,30,10,-50,-10,200,5,30,20,5,-50,-25
3154a2aa-b73b-4f58-aec2-e16e12974c9e,Residential,R324_1_1,2,400,200,200,400,0,19.2,513.94452,23.52504,556.66956,0,280844,302.8,212598.908,111.61128,213013.3193,-1500,2,-195,-5,0,-200,50,-20,-49,-1,0,-50,0,1,-2,-28,0,-30,25,-50,-1,-9,0,-10,0,1,2,8,0,10,10,30,1,1,0,2,-75,2,-40,0,0,-40,200,-50,0,0,-50,25,1,30,10,-50,-10,200,5,30,20,5,-50,-25
a236685d-1501-47f2-a36b-5718ff6ac57c,Residential,R2055_1_1,2,400,200,200,400,0,19.2,513.94452,23.52504,556.66956,0,280844,302.8,212598.908,111.61128,213013.3193,-1500,2,-195,-5,0,-200,50,-20,-49,-1,0,-50,0,1,-2,-28,0,-30,25,-50,-1,-9,0,-10,0,1,2,8,0,10,10,30,1,1,0,2,-75,2,-40,0,0,-40,200,-50,0,0,-50,25,1,30,10,-50,-10,200,5,30,20,5,-50,-25
44dbc67f-1ae7-41a1-8772-62ae4595ede2,Residential,R1779_1_1,2,400,200,200,400,0,19.2,513.94452,23.52504,556.66956,0,280844,302.8,212598.908,111.61128,213013.3193,-1500,2,-195,-5,0,-200,50,-20,-49,-1,0,-50,0,1,-2,-28,0,-30,25,-50,-1,-9,0,-10,0,1,2,8,0,10,10,30,1,1,0,2,-75,2,-40,0,0,-40,200,-50,0,0,-50,25,1,30,10,-50,-10,200,5,30,20,5,-50,-25
993d1e12-6263-41a3-bdeb-d82b8110507b,Residential,R2137_1_1,2,400,200,200,400,0,19.2,513.94452,23.52504,556.66956,0,280844,302.8,212598.908,111.61128,213013.3193,-1500,2,-195,-5,0,-200,50,-20,-49,-1,0,-50,0,1,-2,-28,0,-30,25,-50,-1,-9,0,-10,0,1,2,8,0,10,10,30,1,1,0,2,-75,2,-40,0,0,-40,200,-50,0,0,-50,25,1,30,10,-50,-10,200,5,30,20,5,-50,-25
07a70b4d-b1a7-4663-9000-cdfe98c0363e,Residential,R2181_1_1,2,400,200,200,400,0,19.2,513.94452,23.52504,556.66956,0,280844,302.8,212598.908,111.61128,213013.3193,-1500,2,-195,-5,0,-200,50,-20,-49,-1,0,-50,0,1,-2,-28,0,-30,25,-50,-1,-9,0,-10,0,1,2,8,0,10,10,30,1,1,0,2,-75,2,-40,0,0,-40,200,-50,0,0,-50,25,1,30,10,-50,-10,200,5,30,20,5,-50,-25
c32d514a-e99d-4fdc-bf50-9fa0f551a7fa,Residential,R856_1_1,2,400,200,200,400,0,19.2,513.94452,23.52504,556.66956,0,280844,302.8,212598.908,111.61128,213013.3193,-1500,2,-195,-5,0,-200,50,-20,-49,-1,0,-50,0,1,-2,-28,0,-30,25,-50,-1,-9,0,-10,0,1,2,8,0,10,10,30,1,1,0,2,-75,2,-40,0,0,-40,200,-50,0,0,-50,25,1,30,10,-50,-10,200,5,30,20,5,-50,-25
c2c2cd0f-c318-47f3-8aa2-b6b6608b21e8,Residential,R594_1_1,2,400,200,200,400,0,19.2,513.94452,23.52504,556.66956,0,280844,302.8,212598.908,111.61128,213013.3193,-1500,2,-195,-5,0,-200,50,-20,-49,-1,0,-50,0,1,-2,-28,0,-30,25,-50,-1,-9,0,-10,0,1,2,8,0,10,10,30,1,1,0,2,-75,2,-40,0,0,-40,200,-50,0,0,-50,25,1,30,10,-50,-10,200,5,30,20,5,-50,-25
d48b6d8f-bc22-4341-91da-c8428996a16c,Residential,R416_1_1,2,400,200,200,400,0,19.2,513.94452,23.52504,556.66956,0,280844,302.8,212598.908,111.61128,213013.3193,-1500,2,-195,-5,0,-200,50,-20,-49,-1,0,-50,0,1,-2,-28,0,-30,25,-50,-1,-9,0,-10,0,1,2,8,0,10,10,30,1,1,0,2,-75,2,-40,0,0,-40,200,-50,0,0,-50,25,1,30,10,-50,-10,200,5,30,20,5,-50,-25
7c8ab78b-184f-49e7-8ed6-b35a0be6f7f6,Residential,R475_1_1,2,400,200,200,400,0,19.2,513.94452,23.52504,556.66956,0,280844,302.8,212598.908,111.61128,213013.3193,-1500,2,-195,-5,0,-200,50,-20,-49,-1,0,-50,0,1,-2,-28,0,-30,25,-50,-1,-9,0,-10,0,1,2,8,0,10,10,30,1,1,0,2,-75,2,-40,0,0,-40,200,-50,0,0,-50,25,1,30,10,-50,-10,200,5,30,20,5,-50,-25
b4091e9f-12d7-47dc-809b-858db2899877,Residential,R206_1_1,2,400,200,200,400,0,19.2,513.94452,23.52504,556.66956,0,280844,302.8,212598.908,111.61128,213013.3193,-1500,2,-195,-5,0,-200,50,-20,-49,-1,0,-50,0,1,-2,-28,0,-30,25,-50,-1,-9,0,-10,0,1,2,8,0,10,10,30,1,1,0,2,-75,2,-40,0,0,-40,200,-50,0,0,-50,25,1,30,10,-50,-10,200,5,30,20,5,-50,-25
8bbf3128-7075-477a-a9aa-6718d9b988cf,Residential,R495_1_1,2,400,200,200,400,0,19.2,513.94452,23.52504,556.66956,0,280844,302.8,212598.908,111.61128,213013.3193,-1500,2,-195,-5,0,-200,50,-20,-49,-1,0,-50,0,1,-2,-28,0,-30,25,-50,-1,-9,0,-10,0,1,2,8,0,10,10,30,1,1,0,2,-75,2,-40,0,0,-40,200,-50,0,0,-50,25,1,30,10,-50,-10,200,5,30,20,5,-50,-25
6ece8688-296d-4b8f-aaaa-dbd56ef45aec,Residential,R1142_1_1,2,400,200,200,400,0,19.2,513.94452,23.52504,556.66956,0,280844,302.8,212598.908,111.61128,213013.3193,-1500,2,-195,-5,0,-200,50,-20,-49,-1,0,-50,0,1,-2,-28,0,-30,25,-50,-1,-9,0,-10,0,1,2,8,0,10,10,30,1,1,0,2,-75,2,-40,0,0,-40,200,-50,0,0,-50,25,1,30,10,-50,-10,200,5,30,20,5,-50,-25
c674581c-5d51-4857-83f0-f2016a7e761f,Residential,R2141_1_1,2,400,200,200,400,0,19.2,513.94452,23.52504,556.66956,0,280844,302.8,212598.908,111.61128,213013.3193,-1500,2,-195,-5,0,-200,50,-20,-49,-1,0,-50,0,1,-2,-28,0,-30,25,-50,-1,-9,0,-10,0,1,2,8,0,10,10,30,1,1,0,2,-75,2,-40,0,0,-40,200,-50,0,0,-50,25,1,30,10,-50,-10,200,5,30,20,5,-50,-25
73eb33e2-3555-4426-92c0-19c2076b9342,Residential,R1298_1_1,2,400,200,200,400,0,19.2,513.94452,23.52504,556.66956,0,280844,302.8,212598.908,111.61128,213013.3193,-1500,2,-195,-5,0,-200,50,-20,-49,-1,0,-50,0,1,-2,-28,0,-30,25,-50,-1,-9,0,-10,0,1,2,8,0,10,10,30,1,1,0,2,-75,2,-40,0,0,-40,200,-50,0,0,-50,25,1,30,10,-50,-10,200,5,30,20,5,-50,-25
37b04ba1-f4ed-4dee-90db-7b3cbf9f6a15,Residential,R375_1_1,2,400,200,200,400,0,19.2,513.94452,23.52504,556.66956,0,280844,302.8,212598.908,111.61128,213013.3193,-1500,2,-195,-5,0,-200,50,-20,-49,-1,0,-50,0,1,-2,-28,0,-30,25,-50,-1,-9,0,-10,0,1,2,8,0,10,10,30,1,1,0,2,-75,2,-40,0,0,-40,200,-50,0,0,-50,25,1,30,10,-50,-10,200,5,30,20,5,-50,-25
fe67f9bb-83ab-417b-adef-f097af9a3f61,Residential,R40_1_1,2,400,200,200,400,0,19.2,513.94452,23.52504,556.66956,0,280844,302.8,212598.908,111.61128,213013.3193,-1500,2,-195,-5,0,-200,50,-20,-49,-1,0,-50,0,1,-2,-28,0,-30,25,-50,-1,-9,0,-10,0,1,2,8,0,10,10,30,1,1,0,2,-75,2,-40,0,0,-40,200,-50,0,0,-50,25,1,30,10,-50,-10,200,5,30,20,5,-50,-25
8dbf9e45-b1c8-41a3-a690-775838bd1eab,Residential,R996_1_1,2,400,200,200,400,0,19.2,513.94452,23.52504,556.66956,0,280844,302.8,212598.908,111.61128,213013.3193,-1500,2,-195,-5,0,-200,50,-20,-49,-1,0,-50,0,1,-2,-28,0,-30,25,-50,-1,-9,0,-10,0,1,2,8,0,10,10,30,1,1,0,2,-75,2,-40,0,0,-40,200,-50,0,0,-50,25,1,30,10,-50,-10,200,5,30,20,5,-50,-25
913af9f5-33bc-4dc8-a643-edfc7ce8676c,Residential,R1291_1_1,2,400,200,200,400,0,19.2,513.94452,23.52504,556.66956,0,280844,302.8,212598.908,111.61128,213013.3193,-1500,2,-195,-5,0,-200,50,-20,-49,-1,0,-50,0,1,-2,-28,0,-30,25,-50,-1,-9,0,-10,0,1,2,8,0,10,10,30,1,1,0,2,-75,2,-40,0,0,-40,200,-50,0,0,-50,25,1,30,10,-50,-10,200,5,30,20,5,-50,-25
3a2950bb-3bac-47ee-af99-26dcf7fe7ce4,Residential,R1900_1_1,2,400,200,200,400,0,19.2,513.94452,23.52504,556.66956,0,280844,302.8,212598.908,111.61128,213013.3193,-1500,2,-195,-5,0,-200,50,-20,-49,-1,0,-50,0,1,-2,-28,0,-30,25,-50,-1,-9,0,-10,0,1,2,8,0,10,10,30,1,1,0,2,-75,2,-40,0,0,-40,200,-50,0,0,-50,25,1,30,10,-50,-10,200,5,30,20,5,-50,-25
b70093c5-6ebb-4e32-98af-82800a1ae991,Residential,R1578_1_1,2,400,200,200,400,0,19.2,513.94452,23.52504,556.66956,0,280844,302.8,212598.908,111.61128,213013.3193,-1500,2,-195,-5,0,-200,50,-20,-49,-1,0,-50,0,1,-2,-28,0,-30,25,-50,-1,-9,0,-10,0,1,2,8,0,10,10,30,1,1,0,2,-75,2,-40,0,0,-40,200,-50,0,0,-50,25,1,30,10,-50,-10,200,5,30,20,5,-50,-25
df66a61f-91f5-455f-923d-5c812596ba6d,Residential,R1395_1_1,2,400,200,200,400,0,19.2,513.94452,23.52504,556.66956,0,280844,302.8,212598.908,111.61128,213013.3193,-1500,2,-195,-5,0,-200,50,-20,-49,-1,0,-50,0,1,-2,-28,0,-30,25,-50,-1,-9,0,-10,0,1,2,8,0,10,10,30,1,1,0,2,-75,2,-40,0,0,-40,200,-50,0,0,-50,25,1,30,10,-50,-10,200,5,30,20,5,-50,-25
ff9bb3e7-fcb6-4f57-a30d-a4e3dcac8393,Residential,R825_1_1,2,400,200,200,400,0,19.2,513.94452,23.52504,556.66956,0,280844,302.8,212598.908,111.61128,213013.3193,-1500,2,-195,-5,0,-200,50,-20,-49,-1,0,-50,0,1,-2,-28,0,-30,25,-50,-1,-9,0,-10,0,1,2,8,0,10,10,30,1,1,0,2,-75,2,-40,0,0,-40,200,-50,0,0,-50,25,1,30,10,-50,-10,200,5,30,20,5,-50,-25
ab681527-d264-4b52-b433-f624829840e1,Residential,R694_1_1,2,400,200,200,400,0,19.2,513.94452,23.52504,556.66956,0,280844,302.8,212598.908,111.61128,213013.3193,-1500,2,-195,-5,0,-200,50,-20,-49,-1,0,-50,0,1,-2,-28,0,-30,25,-50,-1,-9,0,-10,0,1,2,8,0,10,10,30,1,1,0,2,-75,2,-40,0,0,-40,200,-50,0,0,-50,25,1,30,10,-50,-10,200,5,30,20,5,-50,-25
b79d8722-ef22-49d9-9f63-b3f1576d81b3,Residential,R1768_1_1,2,400,200,200,400,0,19.2,513.94452,23.52504,556.66956,0,280844,302.8,212598.908,111.61128,213013.3193,-1500,2,-195,-5,0,-200,50,-20,-49,-1,0,-50,0,1,-2,-28,0,-30,25,-50,-1,-9,0,-10,0,1,2,8,0,10,10,30,1,1,0,2,-75,2,-40,0,0,-40,200,-50,0,0,-50,25,1,30,10,-50,-10,200,5,30,20,5,-50,-25
1aff3e67-a2a5-4511-9f9c-3f60ae87ce02,Residential,R1421_1_1,2,400,200,200,400,0,19.2,513.94452,23.52504,556.66956,0,280844,302.8,212598.908,111.61128,213013.3193,-1500,2,-195,-5,0,-200,50,-20,-49,-1,0,-50,0,1,-2,-28,0,-30,25,-50,-1,-9,0,-10,0,1,2,8,0,10,10,30,1,1,0,2,-75,2,-40,0,0,-40,200,-50,0,0,-50,25,1,30,10,-50,-10,200,5,30,20,5,-50,-25
69562546-8422-4e56-869b-c9d7ff690787,Residential,R179_1_1,2,400,200,200,400,0,19.2,513.94452,23.52504,556.66956,0,280844,302.8,212598.908,111.61128,213013.3193,-1500,2,-195,-5,0,-200,50,-20,-49,-1,0,-50,0,1,-2,-28,0,-30,25,-50,-1,-9,0,-10,0,1,2,8,0,10,10,30,1,1,0,2,-75,2,-40,0,0,-40,200,-50,0,0,-50,25,1,30,10,-50,-10,200,5,30,20,5,-50,-25
3419c22e-7f5a-4d15-aa3f-def52406ff1f,Residential,R7_1_1,2,400,200,200,400,0,19.2,513.94452,23.52504,556.66956,0,280844,302.8,212598.908,111.61128,213013.3193,-1500,2,-195,-5,0,-200,50,-20,-49,-1,0,-50,0,1,-2,-28,0,-30,25,-50,-1,-9,0,-10,0,1,2,8,0,10,10,30,1,1,0,2,-75,2,-40,0,0,-40,200,-50,0,0,-50,25,1,30,10,-50,-10,200,5,30,20,5,-50,-25
eaaa78ac-c9d2-488d-9e1a-cbb0d57aca69,Residential,R1488_1_1,2,400,200,200,400,0,19.2,513.94452,23.52504,556.66956,0,280844,302.8,212598.908,111.61128,213013.3193,-1500,2,-195,-5,0,-200,50,-20,-49,-1,0,-50,0,1,-2,-28,0,-30,25,-50,-1,-9,0,-10,0,1,2,8,0,10,10,30,1,1,0,2,-75,2,-40,0,0,-40,200,-50,0,0,-50,25,1,30,10,-50,-10,200,5,30,20,5,-50,-25
476a9114-aaa0-4867-8012-7ac42a19cf48,Residential,R1979_1_1,2,400,200,200,400,0,19.2,513.94452,23.52504,556.66956,0,280844,302.8,212598.908,111.61128,213013.3193,-1500,2,-195,-5,0,-200,50,-20,-49,-1,0,-50,0,1,-2,-28,0,-30,25,-50,-1,-9,0,-10,0,1,2,8,0,10,10,30,1,1,0,2,-75,2,-40,0,0,-40,200,-50,0,0,-50,25,1,30,10,-50,-10,200,5,30,20,5,-50,-25
ca8f45ea-0f74-4c02-b7bf-066c4d5cbc32,Residential,R1227_1_1,2,400,200,200,400,0,19.2,513.94452,23.52504,556.66956,0,280844,302.8,212598.908,111.61128,213013.3193,-1500,2,-195,-5,0,-200,50,-20,-49,-1,0,-50,0,1,-2,-28,0,-30,25,-50,-1,-9,0,-10,0,1,2,8,0,10,10,30,1,1,0,2,-75,2,-40,0,0,-40,200,-50,0,0,-50,25,1,30,10,-50,-10,200,5,30,20,5,-50,-25
dd26f00d-e85b-44c4-b9bf-82d67aae1ee9,Residential,R1363_1_1,2,400,200,200,400,0,19.2,513.94452,23.52504,556.66956,0,280844,302.8,212598.908,111.61128,213013.3193,-1500,2,-195,-5,0,-200,50,-20,-49,-1,0,-50,0,1,-2,-28,0,-30,25,-50,-1,-9,0,-10,0,1,2,8,0,10,10,30,1,1,0,2,-75,2,-40,0,0,-40,200,-50,0,0,-50,25,1,30,10,-50,-10,200,5,30,20,5,-50,-25
11f1bf54-c419-41ab-9d1d-39ac762324cb,Residential,R1684_1_1,2,400,200,200,400,0,19.2,513.94452,23.52504,556.66956,0,280844,302.8,212598.908,111.61128,213013.3193,-1500,2,-195,-5,0,-200,50,-20,-49,-1,0,-50,0,1,-2,-28,0,-30,25,-50,-1,-9,0,-10,0,1,2,8,0,10,10,30,1,1,0,2,-75,2,-40,0,0,-40,200,-50,0,0,-50,25,1,30,10,-50,-10,200,5,30,20,5,-50,-25
542f941f-0fd8-4355-88a1-fac5447cd0b0,Residential,R1382_1_1,2,400,200,200,400,0,19.2,513.94452,23.52504,556.66956,0,280844,302.8,212598.908,111.61128,213013.3193,-1500,2,-195,-5,0,-200,50,-20,-49,-1,0,-50,0,1,-2,-28,0,-30,25,-50,-1,-9,0,-10,0,1,2,8,0,10,10,30,1,1,0,2,-75,2,-40,0,0,-40,200,-50,0,0,-50,25,1,30,10,-50,-10,200,5,30,20,5,-50,-25
7ee860ac-01b2-436e-9ab1-1bfa428cbf84,Residential,R718_1_1,2,400,200,200,400,0,19.2,513.94452,23.52504,556.66956,0,280844,302.8,212598.908,111.61128,213013.3193,-1500,2,-195,-5,0,-200,50,-20,-49,-1,0,-50,0,1,-2,-28,0,-30,25,-50,-1,-9,0,-10,0,1,2,8,0,10,10,30,1,1,0,2,-75,2,-40,0,0,-40,200,-50,0,0,-50,25,1,30,10,-50,-10,200,5,30,20,5,-50,-25
27e4cda3-0f96-4115-8667-234ce5a808e3,Residential,R413_1_1,2,400,200,200,400,0,19.2,513.94452,23.52504,556.66956,0,280844,302.8,212598.908,111.61128,213013.3193,-1500,2,-195,-5,0,-200,50,-20,-49,-1,0,-50,0,1,-2,-28,0,-30,25,-50,-1,-9,0,-10,0,1,2,8,0,10,10,30,1,1,0,2,-75,2,-40,0,0,-40,200,-50,0,0,-50,25,1,30,10,-50,-10,200,5,30,20,5,-50,-25
cf47b7a7-135f-42f0-b8c8-bbf79daf4f41,Residential,R1589_1_1,2,400,200,200,400,0,19.2,513.94452,23.52504,556.66956,0,280844,302.8,212598.908,111.61128,213013.3193,-1500,2,-195,-5,0,-200,50,-20,-49,-1,0,-50,0,1,-2,-28,0,-30,25,-50,-1,-9,0,-10,0,1,2,8,0,10,10,30,1,1,0,2,-75,2,-40,0,0,-40,200,-50,0,0,-50,25,1,30,10,-50,-10,200,5,30,20,5,-50,-25
eefadcdb-1bce-4b0d-a25b-2af2ffd9b726,Residential,R578_1_1,2,400,200,200,400,0,19.2,513.94452,23.52504,556.66956,0,280844,302.8,212598.908,111.61128,213013.3193,-1500,2,-195,-5,0,-200,50,-20,-49,-1,0,-50,0,1,-2,-28,0,-30,25,-50,-1,-9,0,-10,0,1,2,8,0,10,10,30,1,1,0,2,-75,2,-40,0,0,-40,200,-50,0,0,-50,25,1,30,10,-50,-10,200,5,30,20,5,-50,-25
4fdeb64e-9b7a-467b-8867-c0413c8bdb3c,Residential,R1592_1_1,2,400,200,200,400,0,19.2,513.94452,23.52504,556.66956,0,280844,302.8,212598.908,111.61128,213013.3193,-1500,2,-195,-5,0,-200,50,-20,-49,-1,0,-50,0,1,-2,-28,0,-30,25,-50,-1,-9,0,-10,0,1,2,8,0,10,10,30,1,1,0,2,-75,2,-40,0,0,-40,200,-50,0,0,-50,25,1,30,10,-50,-10,200,5,30,20,5,-50,-25
e8f127fb-775e-4079-beb8-43a4d1a13b8f,Residential,R893_1_1,2,400,200,200,400,0,19.2,513.94452,23.52504,556.66956,0,280844,302.8,212598.908,111.61128,213013.3193,-1500,2,-195,-5,0,-200,50,-20,-49,-1,0,-50,0,1,-2,-28,0,-30,25,-50,-1,-9,0,-10,0,1,2,8,0,10,10,30,1,1,0,2,-75,2,-40,0,0,-40,200,-50,0,0,-50,25,1,30,10,-50,-10,200,5,30,20,5,-50,-25
748b59ab-5773-49cd-b343-c5d9ee40db63,Residential,R1613_1_1,2,400,200,200,400,0,19.2,513.94452,23.52504,556.66956,0,280844,302.8,212598.908,111.61128,213013.3193,-1500,2,-195,-5,0,-200,50,-20,-49,-1,0,-50,0,1,-2,-28,0,-30,25,-50,-1,-9,0,-10,0,1,2,8,0,10,10,30,1,1,0,2,-75,2,-40,0,0,-40,200,-50,0,0,-50,25,1,30,10,-50,-10,200,5,30,20,5,-50,-25
75d9f90c-d1ee-4eab-9fde-971eda8bba2f,Residential,R1870_1_1,2,400,200,200,400,0,19.2,513.94452,23.52504,556.66956,0,280844,302.8,212598.908,111.61128,213013.3193,-1500,2,-195,-5,0,-200,50,-20,-49,-1,0,-50,0,1,-2,-28,0,-30,25,-50,-1,-9,0,-10,0,1,2,8,0,10,10,30,1,1,0,2,-75,2,-40,0,0,-40,200,-50,0,0,-50,25,1,30,10,-50,-10,200,5,30,20,5,-50,-25
9526b6c3-e59e-4f0c-bace-50bfe1c6d4ab,Residential,R1292_1_1,2,400,200,200,400,0,19.2,513.94452,23.52504,556.66956,0,280844,302.8,212598.908,111.61128,213013.3193,-1500,2,-195,-5,0,-200,50,-20,-49,-1,0,-50,0,1,-2,-28,0,-30,25,-50,-1,-9,0,-10,0,1,2,8,0,10,10,30,1,1,0,2,-75,2,-40,0,0,-40,200,-50,0,0,-50,25,1,30,10,-50,-10,200,5,30,20,5,-50,-25
2b81a302-183e-49b7-9404-31742e3bdd75,Residential,R2034_1_1,2,400,200,200,400,0,19.2,513.94452,23.52504,556.66956,0,280844,302.8,212598.908,111.61128,213013.3193,-1500,2,-195,-5,0,-200,50,-20,-49,-1,0,-50,0,1,-2,-28,0,-30,25,-50,-1,-9,0,-10,0,1,2,8,0,10,10,30,1,1,0,2,-75,2,-40,0,0,-40,200,-50,0,0,-50,25,1,30,10,-50,-10,200,5,30,20,5,-50,-25
b4d0e5d2-7d5b-4efa-b06b-6ee793beb658,Residential,R1667_1_1,2,400,200,200,400,0,19.2,513.94452,23.52504,556.66956,0,280844,302.8,212598.908,111.61128,213013.3193,-1500,2,-195,-5,0,-200,50,-20,-49,-1,0,-50,0,1,-2,-28,0,-30,25,-50,-1,-9,0,-10,0,1,2,8,0,10,10,30,1,1,0,2,-75,2,-40,0,0,-40,200,-50,0,0,-50,25,1,30,10,-50,-10,200,5,30,20,5,-50,-25
b9c98d01-b4d7-4fb2-8caa-a3aac00adb0f,Residential,R1998_1_1,2,400,200,200,400,0,19.2,513.94452,23.52504,556.66956,0,280844,302.8,212598.908,111.61128,213013.3193,-1500,2,-195,-5,0,-200,50,-20,-49,-1,0,-50,0,1,-2,-28,0,-30,25,-50,-1,-9,0,-10,0,1,2,8,0,10,10,30,1,1,0,2,-75,2,-40,0,0,-40,200,-50,0,0,-50,25,1,30,10,-50,-10,200,5,30,20,5,-50,-25
fc42e643-042a-4b94-9ace-13fd57938f76,Residential,R45_1_1,2,400,200,200,400,0,19.2,513.94452,23.52504,556.66956,0,280844,302.8,212598.908,111.61128,213013.3193,-1500,2,-195,-5,0,-200,50,-20,-49,-1,0,-50,0,1,-2,-28,0,-30,25,-50,-1,-9,0,-10,0,1,2,8,0,10,10,30,1,1,0,2,-75,2,-40,0,0,-40,200,-50,0,0,-50,25,1,30,10,-50,-10,200,5,30,20,5,-50,-25
8477184b-41aa-49d6-a7de-704b03ac9b7b,Residential,R1844_1_1,2,400,200,200,400,0,19.2,513.94452,23.52504,556.66956,0,280844,302.8,212598.908,111.61128,213013.3193,-1500,2,-195,-5,0,-200,50,-20,-49,-1,0,-50,0,1,-2,-28,0,-30,25,-50,-1,-9,0,-10,0,1,2,8,0,10,10,30,1,1,0,2,-75,2,-40,0,0,-40,200,-50,0,0,-50,25,1,30,10,-50,-10,200,5,30,20,5,-50,-25
355c8f5d-2c10-4840-90aa-db288c1f2fde,Residential,R1371_1_1,2,400,200,200,400,0,19.2,513.94452,23.52504,556.66956,0,280844,302.8,212598.908,111.61128,213013.3193,-1500,2,-195,-5,0,-200,50,-20,-49,-1,0,-50,0,1,-2,-28,0,-30,25,-50,-1,-9,0,-10,0,1,2,8,0,10,10,30,1,1,0,2,-75,2,-40,0,0,-40,200,-50,0,0,-50,25,1,30,10,-50,-10,200,5,30,20,5,-50,-25
2534ae70-f08e-4593-9072-eff8c4c7738e,Residential,R684_1_1,2,400,200,200,400,0,19.2,513.94452,23.52504,556.66956,0,280844,302.8,212598.908,111.61128,213013.3193,-1500,2,-195,-5,0,-200,50,-20,-49,-1,0,-50,0,1,-2,-28,0,-30,25,-50,-1,-9,0,-10,0,1,2,8,0,10,10,30,1,1,0,2,-75,2,-40,0,0,-40,200,-50,0,0,-50,25,1,30,10,-50,-10,200,5,30,20,5,-50,-25
8c66e875-7882-414c-b907-7145133902a0,Residential,R1018_1_1,2,400,200,200,400,0,19.2,513.94452,23.52504,556.66956,0,280844,302.8,212598.908,111.61128,213013.3193,-1500,2,-195,-5,0,-200,50,-20,-49,-1,0,-50,0,1,-2,-28,0,-30,25,-50,-1,-9,0,-10,0,1,2,8,0,10,10,30,1,1,0,2,-75,2,-40,0,0,-40,200,-50,0,0,-50,25,1,30,10,-50,-10,200,5,30,20,5,-50,-25
883eda58-4729-46d7-bc14-e2668d85315a,Residential,R53_1_1,2,400,200,200,400,0,19.2,513.94452,23.52504,556.66956,0,280844,302.8,212598.908,111.61128,213013.3193,-1500,2,-195,-5,0,-200,50,-20,-49,-1,0,-50,0,1,-2,-28,0,-30,25,-50,-1,-9,0,-10,0,1,2,8,0,10,10,30,1,1,0,2,-75,2,-40,0,0,-40,200,-50,0,0,-50,25,1,30,10,-50,-10,200,5,30,20,5,-50,-25
a5b01366-41de-45ef-998d-39691692f4c3,Residential,R49_1_1,2,400,200,200,400,0,19.2,513.94452,23.52504,556.66956,0,280844,302.8,212598.908,111.61128,213013.3193,-1500,2,-195,-5,0,-200,50,-20,-49,-1,0,-50,0,1,-2,-28,0,-30,25,-50,-1,-9,0,-10,0,1,2,8,0,10,10,30,1,1,0,2,-75,2,-40,0,0,-40,200,-50,0,0,-50,25,1,30,10,-50,-10,200,5,30,20,5,-50,-25
afcdb07d-aed7-4756-afaa-06e187a213f6,Residential,R730_1_1,2,400,200,200,400,0,19.2,513.94452,23.52504,556.66956,0,280844,302.8,212598.908,111.61128,213013.3193,-1500,2,-195,-5,0,-200,50,-20,-49,-1,0,-50,0,1,-2,-28,0,-30,25,-50,-1,-9,0,-10,0,1,2,8,0,10,10,30,1,1,0,2,-75,2,-40,0,0,-40,200,-50,0,0,-50,25,1,30,10,-50,-10,200,5,30,20,5,-50,-25
be0dbb41-388b-4f09-9071-e2ebc3a0c7ab,Residential,R1319_1_1,2,400,200,200,400,0,19.2,513.94452,23.52504,556.66956,0,280844,302.8,212598.908,111.61128,213013.3193,-1500,2,-195,-5,0,-200,50,-20,-49,-1,0,-50,0,1,-2,-28,0,-30,25,-50,-1,-9,0,-10,0,1,2,8,0,10,10,30,1,1,0,2,-75,2,-40,0,0,-40,200,-50,0,0,-50,25,1,30,10,-50,-10,200,5,30,20,5,-50,-25
e0c415e0-700a-401c-836d-539bef1852c4,Residential,R1197_1_1,2,400,200,200,400,0,19.2,513.94452,23.52504,556.66956,0,280844,302.8,212598.908,111.61128,213013.3193,-1500,2,-195,-5,0,-200,50,-20,-49,-1,0,-50,0,1,-2,-28,0,-30,25,-50,-1,-9,0,-10,0,1,2,8,0,10,10,30,1,1,0,2,-75,2,-40,0,0,-40,200,-50,0,0,-50,25,1,30,10,-50,-10,200,5,30,20,5,-50,-25
b0928277-e6f5-4234-bc45-769eab32b44f,Residential,R186_1_1,2,400,200,200,400,0,19.2,513.94452,23.52504,556.66956,0,280844,302.8,212598.908,111.61128,213013.3193,-1500,2,-195,-5,0,-200,50,-20,-49,-1,0,-50,0,1,-2,-28,0,-30,25,-50,-1,-9,0,-10,0,1,2,8,0,10,10,30,1,1,0,2,-75,2,-40,0,0,-40,200,-50,0,0,-50,25,1,30,10,-50,-10,200,5,30,20,5,-50,-25
6a9b16e3-601d-4616-bb5d-7dd1408d296d,Residential,R1702_1_1,2,400,200,200,400,0,19.2,513.94452,23.52504,556.66956,0,280844,302.8,212598.908,111.61128,213013.3193,-1500,2,-195,-5,0,-200,50,-20,-49,-1,0,-50,0,1,-2,-28,0,-30,25,-50,-1,-9,0,-10,0,1,2,8,0,10,10,30,1,1,0,2,-75,2,-40,0,0,-40,200,-50,0,0,-50,25,1,30,10,-50,-10,200,5,30,20,5,-50,-25
922cdf4b-fe5d-4af2-bdf8-2940e35913b7,Residential,R371_1_1,2,400,200,200,400,0,19.2,513.94452,23.52504,556.66956,0,280844,302.8,212598.908,111.61128,213013.3193,-1500,2,-195,-5,0,-200,50,-20,-49,-1,0,-50,0,1,-2,-28,0,-30,25,-50,-1,-9,0,-10,0,1,2,8,0,10,10,30,1,1,0,2,-75,2,-40,0,0,-40,200,-50,0,0,-50,25,1,30,10,-50,-10,200,5,30,20,5,-50,-25
4068e6cf-bfc3-4475-a634-9e6d076d538b,Residential,R640_1_1,2,400,200,200,400,0,19.2,513.94452,23.52504,556.66956,0,280844,302.8,212598.908,111.61128,213013.3193,-1500,2,-195,-5,0,-200,50,-20,-49,-1,0,-50,0,1,-2,-28,0,-30,25,-50,-1,-9,0,-10,0,1,2,8,0,10,10,30,1,1,0,2,-75,2,-40,0,0,-40,200,-50,0,0,-50,25,1,30,10,-50,-10,200,5,30,20,5,-50,-25
2d9d263b-e39e-4d9a-9610-c162cab03bc7,Residential,R686_1_1,2,400,200,200,400,0,19.2,513.94452,23.52504,556.66956,0,280844,302.8,212598.908,111.61128,213013.3193,-1500,2,-195,-5,0,-200,50,-20,-49,-1,0,-50,0,1,-2,-28,0,-30,25,-50,-1,-9,0,-10,0,1,2,8,0,10,10,30,1,1,0,2,-75,2,-40,0,0,-40,200,-50,0,0,-50,25,1,30,10,-50,-10,200,5,30,20,5,-50,-25
0e1dd6ed-eb7c-4d2d-9c13-ecd7284bcd1a,Residential,R1700_1_1,2,400,200,200,400,0,19.2,513.94452,23.52504,556.66956,0,280844,302.8,212598.908,111.61128,213013.3193,-1500,2,-195,-5,0,-200,50,-20,-49,-1,0,-50,0,1,-2,-28,0,-30,25,-50,-1,-9,0,-10,0,1,2,8,0,10,10,30,1,1,0,2,-75,2,-40,0,0,-40,200,-50,0,0,-50,25,1,30,10,-50,-10,200,5,30,20,5,-50,-25
d7a76767-f1a4-40c1-99c8-aec23f86fa6e,Residential,R701_1_1,2,400,200,200,400,0,19.2,513.94452,23.52504,556.66956,0,280844,302.8,212598.908,111.61128,213013.3193,-1500,2,-195,-5,0,-200,50,-20,-49,-1,0,-50,0,1,-2,-28,0,-30,25,-50,-1,-9,0,-10,0,1,2,8,0,10,10,30,1,1,0,2,-75,2,-40,0,0,-40,200,-50,0,0,-50,25,1,30,10,-50,-10,200,5,30,20,5,-50,-25
eedde1f7-d60a-4e16-9e4b-192e6b5b833a,Residential,R260_1_1,2,400,200,200,400,0,19.2,513.94452,23.52504,556.66956,0,280844,302.8,212598.908,111.61128,213013.3193,-1500,2,-195,-5,0,-200,50,-20,-49,-1,0,-50,0,1,-2,-28,0,-30,25,-50,-1,-9,0,-10,0,1,2,8,0,10,10,30,1,1,0,2,-75,2,-40,0,0,-40,200,-50,0,0,-50,25,1,30,10,-50,-10,200,5,30,20,5,-50,-25
46c351da-00b2-4a09-ae17-f66b416e2371,Residential,R847_1_1,2,400,200,200,400,0,19.2,513.94452,23.52504,556.66956,0,280844,302.8,212598.908,111.61128,213013.3193,-1500,2,-195,-5,0,-200,50,-20,-49,-1,0,-50,0,1,-2,-28,0,-30,25,-50,-1,-9,0,-10,0,1,2,8,0,10,10,30,1,1,0,2,-75,2,-40,0,0,-40,200,-50,0,0,-50,25,1,30,10,-50,-10,200,5,30,20,5,-50,-25
495bc99e-0b4f-452e-b14e-15a67fb8749e,Residential,R948_1_1,2,400,200,200,400,0,19.2,513.94452,23.52504,556.66956,0,280844,302.8,212598.908,111.61128,213013.3193,-1500,2,-195,-5,0,-200,50,-20,-49,-1,0,-50,0,1,-2,-28,0,-30,25,-50,-1,-9,0,-10,0,1,2,8,0,10,10,30,1,1,0,2,-75,2,-40,0,0,-40,200,-50,0,0,-50,25,1,30,10,-50,-10,200,5,30,20,5,-50,-25
7cce15de-1cf1-4e5e-a624-82d535605396,Residential,R511_1_1,2,400,200,200,400,0,19.2,513.94452,23.52504,556.66956,0,280844,302.8,212598.908,111.61128,213013.3193,-1500,2,-195,-5,0,-200,50,-20,-49,-1,0,-50,0,1,-2,-28,0,-30,25,-50,-1,-9,0,-10,0,1,2,8,0,10,10,30,1,1,0,2,-75,2,-40,0,0,-40,200,-50,0,0,-50,25,1,30,10,-50,-10,200,5,30,20,5,-50,-25
2883ac29-bf32-4a50-b57c-3f5ff22e1f3b,Residential,R1788_1_1,2,400,200,200,400,0,19.2,513.94452,23.52504,556.66956,0,280844,302.8,212598.908,111.61128,213013.3193,-1500,2,-195,-5,0,-200,50,-20,-49,-1,0,-50,0,1,-2,-28,0,-30,25,-50,-1,-9,0,-10,0,1,2,8,0,10,10,30,1,1,0,2,-75,2,-40,0,0,-40,200,-50,0,0,-50,25,1,30,10,-50,-10,200,5,30,20,5,-50,-25
fc6f80ed-b0cc-4f9c-824e-90ada788aaae,Residential,R1339_1_1,2,400,200,200,400,0,19.2,513.94452,23.52504,556.66956,0,280844,302.8,212598.908,111.61128,213013.3193,-1500,2,-195,-5,0,-200,50,-20,-49,-1,0,-50,0,1,-2,-28,0,-30,25,-50,-1,-9,0,-10,0,1,2,8,0,10,10,30,1,1,0,2,-75,2,-40,0,0,-40,200,-50,0,0,-50,25,1,30,10,-50,-10,200,5,30,20,5,-50,-25
fc54fcd2-efaf-4eb3-ac0c-4fcc4ac58976,Residential,R795_1_1,2,400,200,200,400,0,19.2,513.94452,23.52504,556.66956,0,280844,302.8,212598.908,111.61128,213013.3193,-1500,2,-195,-5,0,-200,50,-20,-49,-1,0,-50,0,1,-2,-28,0,-30,25,-50,-1,-9,0,-10,0,1,2,8,0,10,10,30,1,1,0,2,-75,2,-40,0,0,-40,200,-50,0,0,-50,25,1,30,10,-50,-10,200,5,30,20,5,-50,-25
240589ab-2cd6-45cd-9ec2-fd08f595d130,Residential,R1413_1_1,2,400,200,200,400,0,19.2,513.94452,23.52504,556.66956,0,280844,302.8,212598.908,111.61128,213013.3193,-1500,2,-195,-5,0,-200,50,-20,-49,-1,0,-50,0,1,-2,-28,0,-30,25,-50,-1,-9,0,-10,0,1,2,8,0,10,10,30,1,1,0,2,-75,2,-40,0,0,-40,200,-50,0,0,-50,25,1,30,10,-50,-10,200,5,30,20,5,-50,-25
b9168149-f95d-4bc9-b0a1-8ac7d9c74577,Residential,R1065_1_1,2,400,200,200,400,0,19.2,513.94452,23.52504,556.66956,0,280844,302.8,212598.908,111.61128,213013.3193,-1500,2,-195,-5,0,-200,50,-20,-49,-1,0,-50,0,1,-2,-28,0,-30,25,-50,-1,-9,0,-10,0,1,2,8,0,10,10,30,1,1,0,2,-75,2,-40,0,0,-40,200,-50,0,0,-50,25,1,30,10,-50,-10,200,5,30,20,5,-50,-25
1a1b7d00-3e87-40a9-92e5-cd0cc8b60362,Residential,R1470_1_1,2,400,200,200,400,0,19.2,513.94452,23.52504,556.66956,0,280844,302.8,212598.908,111.61128,213013.3193,-1500,2,-195,-5,0,-200,50,-20,-49,-1,0,-50,0,1,-2,-28,0,-30,25,-50,-1,-9,0,-10,0,1,2,8,0,10,10,30,1,1,0,2,-75,2,-40,0,0,-40,200,-50,0,0,-50,25,1,30,10,-50,-10,200,5,30,20,5,-50,-25
8dea09ad-4b24-4923-a24e-224d824894ad,Residential,R1726_1_1,2,400,200,200,400,0,19.2,513.94452,23.52504,556.66956,0,280844,302.8,212598.908,111.61128,213013.3193,-1500,2,-195,-5,0,-200,50,-20,-49,-1,0,-50,0,1,-2,-28,0,-30,25,-50,-1,-9,0,-10,0,1,2,8,0,10,10,30,1,1,0,2,-75,2,-40,0,0,-40,200,-50,0,0,-50,25,1,30,10,-50,-10,200,5,30,20,5,-50,-25
57e7f05a-77fe-4fe7-8033-cfa43cdce616,Residential,R1113_1_1,2,400,200,200,400,0,19.2,513.94452,23.52504,556.66956,0,280844,302.8,212598.908,111.61128,213013.3193,-1500,2,-195,-5,0,-200,50,-20,-49,-1,0,-50,0,1,-2,-28,0,-30,25,-50,-1,-9,0,-10,0,1,2,8,0,10,10,30,1,1,0,2,-75,2,-40,0,0,-40,200,-50,0,0,-50,25,1,30,10,-50,-10,200,5,30,20,5,-50,-25
88229e15-6ad6-4156-bdbb-c560ae15a9d2,Residential,R131_1_1,2,400,200,200,400,0,19.2,513.94452,23.52504,556.66956,0,280844,302.8,212598.908,111.61128,213013.3193,-1500,2,-195,-5,0,-200,50,-20,-49,-1,0,-50,0,1,-2,-28,0,-30,25,-50,-1,-9,0,-10,0,1,2,8,0,10,10,30,1,1,0,2,-75,2,-40,0,0,-40,200,-50,0,0,-50,25,1,30,10,-50,-10,200,5,30,20,5,-50,-25
2389aa7b-9e9a-4d5f-af82-bd141484c921,Residential,R2134_1_1,2,400,200,200,400,0,19.2,513.94452,23.52504,556.66956,0,280844,302.8,212598.908,111.61128,213013.3193,-1500,2,-195,-5,0,-200,50,-20,-49,-1,0,-50,0,1,-2,-28,0,-30,25,-50,-1,-9,0,-10,0,1,2,8,0,10,10,30,1,1,0,2,-75,2,-40,0,0,-40,200,-50,0,0,-50,25,1,30,10,-50,-10,200,5,30,20,5,-50,-25
679479ba-6a86-4304-a4f5-d6133dcfd400,Residential,R467_1_1,2,400,200,200,400,0,19.2,513.94452,23.52504,556.66956,0,280844,302.8,212598.908,111.61128,213013.3193,-1500,2,-195,-5,0,-200,50,-20,-49,-1,0,-50,0,1,-2,-28,0,-30,25,-50,-1,-9,0,-10,0,1,2,8,0,10,10,30,1,1,0,2,-75,2,-40,0,0,-40,200,-50,0,0,-50,25,1,30,10,-50,-10,200,5,30,20,5,-50,-25
41e76bff-0d3d-4604-9007-5fdb490275f6,Residential,R1092_1_1,2,400,200,200,400,0,19.2,513.94452,23.52504,556.66956,0,280844,302.8,212598.908,111.61128,213013.3193,-1500,2,-195,-5,0,-200,50,-20,-49,-1,0,-50,0,1,-2,-28,0,-30,25,-50,-1,-9,0,-10,0,1,2,8,0,10,10,30,1,1,0,2,-75,2,-40,0,0,-40,200,-50,0,0,-50,25,1,30,10,-50,-10,200,5,30,20,5,-50,-25
67352a36-c1ed-40a6-a606-4f165d772459,Residential,R723_1_1,2,400,200,200,400,0,19.2,513.94452,23.52504,556.66956,0,280844,302.8,212598.908,111.61128,213013.3193,-1500,2,-195,-5,0,-200,50,-20,-49,-1,0,-50,0,1,-2,-28,0,-30,25,-50,-1,-9,0,-10,0,1,2,8,0,10,10,30,1,1,0,2,-75,2,-40,0,0,-40,200,-50,0,0,-50,25,1,30,10,-50,-10,200,5,30,20,5,-50,-25
615f0ff0-01c0-4270-898a-792437617921,Residential,R1756_1_1,2,400,200,200,400,0,19.2,513.94452,23.52504,556.66956,0,280844,302.8,212598.908,111.61128,213013.3193,-1500,2,-195,-5,0,-200,50,-20,-49,-1,0,-50,0,1,-2,-28,0,-30,25,-50,-1,-9,0,-10,0,1,2,8,0,10,10,30,1,1,0,2,-75,2,-40,0,0,-40,200,-50,0,0,-50,25,1,30,10,-50,-10,200,5,30,20,5,-50,-25
83860462-c4b7-405b-a5bf-1888497df216,Residential,R1965_1_1,2,400,200,200,400,0,19.2,513.94452,23.52504,556.66956,0,280844,302.8,212598.908,111.61128,213013.3193,-1500,2,-195,-5,0,-200,50,-20,-49,-1,0,-50,0,1,-2,-28,0,-30,25,-50,-1,-9,0,-10,0,1,2,8,0,10,10,30,1,1,0,2,-75,2,-40,0,0,-40,200,-50,0,0,-50,25,1,30,10,-50,-10,200,5,30,20,5,-50,-25
7d5ab9d3-544c-46eb-8428-96539dd76b7a,Residential,R1419_1_1,2,400,200,200,400,0,19.2,513.94452,23.52504,556.66956,0,280844,302.8,212598.908,111.61128,213013.3193,-1500,2,-195,-5,0,-200,50,-20,-49,-1,0,-50,0,1,-2,-28,0,-30,25,-50,-1,-9,0,-10,0,1,2,8,0,10,10,30,1,1,0,2,-75,2,-40,0,0,-40,200,-50,0,0,-50,25,1,30,10,-50,-10,200,5,30,20,5,-50,-25
61b04247-fbb5-4645-baf6-b552aee3db3e,Residential,R1761_1_1,2,400,200,200,400,0,19.2,513.94452,23.52504,556.66956,0,280844,302.8,212598.908,111.61128,213013.3193,-1500,2,-195,-5,0,-200,50,-20,-49,-1,0,-50,0,1,-2,-28,0,-30,25,-50,-1,-9,0,-10,0,1,2,8,0,10,10,30,1,1,0,2,-75,2,-40,0,0,-40,200,-50,0,0,-50,25,1,30,10,-50,-10,200,5,30,20,5,-50,-25
2f5c7c7c-0aa0-4a9a-9ce8-dbf1735d5b60,Residential,R1818_1_1,2,400,200,200,400,0,19.2,513.94452,23.52504,556.66956,0,280844,302.8,212598.908,111.61128,213013.3193,-1500,2,-195,-5,0,-200,50,-20,-49,-1,0,-50,0,1,-2,-28,0,-30,25,-50,-1,-9,0,-10,0,1,2,8,0,10,10,30,1,1,0,2,-75,2,-40,0,0,-40,200,-50,0,0,-50,25,1,30,10,-50,-10,200,5,30,20,5,-50,-25
285d8b6d-fe0a-4e42-a31d-eab2ff8c8f45,Residential,R957_1_1,2,400,200,200,400,0,19.2,513.94452,23.52504,556.66956,0,280844,302.8,212598.908,111.61128,213013.3193,-1500,2,-195,-5,0,-200,50,-20,-49,-1,0,-50,0,1,-2,-28,0,-30,25,-50,-1,-9,0,-10,0,1,2,8,0,10,10,30,1,1,0,2,-75,2,-40,0,0,-40,200,-50,0,0,-50,25,1,30,10,-50,-10,200,5,30,20,5,-50,-25
38672a3b-c44b-4c6d-b555-f5b7a0965c25,Residential,R126_1_1,2,400,200,200,400,0,19.2,513.94452,23.52504,556.66956,0,280844,302.8,212598.908,111.61128,213013.3193,-1500,2,-195,-5,0,-200,50,-20,-49,-1,0,-50,0,1,-2,-28,0,-30,25,-50,-1,-9,0,-10,0,1,2,8,0,10,10,30,1,1,0,2,-75,2,-40,0,0,-40,200,-50,0,0,-50,25,1,30,10,-50,-10,200,5,30,20,5,-50,-25
27249b69-ca1a-44f0-a6e3-251561c35fac,Residential,R2130_1_1,2,400,200,200,400,0,19.2,513.94452,23.52504,556.66956,0,280844,302.8,212598.908,111.61128,213013.3193,-1500,2,-195,-5,0,-200,50,-20,-49,-1,0,-50,0,1,-2,-28,0,-30,25,-50,-1,-9,0,-10,0,1,2,8,0,10,10,30,1,1,0,2,-75,2,-40,0,0,-40,200,-50,0,0,-50,25,1,30,10,-50,-10,200,5,30,20,5,-50,-25
af8f7bb9-8073-4793-9b6a-294cd69ea482,Residential,R844_1_1,2,400,200,200,400,0,19.2,513.94452,23.52504,556.66956,0,280844,302.8,212598.908,111.61128,213013.3193,-1500,2,-195,-5,0,-200,50,-20,-49,-1,0,-50,0,1,-2,-28,0,-30,25,-50,-1,-9,0,-10,0,1,2,8,0,10,10,30,1,1,0,2,-75,2,-40,0,0,-40,200,-50,0,0,-50,25,1,30,10,-50,-10,200,5,30,20,5,-50,-25
4fbc5415-257d-42e6-956a-57168fa38d6f,Residential,R339_1_1,2,400,200,200,400,0,19.2,513.94452,23.52504,556.66956,0,280844,302.8,212598.908,111.61128,213013.3193,-1500,2,-195,-5,0,-200,50,-20,-49,-1,0,-50,0,1,-2,-28,0,-30,25,-50,-1,-9,0,-10,0,1,2,8,0,10,10,30,1,1,0,2,-75,2,-40,0,0,-40,200,-50,0,0,-50,25,1,30,10,-50,-10,200,5,30,20,5,-50,-25
b77d6842-9d15-4ddc-824e-10c73bd940f9,Residential,R571_1_1,2,400,200,200,400,0,19.2,513.94452,23.52504,556.66956,0,280844,302.8,212598.908,111.61128,213013.3193,-1500,2,-195,-5,0,-200,50,-20,-49,-1,0,-50,0,1,-2,-28,0,-30,25,-50,-1,-9,0,-10,0,1,2,8,0,10,10,30,1,1,0,2,-75,2,-40,0,0,-40,200,-50,0,0,-50,25,1,30,10,-50,-10,200,5,30,20,5,-50,-25
7e57e4cb-bb37-4534-a4c2-df53e2e4f59a,Residential,R1544_1_1,2,400,200,200,400,0,19.2,513.94452,23.52504,556.66956,0,280844,302.8,212598.908,111.61128,213013.3193,-1500,2,-195,-5,0,-200,50,-20,-49,-1,0,-50,0,1,-2,-28,0,-30,25,-50,-1,-9,0,-10,0,1,2,8,0,10,10,30,1,1,0,2,-75,2,-40,0,0,-40,200,-50,0,0,-50,25,1,30,10,-50,-10,200,5,30,20,5,-50,-25
5df3dc68-d51d-4334-afb8-1a13f70195c8,Residential,R541_1_1,2,400,200,200,400,0,19.2,513.94452,23.52504,556.66956,0,280844,302.8,212598.908,111.61128,213013.3193,-1500,2,-195,-5,0,-200,50,-20,-49,-1,0,-50,0,1,-2,-28,0,-30,25,-50,-1,-9,0,-10,0,1,2,8,0,10,10,30,1,1,0,2,-75,2,-40,0,0,-40,200,-50,0,0,-50,25,1,30,10,-50,-10,200,5,30,20,5,-50,-25
4d471e7a-4fb7-4b42-96b9-1ca7a355f551,Residential,R658_1_1,2,400,200,200,400,0,19.2,513.94452,23.52504,556.66956,0,280844,302.8,212598.908,111.61128,213013.3193,-1500,2,-195,-5,0,-200,50,-20,-49,-1,0,-50,0,1,-2,-28,0,-30,25,-50,-1,-9,0,-10,0,1,2,8,0,10,10,30,1,1,0,2,-75,2,-40,0,0,-40,200,-50,0,0,-50,25,1,30,10,-50,-10,200,5,30,20,5,-50,-25
b3d0b2dd-6f1e-46c8-bd0c-dcf39bfe3d30,Residential,R708_1_1,2,400,200,200,400,0,19.2,513.94452,23.52504,556.66956,0,280844,302.8,212598.908,111.61128,213013.3193,-1500,2,-195,-5,0,-200,50,-20,-49,-1,0,-50,0,1,-2,-28,0,-30,25,-50,-1,-9,0,-10,0,1,2,8,0,10,10,30,1,1,0,2,-75,2,-40,0,0,-40,200,-50,0,0,-50,25,1,30,10,-50,-10,200,5,30,20,5,-50,-25
64120cb2-3f51-43e1-be5e-fae58551f488,Residential,R971_1_1,2,400,200,200,400,0,19.2,513.94452,23.52504,556.66956,0,280844,302.8,212598.908,111.61128,213013.3193,-1500,2,-195,-5,0,-200,50,-20,-49,-1,0,-50,0,1,-2,-28,0,-30,25,-50,-1,-9,0,-10,0,1,2,8,0,10,10,30,1,1,0,2,-75,2,-40,0,0,-40,200,-50,0,0,-50,25,1,30,10,-50,-10,200,5,30,20,5,-50,-25
abcb5271-8b99-4c63-a942-055d8344ab7c,Residential,R627_1_1,2,400,200,200,400,0,19.2,513.94452,23.52504,556.66956,0,280844,302.8,212598.908,111.61128,213013.3193,-1500,2,-195,-5,0,-200,50,-20,-49,-1,0,-50,0,1,-2,-28,0,-30,25,-50,-1,-9,0,-10,0,1,2,8,0,10,10,30,1,1,0,2,-75,2,-40,0,0,-40,200,-50,0,0,-50,25,1,30,10,-50,-10,200,5,30,20,5,-50,-25
85671be0-61fb-4ab8-b2b7-2085188f3640,Residential,R415_1_1,2,400,200,200,400,0,19.2,513.94452,23.52504,556.66956,0,280844,302.8,212598.908,111.61128,213013.3193,-1500,2,-195,-5,0,-200,50,-20,-49,-1,0,-50,0,1,-2,-28,0,-30,25,-50,-1,-9,0,-10,0,1,2,8,0,10,10,30,1,1,0,2,-75,2,-40,0,0,-40,200,-50,0,0,-50,25,1,30,10,-50,-10,200,5,30,20,5,-50,-25
d24e658a-b505-4fa3-9ccd-b53775e90caf,Residential,R2188_1_1,2,400,200,200,400,0,19.2,513.94452,23.52504,556.66956,0,280844,302.8,212598.908,111.61128,213013.3193,-1500,2,-195,-5,0,-200,50,-20,-49,-1,0,-50,0,1,-2,-28,0,-30,25,-50,-1,-9,0,-10,0,1,2,8,0,10,10,30,1,1,0,2,-75,2,-40,0,0,-40,200,-50,0,0,-50,25,1,30,10,-50,-10,200,5,30,20,5,-50,-25
94b510e1-c6f2-46a2-949d-14e667f136b9,Residential,R1311_1_1,2,400,200,200,400,0,19.2,513.94452,23.52504,556.66956,0,280844,302.8,212598.908,111.61128,213013.3193,-1500,2,-195,-5,0,-200,50,-20,-49,-1,0,-50,0,1,-2,-28,0,-30,25,-50,-1,-9,0,-10,0,1,2,8,0,10,10,30,1,1,0,2,-75,2,-40,0,0,-40,200,-50,0,0,-50,25,1,30,10,-50,-10,200,5,30,20,5,-50,-25
c94740cc-11fa-4e85-878a-9055efd3c39c,Residential,R1646_1_1,2,400,200,200,400,0,19.2,513.94452,23.52504,556.66956,0,280844,302.8,212598.908,111.61128,213013.3193,-1500,2,-195,-5,0,-200,50,-20,-49,-1,0,-50,0,1,-2,-28,0,-30,25,-50,-1,-9,0,-10,0,1,2,8,0,10,10,30,1,1,0,2,-75,2,-40,0,0,-40,200,-50,0,0,-50,25,1,30,10,-50,-10,200,5,30,20,5,-50,-25
ef9e880f-7059-4792-925c-6790e0f0f9b0,Residential,R1212_1_1,2,400,200,200,400,0,19.2,513.94452,23.52504,556.66956,0,280844,302.8,212598.908,111.61128,213013.3193,-1500,2,-195,-5,0,-200,50,-20,-49,-1,0,-50,0,1,-2,-28,0,-30,25,-50,-1,-9,0,-10,0,1,2,8,0,10,10,30,1,1,0,2,-75,2,-40,0,0,-40,200,-50,0,0,-50,25,1,30,10,-50,-10,200,5,30,20,5,-50,-25
14197227-c9b7-468f-865e-a6246e5fd71d,Residential,R212_1_1,2,400,200,200,400,0,19.2,513.94452,23.52504,556.66956,0,280844,302.8,212598.908,111.61128,213013.3193,-1500,2,-195,-5,0,-200,50,-20,-49,-1,0,-50,0,1,-2,-28,0,-30,25,-50,-1,-9,0,-10,0,1,2,8,0,10,10,30,1,1,0,2,-75,2,-40,0,0,-40,200,-50,0,0,-50,25,1,30,10,-50,-10,200,5,30,20,5,-50,-25
c4e1a6aa-f2d6-491e-85be-9148b1c8208a,Residential,R245_1_1,2,400,200,200,400,0,19.2,513.94452,23.52504,556.66956,0,280844,302.8,212598.908,111.61128,213013.3193,-1500,2,-195,-5,0,-200,50,-20,-49,-1,0,-50,0,1,-2,-28,0,-30,25,-50,-1,-9,0,-10,0,1,2,8,0,10,10,30,1,1,0,2,-75,2,-40,0,0,-40,200,-50,0,0,-50,25,1,30,10,-50,-10,200,5,30,20,5,-50,-25
3ce9f79f-c521-4ab4-87d6-d5352f283494,Residential,R798_1_1,2,400,200,200,400,0,19.2,513.94452,23.52504,556.66956,0,280844,302.8,212598.908,111.61128,213013.3193,-1500,2,-195,-5,0,-200,50,-20,-49,-1,0,-50,0,1,-2,-28,0,-30,25,-50,-1,-9,0,-10,0,1,2,8,0,10,10,30,1,1,0,2,-75,2,-40,0,0,-40,200,-50,0,0,-50,25,1,30,10,-50,-10,200,5,30,20,5,-50,-25
4214d304-ae9e-40b5-89f5-2edc383c5254,Residential,R908_1_1,2,400,200,200,400,0,19.2,513.94452,23.52504,556.66956,0,280844,302.8,212598.908,111.61128,213013.3193,-1500,2,-195,-5,0,-200,50,-20,-49,-1,0,-50,0,1,-2,-28,0,-30,25,-50,-1,-9,0,-10,0,1,2,8,0,10,10,30,1,1,0,2,-75,2,-40,0,0,-40,200,-50,0,0,-50,25,1,30,10,-50,-10,200,5,30,20,5,-50,-25
112cd441-dfd7-4eb0-a28e-3f3e607a090a,Residential,R1282_1_1,2,400,200,200,400,0,19.2,513.94452,23.52504,556.66956,0,280844,302.8,212598.908,111.61128,213013.3193,-1500,2,-195,-5,0,-200,50,-20,-49,-1,0,-50,0,1,-2,-28,0,-30,25,-50,-1,-9,0,-10,0,1,2,8,0,10,10,30,1,1,0,2,-75,2,-40,0,0,-40,200,-50,0,0,-50,25,1,30,10,-50,-10,200,5,30,20,5,-50,-25
fd4904cb-f315-4d5b-a767-32136c545545,Residential,R1681_1_1,2,400,200,200,400,0,19.2,513.94452,23.52504,556.66956,0,280844,302.8,212598.908,111.61128,213013.3193,-1500,2,-195,-5,0,-200,50,-20,-49,-1,0,-50,0,1,-2,-28,0,-30,25,-50,-1,-9,0,-10,0,1,2,8,0,10,10,30,1,1,0,2,-75,2,-40,0,0,-40,200,-50,0,0,-50,25,1,30,10,-50,-10,200,5,30,20,5,-50,-25
559b586f-4b92-4030-8d5b-245a2f49b6cb,Residential,R44_1_1,2,400,200,200,400,0,19.2,513.94452,23.52504,556.66956,0,280844,302.8,212598.908,111.61128,213013.3193,-1500,2,-195,-5,0,-200,50,-20,-49,-1,0,-50,0,1,-2,-28,0,-30,25,-50,-1,-9,0,-10,0,1,2,8,0,10,10,30,1,1,0,2,-75,2,-40,0,0,-40,200,-50,0,0,-50,25,1,30,10,-50,-10,200,5,30,20,5,-50,-25
d7a7c28c-cfbb-4d63-848d-fac12d8d472b,Residential,R687_1_1,2,400,200,200,400,0,19.2,513.94452,23.52504,556.66956,0,280844,302.8,212598.908,111.61128,213013.3193,-1500,2,-195,-5,0,-200,50,-20,-49,-1,0,-50,0,1,-2,-28,0,-30,25,-50,-1,-9,0,-10,0,1,2,8,0,10,10,30,1,1,0,2,-75,2,-40,0,0,-40,200,-50,0,0,-50,25,1,30,10,-50,-10,200,5,30,20,5,-50,-25
bc48f3ee-9132-4e67-ac49-44e3f9de53d5,Residential,R1909_1_1,2,400,200,200,400,0,19.2,513.94452,23.52504,556.66956,0,280844,302.8,212598.908,111.61128,213013.3193,-1500,2,-195,-5,0,-200,50,-20,-49,-1,0,-50,0,1,-2,-28,0,-30,25,-50,-1,-9,0,-10,0,1,2,8,0,10,10,30,1,1,0,2,-75,2,-40,0,0,-40,200,-50,0,0,-50,25,1,30,10,-50,-10,200,5,30,20,5,-50,-25
4f26b635-e24d-4495-ab09-3be3889db21c,Residential,R1069_1_1,2,400,200,200,400,0,19.2,513.94452,23.52504,556.66956,0,280844,302.8,212598.908,111.61128,213013.3193,-1500,2,-195,-5,0,-200,50,-20,-49,-1,0,-50,0,1,-2,-28,0,-30,25,-50,-1,-9,0,-10,0,1,2,8,0,10,10,30,1,1,0,2,-75,2,-40,0,0,-40,200,-50,0,0,-50,25,1,30,10,-50,-10,200,5,30,20,5,-50,-25
617f27bc-1bc1-4991-ae0f-5c3c9ec5726d,Residential,R244_1_1,2,400,200,200,400,0,19.2,513.94452,23.52504,556.66956,0,280844,302.8,212598.908,111.61128,213013.3193,-1500,2,-195,-5,0,-200,50,-20,-49,-1,0,-50,0,1,-2,-28,0,-30,25,-50,-1,-9,0,-10,0,1,2,8,0,10,10,30,1,1,0,2,-75,2,-40,0,0,-40,200,-50,0,0,-50,25,1,30,10,-50,-10,200,5,30,20,5,-50,-25
4b449d99-10d7-4fc5-92b3-178c88574267,Residential,R2154_1_1,2,400,200,200,400,0,19.2,513.94452,23.52504,556.66956,0,280844,302.8,212598.908,111.61128,213013.3193,-1500,2,-195,-5,0,-200,50,-20,-49,-1,0,-50,0,1,-2,-28,0,-30,25,-50,-1,-9,0,-10,0,1,2,8,0,10,10,30,1,1,0,2,-75,2,-40,0,0,-40,200,-50,0,0,-50,25,1,30,10,-50,-10,200,5,30,20,5,-50,-25
4b09a63c-f2b2-47b0-ac83-fa80c468e5c7,Residential,R898_1_1,2,400,200,200,400,0,19.2,513.94452,23.52504,556.66956,0,280844,302.8,212598.908,111.61128,213013.3193,-1500,2,-195,-5,0,-200,50,-20,-49,-1,0,-50,0,1,-2,-28,0,-30,25,-50,-1,-9,0,-10,0,1,2,8,0,10,10,30,1,1,0,2,-75,2,-40,0,0,-40,200,-50,0,0,-50,25,1,30,10,-50,-10,200,5,30,20,5,-50,-25
2d78ba92-69df-4a47-95fd-cdce9b283b34,Residential,R1853_1_1,2,400,200,200,400,0,19.2,513.94452,23.52504,556.66956,0,280844,302.8,212598.908,111.61128,213013.3193,-1500,2,-195,-5,0,-200,50,-20,-49,-1,0,-50,0,1,-2,-28,0,-30,25,-50,-1,-9,0,-10,0,1,2,8,0,10,10,30,1,1,0,2,-75,2,-40,0,0,-40,200,-50,0,0,-50,25,1,30,10,-50,-10,200,5,30,20,5,-50,-25
8f7a1605-674b-44d9-9fab-baf5499e0ce2,Residential,R355_1_1,2,400,200,200,400,0,19.2,513.94452,23.52504,556.66956,0,280844,302.8,212598.908,111.61128,213013.3193,-1500,2,-195,-5,0,-200,50,-20,-49,-1,0,-50,0,1,-2,-28,0,-30,25,-50,-1,-9,0,-10,0,1,2,8,0,10,10,30,1,1,0,2,-75,2,-40,0,0,-40,200,-50,0,0,-50,25,1,30,10,-50,-10,200,5,30,20,5,-50,-25
6e21afd9-9510-4e8a-a55d-44a1278d9e1b,Residential,R1160_1_1,2,400,200,200,400,0,19.2,513.94452,23.52504,556.66956,0,280844,302.8,212598.908,111.61128,213013.3193,-1500,2,-195,-5,0,-200,50,-20,-49,-1,0,-50,0,1,-2,-28,0,-30,25,-50,-1,-9,0,-10,0,1,2,8,0,10,10,30,1,1,0,2,-75,2,-40,0,0,-40,200,-50,0,0,-50,25,1,30,10,-50,-10,200,5,30,20,5,-50,-25
cda32993-8de8-4160-9f8f-8b2965ed56ed,Residential,R883_1_1,2,400,200,200,400,0,19.2,513.94452,23.52504,556.66956,0,280844,302.8,212598.908,111.61128,213013.3193,-1500,2,-195,-5,0,-200,50,-20,-49,-1,0,-50,0,1,-2,-28,0,-30,25,-50,-1,-9,0,-10,0,1,2,8,0,10,10,30,1,1,0,2,-75,2,-40,0,0,-40,200,-50,0,0,-50,25,1,30,10,-50,-10,200,5,30,20,5,-50,-25
a439d1f8-9983-44d3-a475-a8c450ac6579,Residential,R1874_1_1,2,400,200,200,400,0,19.2,513.94452,23.52504,556.66956,0,280844,302.8,212598.908,111.61128,213013.3193,-1500,2,-195,-5,0,-200,50,-20,-49,-1,0,-50,0,1,-2,-28,0,-30,25,-50,-1,-9,0,-10,0,1,2,8,0,10,10,30,1,1,0,2,-75,2,-40,0,0,-40,200,-50,0,0,-50,25,1,30,10,-50,-10,200,5,30,20,5,-50,-25
8b9ee806-a1f6-42c5-835c-912b3ceabc94,Residential,R2124_1_1,2,400,200,200,400,0,19.2,513.94452,23.52504,556.66956,0,280844,302.8,212598.908,111.61128,213013.3193,-1500,2,-195,-5,0,-200,50,-20,-49,-1,0,-50,0,1,-2,-28,0,-30,25,-50,-1,-9,0,-10,0,1,2,8,0,10,10,30,1,1,0,2,-75,2,-40,0,0,-40,200,-50,0,0,-50,25,1,30,10,-50,-10,200,5,30,20,5,-50,-25
b9a17c9f-4970-4887-8cca-f4e2ef3e359f,Residential,R2103_1_1,2,400,200,200,400,0,19.2,513.94452,23.52504,556.66956,0,280844,302.8,212598.908,111.61128,213013.3193,-1500,2,-195,-5,0,-200,50,-20,-49,-1,0,-50,0,1,-2,-28,0,-30,25,-50,-1,-9,0,-10,0,1,2,8,0,10,10,30,1,1,0,2,-75,2,-40,0,0,-40,200,-50,0,0,-50,25,1,30,10,-50,-10,200,5,30,20,5,-50,-25
163ee0e4-ab60-4e78-809a-a8720ddd9eba,Residential,R801_1_1,2,400,200,200,400,0,19.2,513.94452,23.52504,556.66956,0,280844,302.8,212598.908,111.61128,213013.3193,-1500,2,-195,-5,0,-200,50,-20,-49,-1,0,-50,0,1,-2,-28,0,-30,25,-50,-1,-9,0,-10,0,1,2,8,0,10,10,30,1,1,0,2,-75,2,-40,0,0,-40,200,-50,0,0,-50,25,1,30,10,-50,-10,200,5,30,20,5,-50,-25
090ded14-5b61-472c-b4bf-4af0b0f620d0,Residential,R761_1_1,2,400,200,200,400,0,19.2,513.94452,23.52504,556.66956,0,280844,302.8,212598.908,111.61128,213013.3193,-1500,2,-195,-5,0,-200,50,-20,-49,-1,0,-50,0,1,-2,-28,0,-30,25,-50,-1,-9,0,-10,0,1,2,8,0,10,10,30,1,1,0,2,-75,2,-40,0,0,-40,200,-50,0,0,-50,25,1,30,10,-50,-10,200,5,30,20,5,-50,-25
a1dc8793-d19a-449d-9adc-ae6aae45924f,Residential,R1221_1_1,2,400,200,200,400,0,19.2,513.94452,23.52504,556.66956,0,280844,302.8,212598.908,111.61128,213013.3193,-1500,2,-195,-5,0,-200,50,-20,-49,-1,0,-50,0,1,-2,-28,0,-30,25,-50,-1,-9,0,-10,0,1,2,8,0,10,10,30,1,1,0,2,-75,2,-40,0,0,-40,200,-50,0,0,-50,25,1,30,10,-50,-10,200,5,30,20,5,-50,-25
05ebcbc5-3a8f-4325-b26a-b3d9de9c9306,Residential,R6_1_1,2,400,200,200,400,0,19.2,513.94452,23.52504,556.66956,0,280844,302.8,212598.908,111.61128,213013.3193,-1500,2,-195,-5,0,-200,50,-20,-49,-1,0,-50,0,1,-2,-28,0,-30,25,-50,-1,-9,0,-10,0,1,2,8,0,10,10,30,1,1,0,2,-75,2,-40,0,0,-40,200,-50,0,0,-50,25,1,30,10,-50,-10,200,5,30,20,5,-50,-25
83f7f554-caf0-40da-89b0-9e15a621234a,Residential,R1739_1_1,2,400,200,200,400,0,19.2,513.94452,23.52504,556.66956,0,280844,302.8,212598.908,111.61128,213013.3193,-1500,2,-195,-5,0,-200,50,-20,-49,-1,0,-50,0,1,-2,-28,0,-30,25,-50,-1,-9,0,-10,0,1,2,8,0,10,10,30,1,1,0,2,-75,2,-40,0,0,-40,200,-50,0,0,-50,25,1,30,10,-50,-10,200,5,30,20,5,-50,-25
75598736-90de-468c-809d-48060e1eab3c,Residential,R87_1_1,2,400,200,200,400,0,19.2,513.94452,23.52504,556.66956,0,280844,302.8,212598.908,111.61128,213013.3193,-1500,2,-195,-5,0,-200,50,-20,-49,-1,0,-50,0,1,-2,-28,0,-30,25,-50,-1,-9,0,-10,0,1,2,8,0,10,10,30,1,1,0,2,-75,2,-40,0,0,-40,200,-50,0,0,-50,25,1,30,10,-50,-10,200,5,30,20,5,-50,-25
dbe80530-e4a6-4b36-a1df-ffa5ed4e15ca,Residential,R1385_1_1,2,400,200,200,400,0,19.2,513.94452,23.52504,556.66956,0,280844,302.8,212598.908,111.61128,213013.3193,-1500,2,-195,-5,0,-200,50,-20,-49,-1,0,-50,0,1,-2,-28,0,-30,25,-50,-1,-9,0,-10,0,1,2,8,0,10,10,30,1,1,0,2,-75,2,-40,0,0,-40,200,-50,0,0,-50,25,1,30,10,-50,-10,200,5,30,20,5,-50,-25
80dcf63b-1af1-4ed4-8821-fb323095dd23,Residential,R1051_1_1,2,400,200,200,400,0,19.2,513.94452,23.52504,556.66956,0,280844,302.8,212598.908,111.61128,213013.3193,-1500,2,-195,-5,0,-200,50,-20,-49,-1,0,-50,0,1,-2,-28,0,-30,25,-50,-1,-9,0,-10,0,1,2,8,0,10,10,30,1,1,0,2,-75,2,-40,0,0,-40,200,-50,0,0,-50,25,1,30,10,-50,-10,200,5,30,20,5,-50,-25
1abee157-4d06-454a-b79e-95d41519b5d7,Residential,R1836_1_1,2,400,200,200,400,0,19.2,513.94452,23.52504,556.66956,0,280844,302.8,212598.908,111.61128,213013.3193,-1500,2,-195,-5,0,-200,50,-20,-49,-1,0,-50,0,1,-2,-28,0,-30,25,-50,-1,-9,0,-10,0,1,2,8,0,10,10,30,1,1,0,2,-75,2,-40,0,0,-40,200,-50,0,0,-50,25,1,30,10,-50,-10,200,5,30,20,5,-50,-25
aa1afde8-0b85-42e3-b8c5-1d38e219bd13,Residential,R366_1_1,2,400,200,200,400,0,19.2,513.94452,23.52504,556.66956,0,280844,302.8,212598.908,111.61128,213013.3193,-1500,2,-195,-5,0,-200,50,-20,-49,-1,0,-50,0,1,-2,-28,0,-30,25,-50,-1,-9,0,-10,0,1,2,8,0,10,10,30,1,1,0,2,-75,2,-40,0,0,-40,200,-50,0,0,-50,25,1,30,10,-50,-10,200,5,30,20,5,-50,-25
5786ba26-6fdf-417c-860a-e2c3d3daec22,Residential,R1693_1_1,2,400,200,200,400,0,19.2,513.94452,23.52504,556.66956,0,280844,302.8,212598.908,111.61128,213013.3193,-1500,2,-195,-5,0,-200,50,-20,-49,-1,0,-50,0,1,-2,-28,0,-30,25,-50,-1,-9,0,-10,0,1,2,8,0,10,10,30,1,1,0,2,-75,2,-40,0,0,-40,200,-50,0,0,-50,25,1,30,10,-50,-10,200,5,30,20,5,-50,-25
34c3be53-024b-4ec8-8b81-a3e6b5cc6b2f,Residential,R1506_1_1,2,400,200,200,400,0,19.2,513.94452,23.52504,556.66956,0,280844,302.8,212598.908,111.61128,213013.3193,-1500,2,-195,-5,0,-200,50,-20,-49,-1,0,-50,0,1,-2,-28,0,-30,25,-50,-1,-9,0,-10,0,1,2,8,0,10,10,30,1,1,0,2,-75,2,-40,0,0,-40,200,-50,0,0,-50,25,1,30,10,-50,-10,200,5,30,20,5,-50,-25
28587fea-b3c8-4035-8797-10bee39b10ed,Residential,R2035_1_1,2,400,200,200,400,0,19.2,513.94452,23.52504,556.66956,0,280844,302.8,212598.908,111.61128,213013.3193,-1500,2,-195,-5,0,-200,50,-20,-49,-1,0,-50,0,1,-2,-28,0,-30,25,-50,-1,-9,0,-10,0,1,2,8,0,10,10,30,1,1,0,2,-75,2,-40,0,0,-40,200,-50,0,0,-50,25,1,30,10,-50,-10,200,5,30,20,5,-50,-25
a32a030e-f6df-4c62-a621-3c268221e9da,Residential,R1238_1_1,2,400,200,200,400,0,19.2,513.94452,23.52504,556.66956,0,280844,302.8,212598.908,111.61128,213013.3193,-1500,2,-195,-5,0,-200,50,-20,-49,-1,0,-50,0,1,-2,-28,0,-30,25,-50,-1,-9,0,-10,0,1,2,8,0,10,10,30,1,1,0,2,-75,2,-40,0,0,-40,200,-50,0,0,-50,25,1,30,10,-50,-10,200,5,30,20,5,-50,-25
5b4f2ea5-f2ef-488d-af02-35f7a89a477c,Residential,R2067_1_1,2,400,200,200,400,0,19.2,513.94452,23.52504,556.66956,0,280844,302.8,212598.908,111.61128,213013.3193,-1500,2,-195,-5,0,-200,50,-20,-49,-1,0,-50,0,1,-2,-28,0,-30,25,-50,-1,-9,0,-10,0,1,2,8,0,10,10,30,1,1,0,2,-75,2,-40,0,0,-40,200,-50,0,0,-50,25,1,30,10,-50,-10,200,5,30,20,5,-50,-25
1bce7513-13db-4969-bae3-cce7fc1d6c0a,Residential,R1134_1_1,2,400,200,200,400,0,19.2,513.94452,23.52504,556.66956,0,280844,302.8,212598.908,111.61128,213013.3193,-1500,2,-195,-5,0,-200,50,-20,-49,-1,0,-50,0,1,-2,-28,0,-30,25,-50,-1,-9,0,-10,0,1,2,8,0,10,10,30,1,1,0,2,-75,2,-40,0,0,-40,200,-50,0,0,-50,25,1,30,10,-50,-10,200,5,30,20,5,-50,-25
4626ee3b-f0f3-441a-8723-404093b0a784,Residential,R352_1_1,2,400,200,200,400,0,19.2,513.94452,23.52504,556.66956,0,280844,302.8,212598.908,111.61128,213013.3193,-1500,2,-195,-5,0,-200,50,-20,-49,-1,0,-50,0,1,-2,-28,0,-30,25,-50,-1,-9,0,-10,0,1,2,8,0,10,10,30,1,1,0,2,-75,2,-40,0,0,-40,200,-50,0,0,-50,25,1,30,10,-50,-10,200,5,30,20,5,-50,-25
dad9b305-03fe-4e44-b302-b18d2589790e,Residential,R2011_1_1,2,400,200,200,400,0,19.2,513.94452,23.52504,556.66956,0,280844,302.8,212598.908,111.61128,213013.3193,-1500,2,-195,-5,0,-200,50,-20,-49,-1,0,-50,0,1,-2,-28,0,-30,25,-50,-1,-9,0,-10,0,1,2,8,0,10,10,30,1,1,0,2,-75,2,-40,0,0,-40,200,-50,0,0,-50,25,1,30,10,-50,-10,200,5,30,20,5,-50,-25
b187f64c-628a-46f2-973e-b896522bc573,Residential,R738_1_1,2,400,200,200,400,0,19.2,513.94452,23.52504,556.66956,0,280844,302.8,212598.908,111.61128,213013.3193,-1500,2,-195,-5,0,-200,50,-20,-49,-1,0,-50,0,1,-2,-28,0,-30,25,-50,-1,-9,0,-10,0,1,2,8,0,10,10,30,1,1,0,2,-75,2,-40,0,0,-40,200,-50,0,0,-50,25,1,30,10,-50,-10,200,5,30,20,5,-50,-25
c3dd58a9-98ae-4660-8245-1d119c4c193f,Residential,R794_1_1,2,400,200,200,400,0,19.2,513.94452,23.52504,556.66956,0,280844,302.8,212598.908,111.61128,213013.3193,-1500,2,-195,-5,0,-200,50,-20,-49,-1,0,-50,0,1,-2,-28,0,-30,25,-50,-1,-9,0,-10,0,1,2,8,0,10,10,30,1,1,0,2,-75,2,-40,0,0,-40,200,-50,0,0,-50,25,1,30,10,-50,-10,200,5,30,20,5,-50,-25
5888f366-ad5e-484d-9a6c-de961b328fc5,Residential,R1662_1_1,2,400,200,200,400,0,19.2,513.94452,23.52504,556.66956,0,280844,302.8,212598.908,111.61128,213013.3193,-1500,2,-195,-5,0,-200,50,-20,-49,-1,0,-50,0,1,-2,-28,0,-30,25,-50,-1,-9,0,-10,0,1,2,8,0,10,10,30,1,1,0,2,-75,2,-40,0,0,-40,200,-50,0,0,-50,25,1,30,10,-50,-10,200,5,30,20,5,-50,-25
fc78e3f4-7560-4e6d-bb7a-3a36da065ef7,Residential,R1464_1_1,2,400,200,200,400,0,19.2,513.94452,23.52504,556.66956,0,280844,302.8,212598.908,111.61128,213013.3193,-1500,2,-195,-5,0,-200,50,-20,-49,-1,0,-50,0,1,-2,-28,0,-30,25,-50,-1,-9,0,-10,0,1,2,8,0,10,10,30,1,1,0,2,-75,2,-40,0,0,-40,200,-50,0,0,-50,25,1,30,10,-50,-10,200,5,30,20,5,-50,-25
695386f9-42b4-4ebc-a3e5-f7c80aefa2a4,Residential,R641_1_1,2,400,200,200,400,0,19.2,513.94452,23.52504,556.66956,0,280844,302.8,212598.908,111.61128,213013.3193,-1500,2,-195,-5,0,-200,50,-20,-49,-1,0,-50,0,1,-2,-28,0,-30,25,-50,-1,-9,0,-10,0,1,2,8,0,10,10,30,1,1,0,2,-75,2,-40,0,0,-40,200,-50,0,0,-50,25,1,30,10,-50,-10,200,5,30,20,5,-50,-25
c8acf24f-348c-4518-866c-80451393b725,Residential,R991_1_1,2,400,200,200,400,0,19.2,513.94452,23.52504,556.66956,0,280844,302.8,212598.908,111.61128,213013.3193,-1500,2,-195,-5,0,-200,50,-20,-49,-1,0,-50,0,1,-2,-28,0,-30,25,-50,-1,-9,0,-10,0,1,2,8,0,10,10,30,1,1,0,2,-75,2,-40,0,0,-40,200,-50,0,0,-50,25,1,30,10,-50,-10,200,5,30,20,5,-50,-25
f032ca51-906f-4750-9914-0c70652b4553,Residential,R719_1_1,2,400,200,200,400,0,19.2,513.94452,23.52504,556.66956,0,280844,302.8,212598.908,111.61128,213013.3193,-1500,2,-195,-5,0,-200,50,-20,-49,-1,0,-50,0,1,-2,-28,0,-30,25,-50,-1,-9,0,-10,0,1,2,8,0,10,10,30,1,1,0,2,-75,2,-40,0,0,-40,200,-50,0,0,-50,25,1,30,10,-50,-10,200,5,30,20,5,-50,-25
f01f8c44-f753-471d-acfa-01da1538bd56,Residential,R1487_1_1,2,400,200,200,400,0,19.2,513.94452,23.52504,556.66956,0,280844,302.8,212598.908,111.61128,213013.3193,-1500,2,-195,-5,0,-200,50,-20,-49,-1,0,-50,0,1,-2,-28,0,-30,25,-50,-1,-9,0,-10,0,1,2,8,0,10,10,30,1,1,0,2,-75,2,-40,0,0,-40,200,-50,0,0,-50,25,1,30,10,-50,-10,200,5,30,20,5,-50,-25
44356798-4bf5-4b5f-b5fd-538d8199f2fe,Residential,R1414_1_1,2,400,200,200,400,0,19.2,513.94452,23.52504,556.66956,0,280844,302.8,212598.908,111.61128,213013.3193,-1500,2,-195,-5,0,-200,50,-20,-49,-1,0,-50,0,1,-2,-28,0,-30,25,-50,-1,-9,0,-10,0,1,2,8,0,10,10,30,1,1,0,2,-75,2,-40,0,0,-40,200,-50,0,0,-50,25,1,30,10,-50,-10,200,5,30,20,5,-50,-25
2dc4420e-764a-4a2f-aeff-43496b99020a,Residential,R1120_1_1,2,400,200,200,400,0,19.2,513.94452,23.52504,556.66956,0,280844,302.8,212598.908,111.61128,213013.3193,-1500,2,-195,-5,0,-200,50,-20,-49,-1,0,-50,0,1,-2,-28,0,-30,25,-50,-1,-9,0,-10,0,1,2,8,0,10,10,30,1,1,0,2,-75,2,-40,0,0,-40,200,-50,0,0,-50,25,1,30,10,-50,-10,200,5,30,20,5,-50,-25
6c0414ba-4f4a-43fb-a1a6-30afde790f66,Residential,R1261_1_1,2,400,200,200,400,0,19.2,513.94452,23.52504,556.66956,0,280844,302.8,212598.908,111.61128,213013.3193,-1500,2,-195,-5,0,-200,50,-20,-49,-1,0,-50,0,1,-2,-28,0,-30,25,-50,-1,-9,0,-10,0,1,2,8,0,10,10,30,1,1,0,2,-75,2,-40,0,0,-40,200,-50,0,0,-50,25,1,30,10,-50,-10,200,5,30,20,5,-50,-25
16d05222-a663-4683-8941-1444ec5d2dec,Residential,R427_1_1,2,400,200,200,400,0,19.2,513.94452,23.52504,556.66956,0,280844,302.8,212598.908,111.61128,213013.3193,-1500,2,-195,-5,0,-200,50,-20,-49,-1,0,-50,0,1,-2,-28,0,-30,25,-50,-1,-9,0,-10,0,1,2,8,0,10,10,30,1,1,0,2,-75,2,-40,0,0,-40,200,-50,0,0,-50,25,1,30,10,-50,-10,200,5,30,20,5,-50,-25
b73d5830-d3a9-46ad-a86c-4bed2460209c,Residential,R1380_1_1,2,400,200,200,400,0,19.2,513.94452,23.52504,556.66956,0,280844,302.8,212598.908,111.61128,213013.3193,-1500,2,-195,-5,0,-200,50,-20,-49,-1,0,-50,0,1,-2,-28,0,-30,25,-50,-1,-9,0,-10,0,1,2,8,0,10,10,30,1,1,0,2,-75,2,-40,0,0,-40,200,-50,0,0,-50,25,1,30,10,-50,-10,200,5,30,20,5,-50,-25
e6878d2c-2ca6-438c-9dcb-09b4899913b9,Residential,R1582_1_1,2,400,200,200,400,0,19.2,513.94452,23.52504,556.66956,0,280844,302.8,212598.908,111.61128,213013.3193,-1500,2,-195,-5,0,-200,50,-20,-49,-1,0,-50,0,1,-2,-28,0,-30,25,-50,-1,-9,0,-10,0,1,2,8,0,10,10,30,1,1,0,2,-75,2,-40,0,0,-40,200,-50,0,0,-50,25,1,30,10,-50,-10,200,5,30,20,5,-50,-25
8874292c-8977-4af8-bb85-5dadd8e9ed43,Residential,R359_1_1,2,400,200,200,400,0,19.2,513.94452,23.52504,556.66956,0,280844,302.8,212598.908,111.61128,213013.3193,-1500,2,-195,-5,0,-200,50,-20,-49,-1,0,-50,0,1,-2,-28,0,-30,25,-50,-1,-9,0,-10,0,1,2,8,0,10,10,30,1,1,0,2,-75,2,-40,0,0,-40,200,-50,0,0,-50,25,1,30,10,-50,-10,200,5,30,20,5,-50,-25
5cb2ad06-a300-4fa7-9aac-eb85fe35c175,Residential,R842_1_1,2,400,200,200,400,0,19.2,513.94452,23.52504,556.66956,0,280844,302.8,212598.908,111.61128,213013.3193,-1500,2,-195,-5,0,-200,50,-20,-49,-1,0,-50,0,1,-2,-28,0,-30,25,-50,-1,-9,0,-10,0,1,2,8,0,10,10,30,1,1,0,2,-75,2,-40,0,0,-40,200,-50,0,0,-50,25,1,30,10,-50,-10,200,5,30,20,5,-50,-25
63e18959-4d91-4782-8542-0cf82e7f4975,Residential,R1426_1_1,2,400,200,200,400,0,19.2,513.94452,23.52504,556.66956,0,280844,302.8,212598.908,111.61128,213013.3193,-1500,2,-195,-5,0,-200,50,-20,-49,-1,0,-50,0,1,-2,-28,0,-30,25,-50,-1,-9,0,-10,0,1,2,8,0,10,10,30,1,1,0,2,-75,2,-40,0,0,-40,200,-50,0,0,-50,25,1,30,10,-50,-10,200,5,30,20,5,-50,-25
09568b98-d901-496a-b400-21ccd4dfac58,Residential,R409_1_1,2,400,200,200,400,0,19.2,513.94452,23.52504,556.66956,0,280844,302.8,212598.908,111.61128,213013.3193,-1500,2,-195,-5,0,-200,50,-20,-49,-1,0,-50,0,1,-2,-28,0,-30,25,-50,-1,-9,0,-10,0,1,2,8,0,10,10,30,1,1,0,2,-75,2,-40,0,0,-40,200,-50,0,0,-50,25,1,30,10,-50,-10,200,5,30,20,5,-50,-25
c22b29c8-1f38-4a7e-bf88-ff336c25bfbd,Residential,R317_1_1,2,400,200,200,400,0,19.2,513.94452,23.52504,556.66956,0,280844,302.8,212598.908,111.61128,213013.3193,-1500,2,-195,-5,0,-200,50,-20,-49,-1,0,-50,0,1,-2,-28,0,-30,25,-50,-1,-9,0,-10,0,1,2,8,0,10,10,30,1,1,0,2,-75,2,-40,0,0,-40,200,-50,0,0,-50,25,1,30,10,-50,-10,200,5,30,20,5,-50,-25
afa485e5-611f-4ac1-bd8c-7f966a688805,Residential,R824_1_1,2,400,200,200,400,0,19.2,513.94452,23.52504,556.66956,0,280844,302.8,212598.908,111.61128,213013.3193,-1500,2,-195,-5,0,-200,50,-20,-49,-1,0,-50,0,1,-2,-28,0,-30,25,-50,-1,-9,0,-10,0,1,2,8,0,10,10,30,1,1,0,2,-75,2,-40,0,0,-40,200,-50,0,0,-50,25,1,30,10,-50,-10,200,5,30,20,5,-50,-25
c3f981fa-682f-42da-87e4-308de6357e9c,Residential,R1228_1_1,2,400,200,200,400,0,19.2,513.94452,23.52504,556.66956,0,280844,302.8,212598.908,111.61128,213013.3193,-1500,2,-195,-5,0,-200,50,-20,-49,-1,0,-50,0,1,-2,-28,0,-30,25,-50,-1,-9,0,-10,0,1,2,8,0,10,10,30,1,1,0,2,-75,2,-40,0,0,-40,200,-50,0,0,-50,25,1,30,10,-50,-10,200,5,30,20,5,-50,-25
9ef59b0e-eece-4570-9cb9-e009b5b79aeb,Residential,R1722_1_1,2,400,200,200,400,0,19.2,513.94452,23.52504,556.66956,0,280844,302.8,212598.908,111.61128,213013.3193,-1500,2,-195,-5,0,-200,50,-20,-49,-1,0,-50,0,1,-2,-28,0,-30,25,-50,-1,-9,0,-10,0,1,2,8,0,10,10,30,1,1,0,2,-75,2,-40,0,0,-40,200,-50,0,0,-50,25,1,30,10,-50,-10,200,5,30,20,5,-50,-25
c48a5885-63ab-4774-b655-49a1ed99884a,Residential,R555_1_1,2,400,200,200,400,0,19.2,513.94452,23.52504,556.66956,0,280844,302.8,212598.908,111.61128,213013.3193,-1500,2,-195,-5,0,-200,50,-20,-49,-1,0,-50,0,1,-2,-28,0,-30,25,-50,-1,-9,0,-10,0,1,2,8,0,10,10,30,1,1,0,2,-75,2,-40,0,0,-40,200,-50,0,0,-50,25,1,30,10,-50,-10,200,5,30,20,5,-50,-25
13dd95ee-ee77-4608-b719-531885efcc57,Residential,R394_1_1,2,400,200,200,400,0,19.2,513.94452,23.52504,556.66956,0,280844,302.8,212598.908,111.61128,213013.3193,-1500,2,-195,-5,0,-200,50,-20,-49,-1,0,-50,0,1,-2,-28,0,-30,25,-50,-1,-9,0,-10,0,1,2,8,0,10,10,30,1,1,0,2,-75,2,-40,0,0,-40,200,-50,0,0,-50,25,1,30,10,-50,-10,200,5,30,20,5,-50,-25
71f6ccee-a78c-4a02-ba45-8998adb62815,Residential,R1735_1_1,2,400,200,200,400,0,19.2,513.94452,23.52504,556.66956,0,280844,302.8,212598.908,111.61128,213013.3193,-1500,2,-195,-5,0,-200,50,-20,-49,-1,0,-50,0,1,-2,-28,0,-30,25,-50,-1,-9,0,-10,0,1,2,8,0,10,10,30,1,1,0,2,-75,2,-40,0,0,-40,200,-50,0,0,-50,25,1,30,10,-50,-10,200,5,30,20,5,-50,-25
a8c6011e-d950-41ac-85ad-2782496de039,Residential,R1526_1_1,2,400,200,200,400,0,19.2,513.94452,23.52504,556.66956,0,280844,302.8,212598.908,111.61128,213013.3193,-1500,2,-195,-5,0,-200,50,-20,-49,-1,0,-50,0,1,-2,-28,0,-30,25,-50,-1,-9,0,-10,0,1,2,8,0,10,10,30,1,1,0,2,-75,2,-40,0,0,-40,200,-50,0,0,-50,25,1,30,10,-50,-10,200,5,30,20,5,-50,-25
dd5d4da4-9925-4a66-b569-a1829714756d,Residential,R530_1_1,2,400,200,200,400,0,19.2,513.94452,23.52504,556.66956,0,280844,302.8,212598.908,111.61128,213013.3193,-1500,2,-195,-5,0,-200,50,-20,-49,-1,0,-50,0,1,-2,-28,0,-30,25,-50,-1,-9,0,-10,0,1,2,8,0,10,10,30,1,1,0,2,-75,2,-40,0,0,-40,200,-50,0,0,-50,25,1,30,10,-50,-10,200,5,30,20,5,-50,-25
fbc7a8e6-9fbc-4ba0-ac97-3c6fe5db9c7e,Residential,R256_1_1,2,400,200,200,400,0,19.2,513.94452,23.52504,556.66956,0,280844,302.8,212598.908,111.61128,213013.3193,-1500,2,-195,-5,0,-200,50,-20,-49,-1,0,-50,0,1,-2,-28,0,-30,25,-50,-1,-9,0,-10,0,1,2,8,0,10,10,30,1,1,0,2,-75,2,-40,0,0,-40,200,-50,0,0,-50,25,1,30,10,-50,-10,200,5,30,20,5,-50,-25
9d18cba2-4e8e-4f56-8d36-4af6f9ac1477,Residential,R2076_1_1,2,400,200,200,400,0,19.2,513.94452,23.52504,556.66956,0,280844,302.8,212598.908,111.61128,213013.3193,-1500,2,-195,-5,0,-200,50,-20,-49,-1,0,-50,0,1,-2,-28,0,-30,25,-50,-1,-9,0,-10,0,1,2,8,0,10,10,30,1,1,0,2,-75,2,-40,0,0,-40,200,-50,0,0,-50,25,1,30,10,-50,-10,200,5,30,20,5,-50,-25
c640b303-cfda-4763-9a6a-c26218c0e08d,Residential,R1622_1_1,2,400,200,200,400,0,19.2,513.94452,23.52504,556.66956,0,280844,302.8,212598.908,111.61128,213013.3193,-1500,2,-195,-5,0,-200,50,-20,-49,-1,0,-50,0,1,-2,-28,0,-30,25,-50,-1,-9,0,-10,0,1,2,8,0,10,10,30,1,1,0,2,-75,2,-40,0,0,-40,200,-50,0,0,-50,25,1,30,10,-50,-10,200,5,30,20,5,-50,-25
5ea93504-c3cb-48fe-a1ab-9d5fb9f801f7,Residential,R2058_1_1,2,400,200,200,400,0,19.2,513.94452,23.52504,556.66956,0,280844,302.8,212598.908,111.61128,213013.3193,-1500,2,-195,-5,0,-200,50,-20,-49,-1,0,-50,0,1,-2,-28,0,-30,25,-50,-1,-9,0,-10,0,1,2,8,0,10,10,30,1,1,0,2,-75,2,-40,0,0,-40,200,-50,0,0,-50,25,1,30,10,-50,-10,200,5,30,20,5,-50,-25
59f44dcb-eded-4e8d-9c4d-122142f6f5d9,Residential,R749_1_1,2,400,200,200,400,0,19.2,513.94452,23.52504,556.66956,0,280844,302.8,212598.908,111.61128,213013.3193,-1500,2,-195,-5,0,-200,50,-20,-49,-1,0,-50,0,1,-2,-28,0,-30,25,-50,-1,-9,0,-10,0,1,2,8,0,10,10,30,1,1,0,2,-75,2,-40,0,0,-40,200,-50,0,0,-50,25,1,30,10,-50,-10,200,5,30,20,5,-50,-25
6b75b5a7-63bb-463d-becc-52e557438b69,Residential,R896_1_1,2,400,200,200,400,0,19.2,513.94452,23.52504,556.66956,0,280844,302.8,212598.908,111.61128,213013.3193,-1500,2,-195,-5,0,-200,50,-20,-49,-1,0,-50,0,1,-2,-28,0,-30,25,-50,-1,-9,0,-10,0,1,2,8,0,10,10,30,1,1,0,2,-75,2,-40,0,0,-40,200,-50,0,0,-50,25,1,30,10,-50,-10,200,5,30,20,5,-50,-25
d0823d52-8cf2-4396-98f5-6e66f428eeed,Residential,R34_1_1,2,400,200,200,400,0,19.2,513.94452,23.52504,556.66956,0,280844,302.8,212598.908,111.61128,213013.3193,-1500,2,-195,-5,0,-200,50,-20,-49,-1,0,-50,0,1,-2,-28,0,-30,25,-50,-1,-9,0,-10,0,1,2,8,0,10,10,30,1,1,0,2,-75,2,-40,0,0,-40,200,-50,0,0,-50,25,1,30,10,-50,-10,200,5,30,20,5,-50,-25
5d4a8f03-d4d6-4484-9eaa-016812073be1,Residential,R1754_1_1,2,400,200,200,400,0,19.2,513.94452,23.52504,556.66956,0,280844,302.8,212598.908,111.61128,213013.3193,-1500,2,-195,-5,0,-200,50,-20,-49,-1,0,-50,0,1,-2,-28,0,-30,25,-50,-1,-9,0,-10,0,1,2,8,0,10,10,30,1,1,0,2,-75,2,-40,0,0,-40,200,-50,0,0,-50,25,1,30,10,-50,-10,200,5,30,20,5,-50,-25
903dc401-58a5-4178-8c58-7c2116e9d676,Residential,R1361_1_1,2,400,200,200,400,0,19.2,513.94452,23.52504,556.66956,0,280844,302.8,212598.908,111.61128,213013.3193,-1500,2,-195,-5,0,-200,50,-20,-49,-1,0,-50,0,1,-2,-28,0,-30,25,-50,-1,-9,0,-10,0,1,2,8,0,10,10,30,1,1,0,2,-75,2,-40,0,0,-40,200,-50,0,0,-50,25,1,30,10,-50,-10,200,5,30,20,5,-50,-25
45438f0f-2f4d-412e-b326-ccd7bcc15813,Residential,R2168_1_1,2,400,200,200,400,0,19.2,513.94452,23.52504,556.66956,0,280844,302.8,212598.908,111.61128,213013.3193,-1500,2,-195,-5,0,-200,50,-20,-49,-1,0,-50,0,1,-2,-28,0,-30,25,-50,-1,-9,0,-10,0,1,2,8,0,10,10,30,1,1,0,2,-75,2,-40,0,0,-40,200,-50,0,0,-50,25,1,30,10,-50,-10,200,5,30,20,5,-50,-25
59d50bf5-2720-4450-961e-0e0bd7ace67e,Residential,R685_1_1,2,400,200,200,400,0,19.2,513.94452,23.52504,556.66956,0,280844,302.8,212598.908,111.61128,213013.3193,-1500,2,-195,-5,0,-200,50,-20,-49,-1,0,-50,0,1,-2,-28,0,-30,25,-50,-1,-9,0,-10,0,1,2,8,0,10,10,30,1,1,0,2,-75,2,-40,0,0,-40,200,-50,0,0,-50,25,1,30,10,-50,-10,200,5,30,20,5,-50,-25
d3f22721-9715-4cbf-864d-32a1f3d4bb90,Residential,R96_1_1,2,400,200,200,400,0,19.2,513.94452,23.52504,556.66956,0,280844,302.8,212598.908,111.61128,213013.3193,-1500,2,-195,-5,0,-200,50,-20,-49,-1,0,-50,0,1,-2,-28,0,-30,25,-50,-1,-9,0,-10,0,1,2,8,0,10,10,30,1,1,0,2,-75,2,-40,0,0,-40,200,-50,0,0,-50,25,1,30,10,-50,-10,200,5,30,20,5,-50,-25
6201b895-71dd-4f18-bd8a-d5a39f56d8d5,Residential,R471_1_1,2,400,200,200,400,0,19.2,513.94452,23.52504,556.66956,0,280844,302.8,212598.908,111.61128,213013.3193,-1500,2,-195,-5,0,-200,50,-20,-49,-1,0,-50,0,1,-2,-28,0,-30,25,-50,-1,-9,0,-10,0,1,2,8,0,10,10,30,1,1,0,2,-75,2,-40,0,0,-40,200,-50,0,0,-50,25,1,30,10,-50,-10,200,5,30,20,5,-50,-25
31677811-216b-436f-8b31-e89e71688752,Residential,R2049_1_1,2,400,200,200,400,0,19.2,513.94452,23.52504,556.66956,0,280844,302.8,212598.908,111.61128,213013.3193,-1500,2,-195,-5,0,-200,50,-20,-49,-1,0,-50,0,1,-2,-28,0,-30,25,-50,-1,-9,0,-10,0,1,2,8,0,10,10,30,1,1,0,2,-75,2,-40,0,0,-40,200,-50,0,0,-50,25,1,30,10,-50,-10,200,5,30,20,5,-50,-25
6e8ff93d-991c-4b8d-8205-ab8b9da40e69,Residential,R14_1_1,2,400,200,200,400,0,19.2,513.94452,23.52504,556.66956,0,280844,302.8,212598.908,111.61128,213013.3193,-1500,2,-195,-5,0,-200,50,-20,-49,-1,0,-50,0,1,-2,-28,0,-30,25,-50,-1,-9,0,-10,0,1,2,8,0,10,10,30,1,1,0,2,-75,2,-40,0,0,-40,200,-50,0,0,-50,25,1,30,10,-50,-10,200,5,30,20,5,-50,-25
1df18798-408a-4931-8df1-c21524f50875,Residential,R5_1_1,2,400,200,200,400,0,19.2,513.94452,23.52504,556.66956,0,280844,302.8,212598.908,111.61128,213013.3193,-1500,2,-195,-5,0,-200,50,-20,-49,-1,0,-50,0,1,-2,-28,0,-30,25,-50,-1,-9,0,-10,0,1,2,8,0,10,10,30,1,1,0,2,-75,2,-40,0,0,-40,200,-50,0,0,-50,25,1,30,10,-50,-10,200,5,30,20,5,-50,-25
b2ff5f90-3ba7-4547-bc86-98bcd847a23b,Residential,R1314_1_1,2,400,200,200,400,0,19.2,513.94452,23.52504,556.66956,0,280844,302.8,212598.908,111.61128,213013.3193,-1500,2,-195,-5,0,-200,50,-20,-49,-1,0,-50,0,1,-2,-28,0,-30,25,-50,-1,-9,0,-10,0,1,2,8,0,10,10,30,1,1,0,2,-75,2,-40,0,0,-40,200,-50,0,0,-50,25,1,30,10,-50,-10,200,5,30,20,5,-50,-25
a26a7d0d-a0b0-4f44-b729-5172c2d19f40,Residential,R1247_1_1,2,400,200,200,400,0,19.2,513.94452,23.52504,556.66956,0,280844,302.8,212598.908,111.61128,213013.3193,-1500,2,-195,-5,0,-200,50,-20,-49,-1,0,-50,0,1,-2,-28,0,-30,25,-50,-1,-9,0,-10,0,1,2,8,0,10,10,30,1,1,0,2,-75,2,-40,0,0,-40,200,-50,0,0,-50,25,1,30,10,-50,-10,200,5,30,20,5,-50,-25
6bce3a10-debb-45cf-9b23-b07e9397c71e,Residential,R1550_1_1,2,400,200,200,400,0,19.2,513.94452,23.52504,556.66956,0,280844,302.8,212598.908,111.61128,213013.3193,-1500,2,-195,-5,0,-200,50,-20,-49,-1,0,-50,0,1,-2,-28,0,-30,25,-50,-1,-9,0,-10,0,1,2,8,0,10,10,30,1,1,0,2,-75,2,-40,0,0,-40,200,-50,0,0,-50,25,1,30,10,-50,-10,200,5,30,20,5,-50,-25
21457897-6ac8-4d23-a710-8babde102158,Residential,R1898_1_1,2,400,200,200,400,0,19.2,513.94452,23.52504,556.66956,0,280844,302.8,212598.908,111.61128,213013.3193,-1500,2,-195,-5,0,-200,50,-20,-49,-1,0,-50,0,1,-2,-28,0,-30,25,-50,-1,-9,0,-10,0,1,2,8,0,10,10,30,1,1,0,2,-75,2,-40,0,0,-40,200,-50,0,0,-50,25,1,30,10,-50,-10,200,5,30,20,5,-50,-25
c5d78f0a-9a8b-41a7-8d2b-4a41c336a86d,Residential,R1984_1_1,2,400,200,200,400,0,19.2,513.94452,23.52504,556.66956,0,280844,302.8,212598.908,111.61128,213013.3193,-1500,2,-195,-5,0,-200,50,-20,-49,-1,0,-50,0,1,-2,-28,0,-30,25,-50,-1,-9,0,-10,0,1,2,8,0,10,10,30,1,1,0,2,-75,2,-40,0,0,-40,200,-50,0,0,-50,25,1,30,10,-50,-10,200,5,30,20,5,-50,-25
72df95d4-7ebe-4b32-b7e8-8d1fe500a083,Residential,R354_1_1,2,400,200,200,400,0,19.2,513.94452,23.52504,556.66956,0,280844,302.8,212598.908,111.61128,213013.3193,-1500,2,-195,-5,0,-200,50,-20,-49,-1,0,-50,0,1,-2,-28,0,-30,25,-50,-1,-9,0,-10,0,1,2,8,0,10,10,30,1,1,0,2,-75,2,-40,0,0,-40,200,-50,0,0,-50,25,1,30,10,-50,-10,200,5,30,20,5,-50,-25
d50874b1-ba2c-4ebf-b108-08574815c210,Residential,R1333_1_1,2,400,200,200,400,0,19.2,513.94452,23.52504,556.66956,0,280844,302.8,212598.908,111.61128,213013.3193,-1500,2,-195,-5,0,-200,50,-20,-49,-1,0,-50,0,1,-2,-28,0,-30,25,-50,-1,-9,0,-10,0,1,2,8,0,10,10,30,1,1,0,2,-75,2,-40,0,0,-40,200,-50,0,0,-50,25,1,30,10,-50,-10,200,5,30,20,5,-50,-25
9e80f29b-8c42-42dd-ade8-54ce916eef18,Residential,R305_1_1,2,400,200,200,400,0,19.2,513.94452,23.52504,556.66956,0,280844,302.8,212598.908,111.61128,213013.3193,-1500,2,-195,-5,0,-200,50,-20,-49,-1,0,-50,0,1,-2,-28,0,-30,25,-50,-1,-9,0,-10,0,1,2,8,0,10,10,30,1,1,0,2,-75,2,-40,0,0,-40,200,-50,0,0,-50,25,1,30,10,-50,-10,200,5,30,20,5,-50,-25
39f5a312-fa94-4344-8665-6fabc4154813,Residential,R2026_1_1,2,400,200,200,400,0,19.2,513.94452,23.52504,556.66956,0,280844,302.8,212598.908,111.61128,213013.3193,-1500,2,-195,-5,0,-200,50,-20,-49,-1,0,-50,0,1,-2,-28,0,-30,25,-50,-1,-9,0,-10,0,1,2,8,0,10,10,30,1,1,0,2,-75,2,-40,0,0,-40,200,-50,0,0,-50,25,1,30,10,-50,-10,200,5,30,20,5,-50,-25
4994c5f2-9647-400c-a66d-1ebaa0059c8c,Residential,R1956_1_1,2,400,200,200,400,0,19.2,513.94452,23.52504,556.66956,0,280844,302.8,212598.908,111.61128,213013.3193,-1500,2,-195,-5,0,-200,50,-20,-49,-1,0,-50,0,1,-2,-28,0,-30,25,-50,-1,-9,0,-10,0,1,2,8,0,10,10,30,1,1,0,2,-75,2,-40,0,0,-40,200,-50,0,0,-50,25,1,30,10,-50,-10,200,5,30,20,5,-50,-25
82ed4159-713b-42f5-baa0-acbfe4cec35f,Residential,R1586_1_1,2,400,200,200,400,0,19.2,513.94452,23.52504,556.66956,0,280844,302.8,212598.908,111.61128,213013.3193,-1500,2,-195,-5,0,-200,50,-20,-49,-1,0,-50,0,1,-2,-28,0,-30,25,-50,-1,-9,0,-10,0,1,2,8,0,10,10,30,1,1,0,2,-75,2,-40,0,0,-40,200,-50,0,0,-50,25,1,30,10,-50,-10,200,5,30,20,5,-50,-25
74a15b91-ef52-4802-a06f-a2e58c0dde8e,Residential,R1617_1_1,2,400,200,200,400,0,19.2,513.94452,23.52504,556.66956,0,280844,302.8,212598.908,111.61128,213013.3193,-1500,2,-195,-5,0,-200,50,-20,-49,-1,0,-50,0,1,-2,-28,0,-30,25,-50,-1,-9,0,-10,0,1,2,8,0,10,10,30,1,1,0,2,-75,2,-40,0,0,-40,200,-50,0,0,-50,25,1,30,10,-50,-10,200,5,30,20,5,-50,-25
c78f94f7-d936-4c47-be0c-1b6ca368000c,Residential,R59_1_1,2,400,200,200,400,0,19.2,513.94452,23.52504,556.66956,0,280844,302.8,212598.908,111.61128,213013.3193,-1500,2,-195,-5,0,-200,50,-20,-49,-1,0,-50,0,1,-2,-28,0,-30,25,-50,-1,-9,0,-10,0,1,2,8,0,10,10,30,1,1,0,2,-75,2,-40,0,0,-40,200,-50,0,0,-50,25,1,30,10,-50,-10,200,5,30,20,5,-50,-25
798174da-9010-4d7e-9ea4-c8697342199b,Residential,R1122_1_1,2,400,200,200,400,0,19.2,513.94452,23.52504,556.66956,0,280844,302.8,212598.908,111.61128,213013.3193,-1500,2,-195,-5,0,-200,50,-20,-49,-1,0,-50,0,1,-2,-28,0,-30,25,-50,-1,-9,0,-10,0,1,2,8,0,10,10,30,1,1,0,2,-75,2,-40,0,0,-40,200,-50,0,0,-50,25,1,30,10,-50,-10,200,5,30,20,5,-50,-25
40f7a0a4-b3ab-416c-a7a6-7d4b2fb3ea2b,Residential,R1751_1_1,2,400,200,200,400,0,19.2,513.94452,23.52504,556.66956,0,280844,302.8,212598.908,111.61128,213013.3193,-1500,2,-195,-5,0,-200,50,-20,-49,-1,0,-50,0,1,-2,-28,0,-30,25,-50,-1,-9,0,-10,0,1,2,8,0,10,10,30,1,1,0,2,-75,2,-40,0,0,-40,200,-50,0,0,-50,25,1,30,10,-50,-10,200,5,30,20,5,-50,-25
da57a650-8042-4fcb-a78c-713fd9dc95bf,Residential,R1048_1_1,2,400,200,200,400,0,19.2,513.94452,23.52504,556.66956,0,280844,302.8,212598.908,111.61128,213013.3193,-1500,2,-195,-5,0,-200,50,-20,-49,-1,0,-50,0,1,-2,-28,0,-30,25,-50,-1,-9,0,-10,0,1,2,8,0,10,10,30,1,1,0,2,-75,2,-40,0,0,-40,200,-50,0,0,-50,25,1,30,10,-50,-10,200,5,30,20,5,-50,-25
e7cf4bdd-b2bc-4ae2-8e6e-698f0b3c1016,Residential,R745_1_1,2,400,200,200,400,0,19.2,513.94452,23.52504,556.66956,0,280844,302.8,212598.908,111.61128,213013.3193,-1500,2,-195,-5,0,-200,50,-20,-49,-1,0,-50,0,1,-2,-28,0,-30,25,-50,-1,-9,0,-10,0,1,2,8,0,10,10,30,1,1,0,2,-75,2,-40,0,0,-40,200,-50,0,0,-50,25,1,30,10,-50,-10,200,5,30,20,5,-50,-25
bd95c062-9757-4c30-809f-a38e9a5b30ba,Residential,R1913_1_1,2,400,200,200,400,0,19.2,513.94452,23.52504,556.66956,0,280844,302.8,212598.908,111.61128,213013.3193,-1500,2,-195,-5,0,-200,50,-20,-49,-1,0,-50,0,1,-2,-28,0,-30,25,-50,-1,-9,0,-10,0,1,2,8,0,10,10,30,1,1,0,2,-75,2,-40,0,0,-40,200,-50,0,0,-50,25,1,30,10,-50,-10,200,5,30,20,5,-50,-25
67dd0b7f-8294-48cd-a76d-1ce8b6ad4f7b,Residential,R812_1_1,2,400,200,200,400,0,19.2,513.94452,23.52504,556.66956,0,280844,302.8,212598.908,111.61128,213013.3193,-1500,2,-195,-5,0,-200,50,-20,-49,-1,0,-50,0,1,-2,-28,0,-30,25,-50,-1,-9,0,-10,0,1,2,8,0,10,10,30,1,1,0,2,-75,2,-40,0,0,-40,200,-50,0,0,-50,25,1,30,10,-50,-10,200,5,30,20,5,-50,-25
0dcf4520-ca95-4d31-ae73-f6c65c3a8473,Residential,R903_1_1,2,400,200,200,400,0,19.2,513.94452,23.52504,556.66956,0,280844,302.8,212598.908,111.61128,213013.3193,-1500,2,-195,-5,0,-200,50,-20,-49,-1,0,-50,0,1,-2,-28,0,-30,25,-50,-1,-9,0,-10,0,1,2,8,0,10,10,30,1,1,0,2,-75,2,-40,0,0,-40,200,-50,0,0,-50,25,1,30,10,-50,-10,200,5,30,20,5,-50,-25
261d0815-62af-414c-acc0-c0ca00024a7a,Residential,R152_1_1,2,400,200,200,400,0,19.2,513.94452,23.52504,556.66956,0,280844,302.8,212598.908,111.61128,213013.3193,-1500,2,-195,-5,0,-200,50,-20,-49,-1,0,-50,0,1,-2,-28,0,-30,25,-50,-1,-9,0,-10,0,1,2,8,0,10,10,30,1,1,0,2,-75,2,-40,0,0,-40,200,-50,0,0,-50,25,1,30,10,-50,-10,200,5,30,20,5,-50,-25
b452c918-76e8-4fba-89ee-46ecdf29083c,Residential,R1279_1_1,2,400,200,200,400,0,19.2,513.94452,23.52504,556.66956,0,280844,302.8,212598.908,111.61128,213013.3193,-1500,2,-195,-5,0,-200,50,-20,-49,-1,0,-50,0,1,-2,-28,0,-30,25,-50,-1,-9,0,-10,0,1,2,8,0,10,10,30,1,1,0,2,-75,2,-40,0,0,-40,200,-50,0,0,-50,25,1,30,10,-50,-10,200,5,30,20,5,-50,-25
7be4951c-8773-4232-95c8-c129243cc61f,Residential,R1259_1_1,2,400,200,200,400,0,19.2,513.94452,23.52504,556.66956,0,280844,302.8,212598.908,111.61128,213013.3193,-1500,2,-195,-5,0,-200,50,-20,-49,-1,0,-50,0,1,-2,-28,0,-30,25,-50,-1,-9,0,-10,0,1,2,8,0,10,10,30,1,1,0,2,-75,2,-40,0,0,-40,200,-50,0,0,-50,25,1,30,10,-50,-10,200,5,30,20,5,-50,-25
646e96a2-bfec-45d3-b94f-148751ab2bef,Residential,R1027_1_1,2,400,200,200,400,0,19.2,513.94452,23.52504,556.66956,0,280844,302.8,212598.908,111.61128,213013.3193,-1500,2,-195,-5,0,-200,50,-20,-49,-1,0,-50,0,1,-2,-28,0,-30,25,-50,-1,-9,0,-10,0,1,2,8,0,10,10,30,1,1,0,2,-75,2,-40,0,0,-40,200,-50,0,0,-50,25,1,30,10,-50,-10,200,5,30,20,5,-50,-25
fb8cef93-8ef6-4715-a3ba-a11e9fab91bc,Residential,R1694_1_1,2,400,200,200,400,0,19.2,513.94452,23.52504,556.66956,0,280844,302.8,212598.908,111.61128,213013.3193,-1500,2,-195,-5,0,-200,50,-20,-49,-1,0,-50,0,1,-2,-28,0,-30,25,-50,-1,-9,0,-10,0,1,2,8,0,10,10,30,1,1,0,2,-75,2,-40,0,0,-40,200,-50,0,0,-50,25,1,30,10,-50,-10,200,5,30,20,5,-50,-25
0a679a16-f5f0-4f9c-9b39-4ccac283a2d5,Residential,R1192_1_1,2,400,200,200,400,0,19.2,513.94452,23.52504,556.66956,0,280844,302.8,212598.908,111.61128,213013.3193,-1500,2,-195,-5,0,-200,50,-20,-49,-1,0,-50,0,1,-2,-28,0,-30,25,-50,-1,-9,0,-10,0,1,2,8,0,10,10,30,1,1,0,2,-75,2,-40,0,0,-40,200,-50,0,0,-50,25,1,30,10,-50,-10,200,5,30,20,5,-50,-25
3b1aef2d-66c7-4266-a7df-157daea9664f,Residential,R942_1_1,2,400,200,200,400,0,19.2,513.94452,23.52504,556.66956,0,280844,302.8,212598.908,111.61128,213013.3193,-1500,2,-195,-5,0,-200,50,-20,-49,-1,0,-50,0,1,-2,-28,0,-30,25,-50,-1,-9,0,-10,0,1,2,8,0,10,10,30,1,1,0,2,-75,2,-40,0,0,-40,200,-50,0,0,-50,25,1,30,10,-50,-10,200,5,30,20,5,-50,-25
2ce7bac9-a44a-4a20-964e-8d909de80d5a,Residential,R572_1_1,2,400,200,200,400,0,19.2,513.94452,23.52504,556.66956,0,280844,302.8,212598.908,111.61128,213013.3193,-1500,2,-195,-5,0,-200,50,-20,-49,-1,0,-50,0,1,-2,-28,0,-30,25,-50,-1,-9,0,-10,0,1,2,8,0,10,10,30,1,1,0,2,-75,2,-40,0,0,-40,200,-50,0,0,-50,25,1,30,10,-50,-10,200,5,30,20,5,-50,-25
8b724644-c6b0-46d5-be61-ee1830385139,Residential,R1826_1_1,2,400,200,200,400,0,19.2,513.94452,23.52504,556.66956,0,280844,302.8,212598.908,111.61128,213013.3193,-1500,2,-195,-5,0,-200,50,-20,-49,-1,0,-50,0,1,-2,-28,0,-30,25,-50,-1,-9,0,-10,0,1,2,8,0,10,10,30,1,1,0,2,-75,2,-40,0,0,-40,200,-50,0,0,-50,25,1,30,10,-50,-10,200,5,30,20,5,-50,-25
0864ab6c-7e0f-4b0a-af02-390f883f8574,Residential,R387_1_1,2,400,200,200,400,0,19.2,513.94452,23.52504,556.66956,0,280844,302.8,212598.908,111.61128,213013.3193,-1500,2,-195,-5,0,-200,50,-20,-49,-1,0,-50,0,1,-2,-28,0,-30,25,-50,-1,-9,0,-10,0,1,2,8,0,10,10,30,1,1,0,2,-75,2,-40,0,0,-40,200,-50,0,0,-50,25,1,30,10,-50,-10,200,5,30,20,5,-50,-25
d860c291-9b4e-4cd5-9656-891e57bf2c81,Residential,R1972_1_1,2,400,200,200,400,0,19.2,513.94452,23.52504,556.66956,0,280844,302.8,212598.908,111.61128,213013.3193,-1500,2,-195,-5,0,-200,50,-20,-49,-1,0,-50,0,1,-2,-28,0,-30,25,-50,-1,-9,0,-10,0,1,2,8,0,10,10,30,1,1,0,2,-75,2,-40,0,0,-40,200,-50,0,0,-50,25,1,30,10,-50,-10,200,5,30,20,5,-50,-25
fbbfe0c8-df58-40b2-819c-9c4159b842c8,Residential,R1340_1_1,2,400,200,200,400,0,19.2,513.94452,23.52504,556.66956,0,280844,302.8,212598.908,111.61128,213013.3193,-1500,2,-195,-5,0,-200,50,-20,-49,-1,0,-50,0,1,-2,-28,0,-30,25,-50,-1,-9,0,-10,0,1,2,8,0,10,10,30,1,1,0,2,-75,2,-40,0,0,-40,200,-50,0,0,-50,25,1,30,10,-50,-10,200,5,30,20,5,-50,-25
c5882a01-1ed7-4b2f-bbdf-8351c33a9120,Residential,R446_1_1,2,400,200,200,400,0,19.2,513.94452,23.52504,556.66956,0,280844,302.8,212598.908,111.61128,213013.3193,-1500,2,-195,-5,0,-200,50,-20,-49,-1,0,-50,0,1,-2,-28,0,-30,25,-50,-1,-9,0,-10,0,1,2,8,0,10,10,30,1,1,0,2,-75,2,-40,0,0,-40,200,-50,0,0,-50,25,1,30,10,-50,-10,200,5,30,20,5,-50,-25
68e1a3d0-e3fe-4a2b-9cb7-e94a24a0a5e9,Residential,R326_1_1,2,400,200,200,400,0,19.2,513.94452,23.52504,556.66956,0,280844,302.8,212598.908,111.61128,213013.3193,-1500,2,-195,-5,0,-200,50,-20,-49,-1,0,-50,0,1,-2,-28,0,-30,25,-50,-1,-9,0,-10,0,1,2,8,0,10,10,30,1,1,0,2,-75,2,-40,0,0,-40,200,-50,0,0,-50,25,1,30,10,-50,-10,200,5,30,20,5,-50,-25
952fae90-b30d-4744-a9d1-9798f700ca3f,Residential,R1516_1_1,2,400,200,200,400,0,19.2,513.94452,23.52504,556.66956,0,280844,302.8,212598.908,111.61128,213013.3193,-1500,2,-195,-5,0,-200,50,-20,-49,-1,0,-50,0,1,-2,-28,0,-30,25,-50,-1,-9,0,-10,0,1,2,8,0,10,10,30,1,1,0,2,-75,2,-40,0,0,-40,200,-50,0,0,-50,25,1,30,10,-50,-10,200,5,30,20,5,-50,-25
60575b04-7d01-4c76-af57-8e3d5f2cfdae,Residential,R560_1_1,2,400,200,200,400,0,19.2,513.94452,23.52504,556.66956,0,280844,302.8,212598.908,111.61128,213013.3193,-1500,2,-195,-5,0,-200,50,-20,-49,-1,0,-50,0,1,-2,-28,0,-30,25,-50,-1,-9,0,-10,0,1,2,8,0,10,10,30,1,1,0,2,-75,2,-40,0,0,-40,200,-50,0,0,-50,25,1,30,10,-50,-10,200,5,30,20,5,-50,-25
9c440351-0c91-4dcf-8eac-33a530e23e8a,Residential,R1815_1_1,2,400,200,200,400,0,19.2,513.94452,23.52504,556.66956,0,280844,302.8,212598.908,111.61128,213013.3193,-1500,2,-195,-5,0,-200,50,-20,-49,-1,0,-50,0,1,-2,-28,0,-30,25,-50,-1,-9,0,-10,0,1,2,8,0,10,10,30,1,1,0,2,-75,2,-40,0,0,-40,200,-50,0,0,-50,25,1,30,10,-50,-10,200,5,30,20,5,-50,-25
fb16da37-e59a-47c3-b3b6-4884279512dd,Residential,R2192_1_1,2,400,200,200,400,0,19.2,513.94452,23.52504,556.66956,0,280844,302.8,212598.908,111.61128,213013.3193,-1500,2,-195,-5,0,-200,50,-20,-49,-1,0,-50,0,1,-2,-28,0,-30,25,-50,-1,-9,0,-10,0,1,2,8,0,10,10,30,1,1,0,2,-75,2,-40,0,0,-40,200,-50,0,0,-50,25,1,30,10,-50,-10,200,5,30,20,5,-50,-25
6c0a779b-2092-4925-b6b9-7e74fac29ccd,Residential,R1827_1_1,2,400,200,200,400,0,19.2,513.94452,23.52504,556.66956,0,280844,302.8,212598.908,111.61128,213013.3193,-1500,2,-195,-5,0,-200,50,-20,-49,-1,0,-50,0,1,-2,-28,0,-30,25,-50,-1,-9,0,-10,0,1,2,8,0,10,10,30,1,1,0,2,-75,2,-40,0,0,-40,200,-50,0,0,-50,25,1,30,10,-50,-10,200,5,30,20,5,-50,-25
3c3f7a87-ac11-4e23-9807-463ee296775f,Residential,R669_1_1,2,400,200,200,400,0,19.2,513.94452,23.52504,556.66956,0,280844,302.8,212598.908,111.61128,213013.3193,-1500,2,-195,-5,0,-200,50,-20,-49,-1,0,-50,0,1,-2,-28,0,-30,25,-50,-1,-9,0,-10,0,1,2,8,0,10,10,30,1,1,0,2,-75,2,-40,0,0,-40,200,-50,0,0,-50,25,1,30,10,-50,-10,200,5,30,20,5,-50,-25
5340fc99-be5d-414e-b63a-33d6d3acc25d,Residential,R311_1_1,2,400,200,200,400,0,19.2,513.94452,23.52504,556.66956,0,280844,302.8,212598.908,111.61128,213013.3193,-1500,2,-195,-5,0,-200,50,-20,-49,-1,0,-50,0,1,-2,-28,0,-30,25,-50,-1,-9,0,-10,0,1,2,8,0,10,10,30,1,1,0,2,-75,2,-40,0,0,-40,200,-50,0,0,-50,25,1,30,10,-50,-10,200,5,30,20,5,-50,-25
97243efc-095f-40b7-be66-9acfb79ab65e,Residential,R476_1_1,2,400,200,200,400,0,19.2,513.94452,23.52504,556.66956,0,280844,302.8,212598.908,111.61128,213013.3193,-1500,2,-195,-5,0,-200,50,-20,-49,-1,0,-50,0,1,-2,-28,0,-30,25,-50,-1,-9,0,-10,0,1,2,8,0,10,10,30,1,1,0,2,-75,2,-40,0,0,-40,200,-50,0,0,-50,25,1,30,10,-50,-10,200,5,30,20,5,-50,-25
47971a98-1617-488f-bff2-ec2986f7d997,Residential,R1774_1_1,2,400,200,200,400,0,19.2,513.94452,23.52504,556.66956,0,280844,302.8,212598.908,111.61128,213013.3193,-1500,2,-195,-5,0,-200,50,-20,-49,-1,0,-50,0,1,-2,-28,0,-30,25,-50,-1,-9,0,-10,0,1,2,8,0,10,10,30,1,1,0,2,-75,2,-40,0,0,-40,200,-50,0,0,-50,25,1,30,10,-50,-10,200,5,30,20,5,-50,-25
b592cdec-fe09-4f74-a38f-340508554417,Residential,R222_1_1,2,400,200,200,400,0,19.2,513.94452,23.52504,556.66956,0,280844,302.8,212598.908,111.61128,213013.3193,-1500,2,-195,-5,0,-200,50,-20,-49,-1,0,-50,0,1,-2,-28,0,-30,25,-50,-1,-9,0,-10,0,1,2,8,0,10,10,30,1,1,0,2,-75,2,-40,0,0,-40,200,-50,0,0,-50,25,1,30,10,-50,-10,200,5,30,20,5,-50,-25
5bdc20fb-762b-48ce-b62a-0ab5cdd97857,Residential,R78_1_1,2,400,200,200,400,0,19.2,513.94452,23.52504,556.66956,0,280844,302.8,212598.908,111.61128,213013.3193,-1500,2,-195,-5,0,-200,50,-20,-49,-1,0,-50,0,1,-2,-28,0,-30,25,-50,-1,-9,0,-10,0,1,2,8,0,10,10,30,1,1,0,2,-75,2,-40,0,0,-40,200,-50,0,0,-50,25,1,30,10,-50,-10,200,5,30,20,5,-50,-25
372605e1-d74c-44b6-ab47-71579474b858,Residential,R1157_1_1,2,400,200,200,400,0,19.2,513.94452,23.52504,556.66956,0,280844,302.8,212598.908,111.61128,213013.3193,-1500,2,-195,-5,0,-200,50,-20,-49,-1,0,-50,0,1,-2,-28,0,-30,25,-50,-1,-9,0,-10,0,1,2,8,0,10,10,30,1,1,0,2,-75,2,-40,0,0,-40,200,-50,0,0,-50,25,1,30,10,-50,-10,200,5,30,20,5,-50,-25
d16e3460-1ac0-44c8-922d-1493c944ea73,Residential,R2184_1_1,2,400,200,200,400,0,19.2,513.94452,23.52504,556.66956,0,280844,302.8,212598.908,111.61128,213013.3193,-1500,2,-195,-5,0,-200,50,-20,-49,-1,0,-50,0,1,-2,-28,0,-30,25,-50,-1,-9,0,-10,0,1,2,8,0,10,10,30,1,1,0,2,-75,2,-40,0,0,-40,200,-50,0,0,-50,25,1,30,10,-50,-10,200,5,30,20,5,-50,-25
0ef35169-47a5-4d42-994f-adc3d46975f2,Residential,R1659_1_1,2,400,200,200,400,0,19.2,513.94452,23.52504,556.66956,0,280844,302.8,212598.908,111.61128,213013.3193,-1500,2,-195,-5,0,-200,50,-20,-49,-1,0,-50,0,1,-2,-28,0,-30,25,-50,-1,-9,0,-10,0,1,2,8,0,10,10,30,1,1,0,2,-75,2,-40,0,0,-40,200,-50,0,0,-50,25,1,30,10,-50,-10,200,5,30,20,5,-50,-25
83ec10d6-972f-4e59-858e-d8be98b624b7,Residential,R2091_1_1,2,400,200,200,400,0,19.2,513.94452,23.52504,556.66956,0,280844,302.8,212598.908,111.61128,213013.3193,-1500,2,-195,-5,0,-200,50,-20,-49,-1,0,-50,0,1,-2,-28,0,-30,25,-50,-1,-9,0,-10,0,1,2,8,0,10,10,30,1,1,0,2,-75,2,-40,0,0,-40,200,-50,0,0,-50,25,1,30,10,-50,-10,200,5,30,20,5,-50,-25
859b82b8-061c-4a58-afca-a1594ecfd299,Residential,R1833_1_1,2,400,200,200,400,0,19.2,513.94452,23.52504,556.66956,0,280844,302.8,212598.908,111.61128,213013.3193,-1500,2,-195,-5,0,-200,50,-20,-49,-1,0,-50,0,1,-2,-28,0,-30,25,-50,-1,-9,0,-10,0,1,2,8,0,10,10,30,1,1,0,2,-75,2,-40,0,0,-40,200,-50,0,0,-50,25,1,30,10,-50,-10,200,5,30,20,5,-50,-25
fbdf4f35-acba-43b2-a7c4-0eb0ec025e19,Residential,R965_1_1,2,400,200,200,400,0,19.2,513.94452,23.52504,556.66956,0,280844,302.8,212598.908,111.61128,213013.3193,-1500,2,-195,-5,0,-200,50,-20,-49,-1,0,-50,0,1,-2,-28,0,-30,25,-50,-1,-9,0,-10,0,1,2,8,0,10,10,30,1,1,0,2,-75,2,-40,0,0,-40,200,-50,0,0,-50,25,1,30,10,-50,-10,200,5,30,20,5,-50,-25
ac3f75ca-822c-4126-a130-1cba237cc69e,Residential,R1469_1_1,2,400,200,200,400,0,19.2,513.94452,23.52504,556.66956,0,280844,302.8,212598.908,111.61128,213013.3193,-1500,2,-195,-5,0,-200,50,-20,-49,-1,0,-50,0,1,-2,-28,0,-30,25,-50,-1,-9,0,-10,0,1,2,8,0,10,10,30,1,1,0,2,-75,2,-40,0,0,-40,200,-50,0,0,-50,25,1,30,10,-50,-10,200,5,30,20,5,-50,-25
14812652-ab41-4667-908e-d37438549fa5,Residential,R439_1_1,2,400,200,200,400,0,19.2,513.94452,23.52504,556.66956,0,280844,302.8,212598.908,111.61128,213013.3193,-1500,2,-195,-5,0,-200,50,-20,-49,-1,0,-50,0,1,-2,-28,0,-30,25,-50,-1,-9,0,-10,0,1,2,8,0,10,10,30,1,1,0,2,-75,2,-40,0,0,-40,200,-50,0,0,-50,25,1,30,10,-50,-10,200,5,30,20,5,-50,-25
1762234f-be94-4e56-9c76-615cea7ec9d8,Residential,R1937_1_1,2,400,200,200,400,0,19.2,513.94452,23.52504,556.66956,0,280844,302.8,212598.908,111.61128,213013.3193,-1500,2,-195,-5,0,-200,50,-20,-49,-1,0,-50,0,1,-2,-28,0,-30,25,-50,-1,-9,0,-10,0,1,2,8,0,10,10,30,1,1,0,2,-75,2,-40,0,0,-40,200,-50,0,0,-50,25,1,30,10,-50,-10,200,5,30,20,5,-50,-25
49321fa4-617c-48ff-8c97-6da63925a9fb,Residential,R1123_1_1,2,400,200,200,400,0,19.2,513.94452,23.52504,556.66956,0,280844,302.8,212598.908,111.61128,213013.3193,-1500,2,-195,-5,0,-200,50,-20,-49,-1,0,-50,0,1,-2,-28,0,-30,25,-50,-1,-9,0,-10,0,1,2,8,0,10,10,30,1,1,0,2,-75,2,-40,0,0,-40,200,-50,0,0,-50,25,1,30,10,-50,-10,200,5,30,20,5,-50,-25
c670a204-7a88-4a8b-96bd-38d7a9c062cc,Residential,R1406_1_1,2,400,200,200,400,0,19.2,513.94452,23.52504,556.66956,0,280844,302.8,212598.908,111.61128,213013.3193,-1500,2,-195,-5,0,-200,50,-20,-49,-1,0,-50,0,1,-2,-28,0,-30,25,-50,-1,-9,0,-10,0,1,2,8,0,10,10,30,1,1,0,2,-75,2,-40,0,0,-40,200,-50,0,0,-50,25,1,30,10,-50,-10,200,5,30,20,5,-50,-25
ff43e548-1e07-4cb9-8516-b8fd78ca846d,Residential,R531_1_1,2,400,200,200,400,0,19.2,513.94452,23.52504,556.66956,0,280844,302.8,212598.908,111.61128,213013.3193,-1500,2,-195,-5,0,-200,50,-20,-49,-1,0,-50,0,1,-2,-28,0,-30,25,-50,-1,-9,0,-10,0,1,2,8,0,10,10,30,1,1,0,2,-75,2,-40,0,0,-40,200,-50,0,0,-50,25,1,30,10,-50,-10,200,5,30,20,5,-50,-25
006e5a43-ef9e-448e-9f88-ee88b3c55fbb,Residential,R709_1_1,2,400,200,200,400,0,19.2,513.94452,23.52504,556.66956,0,280844,302.8,212598.908,111.61128,213013.3193,-1500,2,-195,-5,0,-200,50,-20,-49,-1,0,-50,0,1,-2,-28,0,-30,25,-50,-1,-9,0,-10,0,1,2,8,0,10,10,30,1,1,0,2,-75,2,-40,0,0,-40,200,-50,0,0,-50,25,1,30,10,-50,-10,200,5,30,20,5,-50,-25
7648a4f3-fd30-4d73-9de5-e03fe8070c3f,Residential,R272_1_1,2,400,200,200,400,0,19.2,513.94452,23.52504,556.66956,0,280844,302.8,212598.908,111.61128,213013.3193,-1500,2,-195,-5,0,-200,50,-20,-49,-1,0,-50,0,1,-2,-28,0,-30,25,-50,-1,-9,0,-10,0,1,2,8,0,10,10,30,1,1,0,2,-75,2,-40,0,0,-40,200,-50,0,0,-50,25,1,30,10,-50,-10,200,5,30,20,5,-50,-25
61ade876-c251-4fa0-bc48-106d7d3f6e7b,Residential,R1719_1_1,2,400,200,200,400,0,19.2,513.94452,23.52504,556.66956,0,280844,302.8,212598.908,111.61128,213013.3193,-1500,2,-195,-5,0,-200,50,-20,-49,-1,0,-50,0,1,-2,-28,0,-30,25,-50,-1,-9,0,-10,0,1,2,8,0,10,10,30,1,1,0,2,-75,2,-40,0,0,-40,200,-50,0,0,-50,25,1,30,10,-50,-10,200,5,30,20,5,-50,-25
2d6a43b0-6a91-4b4d-972d-68b3a520f548,Residential,R1499_1_1,2,400,200,200,400,0,19.2,513.94452,23.52504,556.66956,0,280844,302.8,212598.908,111.61128,213013.3193,-1500,2,-195,-5,0,-200,50,-20,-49,-1,0,-50,0,1,-2,-28,0,-30,25,-50,-1,-9,0,-10,0,1,2,8,0,10,10,30,1,1,0,2,-75,2,-40,0,0,-40,200,-50,0,0,-50,25,1,30,10,-50,-10,200,5,30,20,5,-50,-25
be096c1d-121f-476b-becb-c40b32fc40bd,Residential,R1594_1_1,2,400,200,200,400,0,19.2,513.94452,23.52504,556.66956,0,280844,302.8,212598.908,111.61128,213013.3193,-1500,2,-195,-5,0,-200,50,-20,-49,-1,0,-50,0,1,-2,-28,0,-30,25,-50,-1,-9,0,-10,0,1,2,8,0,10,10,30,1,1,0,2,-75,2,-40,0,0,-40,200,-50,0,0,-50,25,1,30,10,-50,-10,200,5,30,20,5,-50,-25
75f4ab05-e1e7-4666-bff8-a61492a4185f,Residential,R1963_1_1,2,400,200,200,400,0,19.2,513.94452,23.52504,556.66956,0,280844,302.8,212598.908,111.61128,213013.3193,-1500,2,-195,-5,0,-200,50,-20,-49,-1,0,-50,0,1,-2,-28,0,-30,25,-50,-1,-9,0,-10,0,1,2,8,0,10,10,30,1,1,0,2,-75,2,-40,0,0,-40,200,-50,0,0,-50,25,1,30,10,-50,-10,200,5,30,20,5,-50,-25
a24ad0f6-ba6c-48af-a4ab-b1aaa45b1308,Residential,R1679_1_1,2,400,200,200,400,0,19.2,513.94452,23.52504,556.66956,0,280844,302.8,212598.908,111.61128,213013.3193,-1500,2,-195,-5,0,-200,50,-20,-49,-1,0,-50,0,1,-2,-28,0,-30,25,-50,-1,-9,0,-10,0,1,2,8,0,10,10,30,1,1,0,2,-75,2,-40,0,0,-40,200,-50,0,0,-50,25,1,30,10,-50,-10,200,5,30,20,5,-50,-25
b61838a8-7707-416e-91e1-bf6b17f7f169,Residential,R826_1_1,2,400,200,200,400,0,19.2,513.94452,23.52504,556.66956,0,280844,302.8,212598.908,111.61128,213013.3193,-1500,2,-195,-5,0,-200,50,-20,-49,-1,0,-50,0,1,-2,-28,0,-30,25,-50,-1,-9,0,-10,0,1,2,8,0,10,10,30,1,1,0,2,-75,2,-40,0,0,-40,200,-50,0,0,-50,25,1,30,10,-50,-10,200,5,30,20,5,-50,-25
9972425f-835c-4a5a-bfaa-825749f52ac2,Residential,R1104_1_1,2,400,200,200,400,0,19.2,513.94452,23.52504,556.66956,0,280844,302.8,212598.908,111.61128,213013.3193,-1500,2,-195,-5,0,-200,50,-20,-49,-1,0,-50,0,1,-2,-28,0,-30,25,-50,-1,-9,0,-10,0,1,2,8,0,10,10,30,1,1,0,2,-75,2,-40,0,0,-40,200,-50,0,0,-50,25,1,30,10,-50,-10,200,5,30,20,5,-50,-25
06709376-e394-4a53-8091-1e60b5cc6ae4,Residential,R1233_1_1,2,400,200,200,400,0,19.2,513.94452,23.52504,556.66956,0,280844,302.8,212598.908,111.61128,213013.3193,-1500,2,-195,-5,0,-200,50,-20,-49,-1,0,-50,0,1,-2,-28,0,-30,25,-50,-1,-9,0,-10,0,1,2,8,0,10,10,30,1,1,0,2,-75,2,-40,0,0,-40,200,-50,0,0,-50,25,1,30,10,-50,-10,200,5,30,20,5,-50,-25
bfb3f8a6-cb20-4b49-af6d-e9aa7f69e030,Residential,R583_1_1,2,400,200,200,400,0,19.2,513.94452,23.52504,556.66956,0,280844,302.8,212598.908,111.61128,213013.3193,-1500,2,-195,-5,0,-200,50,-20,-49,-1,0,-50,0,1,-2,-28,0,-30,25,-50,-1,-9,0,-10,0,1,2,8,0,10,10,30,1,1,0,2,-75,2,-40,0,0,-40,200,-50,0,0,-50,25,1,30,10,-50,-10,200,5,30,20,5,-50,-25
c74a4a98-5805-480b-a217-ca458a3a558d,Residential,R1164_1_1,2,400,200,200,400,0,19.2,513.94452,23.52504,556.66956,0,280844,302.8,212598.908,111.61128,213013.3193,-1500,2,-195,-5,0,-200,50,-20,-49,-1,0,-50,0,1,-2,-28,0,-30,25,-50,-1,-9,0,-10,0,1,2,8,0,10,10,30,1,1,0,2,-75,2,-40,0,0,-40,200,-50,0,0,-50,25,1,30,10,-50,-10,200,5,30,20,5,-50,-25
15e64630-93b0-47be-93f1-d069060d204a,Residential,R1177_1_1,2,400,200,200,400,0,19.2,513.94452,23.52504,556.66956,0,280844,302.8,212598.908,111.61128,213013.3193,-1500,2,-195,-5,0,-200,50,-20,-49,-1,0,-50,0,1,-2,-28,0,-30,25,-50,-1,-9,0,-10,0,1,2,8,0,10,10,30,1,1,0,2,-75,2,-40,0,0,-40,200,-50,0,0,-50,25,1,30,10,-50,-10,200,5,30,20,5,-50,-25
d29466db-1ef0-40a1-92d9-5d23e108ba2b,Residential,R125_1_1,2,400,200,200,400,0,19.2,513.94452,23.52504,556.66956,0,280844,302.8,212598.908,111.61128,213013.3193,-1500,2,-195,-5,0,-200,50,-20,-49,-1,0,-50,0,1,-2,-28,0,-30,25,-50,-1,-9,0,-10,0,1,2,8,0,10,10,30,1,1,0,2,-75,2,-40,0,0,-40,200,-50,0,0,-50,25,1,30,10,-50,-10,200,5,30,20,5,-50,-25
4059561f-7ed3-4a58-b9d6-50f2dd7c2e08,Residential,R2172_1_1,2,400,200,200,400,0,19.2,513.94452,23.52504,556.66956,0,280844,302.8,212598.908,111.61128,213013.3193,-1500,2,-195,-5,0,-200,50,-20,-49,-1,0,-50,0,1,-2,-28,0,-30,25,-50,-1,-9,0,-10,0,1,2,8,0,10,10,30,1,1,0,2,-75,2,-40,0,0,-40,200,-50,0,0,-50,25,1,30,10,-50,-10,200,5,30,20,5,-50,-25
3760ce1f-d601-405b-a9c6-607915ae1158,Residential,R1275_1_1,2,400,200,200,400,0,19.2,513.94452,23.52504,556.66956,0,280844,302.8,212598.908,111.61128,213013.3193,-1500,2,-195,-5,0,-200,50,-20,-49,-1,0,-50,0,1,-2,-28,0,-30,25,-50,-1,-9,0,-10,0,1,2,8,0,10,10,30,1,1,0,2,-75,2,-40,0,0,-40,200,-50,0,0,-50,25,1,30,10,-50,-10,200,5,30,20,5,-50,-25
2743bade-a8b7-447e-a5cf-4decec41ed23,Residential,R1063_1_1,2,400,200,200,400,0,19.2,513.94452,23.52504,556.66956,0,280844,302.8,212598.908,111.61128,213013.3193,-1500,2,-195,-5,0,-200,50,-20,-49,-1,0,-50,0,1,-2,-28,0,-30,25,-50,-1,-9,0,-10,0,1,2,8,0,10,10,30,1,1,0,2,-75,2,-40,0,0,-40,200,-50,0,0,-50,25,1,30,10,-50,-10,200,5,30,20,5,-50,-25
6859ab07-04da-4e87-9c9a-5f5adb3d11ee,Residential,R251_1_1,2,400,200,200,400,0,19.2,513.94452,23.52504,556.66956,0,280844,302.8,212598.908,111.61128,213013.3193,-1500,2,-195,-5,0,-200,50,-20,-49,-1,0,-50,0,1,-2,-28,0,-30,25,-50,-1,-9,0,-10,0,1,2,8,0,10,10,30,1,1,0,2,-75,2,-40,0,0,-40,200,-50,0,0,-50,25,1,30,10,-50,-10,200,5,30,20,5,-50,-25
a169edb8-096b-4e86-ac41-7d17e29c4198,Residential,R504_1_1,2,400,200,200,400,0,19.2,513.94452,23.52504,556.66956,0,280844,302.8,212598.908,111.61128,213013.3193,-1500,2,-195,-5,0,-200,50,-20,-49,-1,0,-50,0,1,-2,-28,0,-30,25,-50,-1,-9,0,-10,0,1,2,8,0,10,10,30,1,1,0,2,-75,2,-40,0,0,-40,200,-50,0,0,-50,25,1,30,10,-50,-10,200,5,30,20,5,-50,-25
6b4ad81e-4f97-4bf9-8368-0dc12e8facec,Residential,R2014_1_1,2,400,200,200,400,0,19.2,513.94452,23.52504,556.66956,0,280844,302.8,212598.908,111.61128,213013.3193,-1500,2,-195,-5,0,-200,50,-20,-49,-1,0,-50,0,1,-2,-28,0,-30,25,-50,-1,-9,0,-10,0,1,2,8,0,10,10,30,1,1,0,2,-75,2,-40,0,0,-40,200,-50,0,0,-50,25,1,30,10,-50,-10,200,5,30,20,5,-50,-25
b0cfc83c-ace2-4947-838a-b644fae07c54,Residential,R2176_1_1,2,400,200,200,400,0,19.2,513.94452,23.52504,556.66956,0,280844,302.8,212598.908,111.61128,213013.3193,-1500,2,-195,-5,0,-200,50,-20,-49,-1,0,-50,0,1,-2,-28,0,-30,25,-50,-1,-9,0,-10,0,1,2,8,0,10,10,30,1,1,0,2,-75,2,-40,0,0,-40,200,-50,0,0,-50,25,1,30,10,-50,-10,200,5,30,20,5,-50,-25
ba944d86-36e5-4cb6-9de7-e245152020ac,Residential,R692_1_1,2,400,200,200,400,0,19.2,513.94452,23.52504,556.66956,0,280844,302.8,212598.908,111.61128,213013.3193,-1500,2,-195,-5,0,-200,50,-20,-49,-1,0,-50,0,1,-2,-28,0,-30,25,-50,-1,-9,0,-10,0,1,2,8,0,10,10,30,1,1,0,2,-75,2,-40,0,0,-40,200,-50,0,0,-50,25,1,30,10,-50,-10,200,5,30,20,5,-50,-25
c1029df1-0429-40c5-aa6e-85b4aa874b4f,Residential,R1555_1_1,2,400,200,200,400,0,19.2,513.94452,23.52504,556.66956,0,280844,302.8,212598.908,111.61128,213013.3193,-1500,2,-195,-5,0,-200,50,-20,-49,-1,0,-50,0,1,-2,-28,0,-30,25,-50,-1,-9,0,-10,0,1,2,8,0,10,10,30,1,1,0,2,-75,2,-40,0,0,-40,200,-50,0,0,-50,25,1,30,10,-50,-10,200,5,30,20,5,-50,-25
fb369d3e-e32b-4e08-8bd1-68a5e00ac91a,Residential,R668_1_1,2,400,200,200,400,0,19.2,513.94452,23.52504,556.66956,0,280844,302.8,212598.908,111.61128,213013.3193,-1500,2,-195,-5,0,-200,50,-20,-49,-1,0,-50,0,1,-2,-28,0,-30,25,-50,-1,-9,0,-10,0,1,2,8,0,10,10,30,1,1,0,2,-75,2,-40,0,0,-40,200,-50,0,0,-50,25,1,30,10,-50,-10,200,5,30,20,5,-50,-25
b634f664-a16b-4cb1-984b-92f73eac57a7,Residential,R803_1_1,2,400,200,200,400,0,19.2,513.94452,23.52504,556.66956,0,280844,302.8,212598.908,111.61128,213013.3193,-1500,2,-195,-5,0,-200,50,-20,-49,-1,0,-50,0,1,-2,-28,0,-30,25,-50,-1,-9,0,-10,0,1,2,8,0,10,10,30,1,1,0,2,-75,2,-40,0,0,-40,200,-50,0,0,-50,25,1,30,10,-50,-10,200,5,30,20,5,-50,-25
6fdbcc73-a910-44c5-a581-29874bcec045,Residential,R1663_1_1,2,400,200,200,400,0,19.2,513.94452,23.52504,556.66956,0,280844,302.8,212598.908,111.61128,213013.3193,-1500,2,-195,-5,0,-200,50,-20,-49,-1,0,-50,0,1,-2,-28,0,-30,25,-50,-1,-9,0,-10,0,1,2,8,0,10,10,30,1,1,0,2,-75,2,-40,0,0,-40,200,-50,0,0,-50,25,1,30,10,-50,-10,200,5,30,20,5,-50,-25
eed6c2ab-560a-4094-bec6-755511889bc4,Residential,R2189_1_1,2,400,200,200,400,0,19.2,513.94452,23.52504,556.66956,0,280844,302.8,212598.908,111.61128,213013.3193,-1500,2,-195,-5,0,-200,50,-20,-49,-1,0,-50,0,1,-2,-28,0,-30,25,-50,-1,-9,0,-10,0,1,2,8,0,10,10,30,1,1,0,2,-75,2,-40,0,0,-40,200,-50,0,0,-50,25,1,30,10,-50,-10,200,5,30,20,5,-50,-25
fba2b679-53c2-408b-b12b-23c0249617ad,Residential,R2080_1_1,2,400,200,200,400,0,19.2,513.94452,23.52504,556.66956,0,280844,302.8,212598.908,111.61128,213013.3193,-1500,2,-195,-5,0,-200,50,-20,-49,-1,0,-50,0,1,-2,-28,0,-30,25,-50,-1,-9,0,-10,0,1,2,8,0,10,10,30,1,1,0,2,-75,2,-40,0,0,-40,200,-50,0,0,-50,25,1,30,10,-50,-10,200,5,30,20,5,-50,-25
d01019c1-ae9c-4f63-84d6-cebee86e2191,Residential,R888_1_1,2,400,200,200,400,0,19.2,513.94452,23.52504,556.66956,0,280844,302.8,212598.908,111.61128,213013.3193,-1500,2,-195,-5,0,-200,50,-20,-49,-1,0,-50,0,1,-2,-28,0,-30,25,-50,-1,-9,0,-10,0,1,2,8,0,10,10,30,1,1,0,2,-75,2,-40,0,0,-40,200,-50,0,0,-50,25,1,30,10,-50,-10,200,5,30,20,5,-50,-25
091fd605-9158-4451-9355-156dcc327e0c,Residential,R1962_1_1,2,400,200,200,400,0,19.2,513.94452,23.52504,556.66956,0,280844,302.8,212598.908,111.61128,213013.3193,-1500,2,-195,-5,0,-200,50,-20,-49,-1,0,-50,0,1,-2,-28,0,-30,25,-50,-1,-9,0,-10,0,1,2,8,0,10,10,30,1,1,0,2,-75,2,-40,0,0,-40,200,-50,0,0,-50,25,1,30,10,-50,-10,200,5,30,20,5,-50,-25
7f4aa0d6-7415-4ecd-aee7-50403dec4827,Residential,R1366_1_1,2,400,200,200,400,0,19.2,513.94452,23.52504,556.66956,0,280844,302.8,212598.908,111.61128,213013.3193,-1500,2,-195,-5,0,-200,50,-20,-49,-1,0,-50,0,1,-2,-28,0,-30,25,-50,-1,-9,0,-10,0,1,2,8,0,10,10,30,1,1,0,2,-75,2,-40,0,0,-40,200,-50,0,0,-50,25,1,30,10,-50,-10,200,5,30,20,5,-50,-25
488b3f9e-ef15-4e12-b3f3-0cb44b2e7d60,Residential,R382_1_1,2,400,200,200,400,0,19.2,513.94452,23.52504,556.66956,0,280844,302.8,212598.908,111.61128,213013.3193,-1500,2,-195,-5,0,-200,50,-20,-49,-1,0,-50,0,1,-2,-28,0,-30,25,-50,-1,-9,0,-10,0,1,2,8,0,10,10,30,1,1,0,2,-75,2,-40,0,0,-40,200,-50,0,0,-50,25,1,30,10,-50,-10,200,5,30,20,5,-50,-25
b5a341b3-bb35-47f8-8f1a-3d0c321ca583,Residential,R1348_1_1,2,400,200,200,400,0,19.2,513.94452,23.52504,556.66956,0,280844,302.8,212598.908,111.61128,213013.3193,-1500,2,-195,-5,0,-200,50,-20,-49,-1,0,-50,0,1,-2,-28,0,-30,25,-50,-1,-9,0,-10,0,1,2,8,0,10,10,30,1,1,0,2,-75,2,-40,0,0,-40,200,-50,0,0,-50,25,1,30,10,-50,-10,200,5,30,20,5,-50,-25
a14b3a3b-70b0-4897-8d46-1050b1bbb7e7,Residential,R88_1_1,2,400,200,200,400,0,19.2,513.94452,23.52504,556.66956,0,280844,302.8,212598.908,111.61128,213013.3193,-1500,2,-195,-5,0,-200,50,-20,-49,-1,0,-50,0,1,-2,-28,0,-30,25,-50,-1,-9,0,-10,0,1,2,8,0,10,10,30,1,1,0,2,-75,2,-40,0,0,-40,200,-50,0,0,-50,25,1,30,10,-50,-10,200,5,30,20,5,-50,-25
65cff742-af37-4d91-ac25-fff558d72d24,Residential,R328_1_1,2,400,200,200,400,0,19.2,513.94452,23.52504,556.66956,0,280844,302.8,212598.908,111.61128,213013.3193,-1500,2,-195,-5,0,-200,50,-20,-49,-1,0,-50,0,1,-2,-28,0,-30,25,-50,-1,-9,0,-10,0,1,2,8,0,10,10,30,1,1,0,2,-75,2,-40,0,0,-40,200,-50,0,0,-50,25,1,30,10,-50,-10,200,5,30,20,5,-50,-25
d0eb4f02-4275-4c97-a1af-bcf302a27325,Residential,R1244_1_1,2,400,200,200,400,0,19.2,513.94452,23.52504,556.66956,0,280844,302.8,212598.908,111.61128,213013.3193,-1500,2,-195,-5,0,-200,50,-20,-49,-1,0,-50,0,1,-2,-28,0,-30,25,-50,-1,-9,0,-10,0,1,2,8,0,10,10,30,1,1,0,2,-75,2,-40,0,0,-40,200,-50,0,0,-50,25,1,30,10,-50,-10,200,5,30,20,5,-50,-25
295fb79a-c071-4839-8a0b-3131814e1a8e,Residential,R1431_1_1,2,400,200,200,400,0,19.2,513.94452,23.52504,556.66956,0,280844,302.8,212598.908,111.61128,213013.3193,-1500,2,-195,-5,0,-200,50,-20,-49,-1,0,-50,0,1,-2,-28,0,-30,25,-50,-1,-9,0,-10,0,1,2,8,0,10,10,30,1,1,0,2,-75,2,-40,0,0,-40,200,-50,0,0,-50,25,1,30,10,-50,-10,200,5,30,20,5,-50,-25
0727fb88-1de5-4e3e-97f3-1c9aa82db0bf,Residential,R1695_1_1,2,400,200,200,400,0,19.2,513.94452,23.52504,556.66956,0,280844,302.8,212598.908,111.61128,213013.3193,-1500,2,-195,-5,0,-200,50,-20,-49,-1,0,-50,0,1,-2,-28,0,-30,25,-50,-1,-9,0,-10,0,1,2,8,0,10,10,30,1,1,0,2,-75,2,-40,0,0,-40,200,-50,0,0,-50,25,1,30,10,-50,-10,200,5,30,20,5,-50,-25
792cb75d-140e-4d99-a602-c009bafb62e1,Residential,R1456_1_1,2,400,200,200,400,0,19.2,513.94452,23.52504,556.66956,0,280844,302.8,212598.908,111.61128,213013.3193,-1500,2,-195,-5,0,-200,50,-20,-49,-1,0,-50,0,1,-2,-28,0,-30,25,-50,-1,-9,0,-10,0,1,2,8,0,10,10,30,1,1,0,2,-75,2,-40,0,0,-40,200,-50,0,0,-50,25,1,30,10,-50,-10,200,5,30,20,5,-50,-25
9db80976-7adc-4c57-85e5-61be0e6251ba,Residential,R2098_1_1,2,400,200,200,400,0,19.2,513.94452,23.52504,556.66956,0,280844,302.8,212598.908,111.61128,213013.3193,-1500,2,-195,-5,0,-200,50,-20,-49,-1,0,-50,0,1,-2,-28,0,-30,25,-50,-1,-9,0,-10,0,1,2,8,0,10,10,30,1,1,0,2,-75,2,-40,0,0,-40,200,-50,0,0,-50,25,1,30,10,-50,-10,200,5,30,20,5,-50,-25
5f8648df-887e-4d07-b0aa-cac72b6215c2,Residential,R1429_1_1,2,400,200,200,400,0,19.2,513.94452,23.52504,556.66956,0,280844,302.8,212598.908,111.61128,213013.3193,-1500,2,-195,-5,0,-200,50,-20,-49,-1,0,-50,0,1,-2,-28,0,-30,25,-50,-1,-9,0,-10,0,1,2,8,0,10,10,30,1,1,0,2,-75,2,-40,0,0,-40,200,-50,0,0,-50,25,1,30,10,-50,-10,200,5,30,20,5,-50,-25
6b578d0a-01c0-4dec-9a84-48b142921c28,Residential,R1060_1_1,2,400,200,200,400,0,19.2,513.94452,23.52504,556.66956,0,280844,302.8,212598.908,111.61128,213013.3193,-1500,2,-195,-5,0,-200,50,-20,-49,-1,0,-50,0,1,-2,-28,0,-30,25,-50,-1,-9,0,-10,0,1,2,8,0,10,10,30,1,1,0,2,-75,2,-40,0,0,-40,200,-50,0,0,-50,25,1,30,10,-50,-10,200,5,30,20,5,-50,-25
0287289c-e376-4e77-b6d2-b8e366bc49ef,Residential,R628_1_1,2,400,200,200,400,0,19.2,513.94452,23.52504,556.66956,0,280844,302.8,212598.908,111.61128,213013.3193,-1500,2,-195,-5,0,-200,50,-20,-49,-1,0,-50,0,1,-2,-28,0,-30,25,-50,-1,-9,0,-10,0,1,2,8,0,10,10,30,1,1,0,2,-75,2,-40,0,0,-40,200,-50,0,0,-50,25,1,30,10,-50,-10,200,5,30,20,5,-50,-25
74e9a8d2-a197-44f4-87cb-72dd55d4988f,Residential,R2142_1_1,2,400,200,200,400,0,19.2,513.94452,23.52504,556.66956,0,280844,302.8,212598.908,111.61128,213013.3193,-1500,2,-195,-5,0,-200,50,-20,-49,-1,0,-50,0,1,-2,-28,0,-30,25,-50,-1,-9,0,-10,0,1,2,8,0,10,10,30,1,1,0,2,-75,2,-40,0,0,-40,200,-50,0,0,-50,25,1,30,10,-50,-10,200,5,30,20,5,-50,-25
4183238b-0f81-46f6-87b7-6add838cc0ae,Residential,R1139_1_1,2,400,200,200,400,0,19.2,513.94452,23.52504,556.66956,0,280844,302.8,212598.908,111.61128,213013.3193,-1500,2,-195,-5,0,-200,50,-20,-49,-1,0,-50,0,1,-2,-28,0,-30,25,-50,-1,-9,0,-10,0,1,2,8,0,10,10,30,1,1,0,2,-75,2,-40,0,0,-40,200,-50,0,0,-50,25,1,30,10,-50,-10,200,5,30,20,5,-50,-25
f4bad090-3d2e-4c72-b7a8-c9b98a1fb666,Residential,R1305_1_1,2,400,200,200,400,0,19.2,513.94452,23.52504,556.66956,0,280844,302.8,212598.908,111.61128,213013.3193,-1500,2,-195,-5,0,-200,50,-20,-49,-1,0,-50,0,1,-2,-28,0,-30,25,-50,-1,-9,0,-10,0,1,2,8,0,10,10,30,1,1,0,2,-75,2,-40,0,0,-40,200,-50,0,0,-50,25,1,30,10,-50,-10,200,5,30,20,5,-50,-25
5f6c20e7-9aa3-4c7f-9699-f18f079ad729,Residential,R1072_1_1,2,400,200,200,400,0,19.2,513.94452,23.52504,556.66956,0,280844,302.8,212598.908,111.61128,213013.3193,-1500,2,-195,-5,0,-200,50,-20,-49,-1,0,-50,0,1,-2,-28,0,-30,25,-50,-1,-9,0,-10,0,1,2,8,0,10,10,30,1,1,0,2,-75,2,-40,0,0,-40,200,-50,0,0,-50,25,1,30,10,-50,-10,200,5,30,20,5,-50,-25
5b46d3f2-62a3-48a2-83c6-e2f93d40d387,Residential,R2004_1_1,2,400,200,200,400,0,19.2,513.94452,23.52504,556.66956,0,280844,302.8,212598.908,111.61128,213013.3193,-1500,2,-195,-5,0,-200,50,-20,-49,-1,0,-50,0,1,-2,-28,0,-30,25,-50,-1,-9,0,-10,0,1,2,8,0,10,10,30,1,1,0,2,-75,2,-40,0,0,-40,200,-50,0,0,-50,25,1,30,10,-50,-10,200,5,30,20,5,-50,-25
ce9f3d47-66a8-42f3-8081-af441702dd0d,Residential,R202_1_1,2,400,200,200,400,0,19.2,513.94452,23.52504,556.66956,0,280844,302.8,212598.908,111.61128,213013.3193,-1500,2,-195,-5,0,-200,50,-20,-49,-1,0,-50,0,1,-2,-28,0,-30,25,-50,-1,-9,0,-10,0,1,2,8,0,10,10,30,1,1,0,2,-75,2,-40,0,0,-40,200,-50,0,0,-50,25,1,30,10,-50,-10,200,5,30,20,5,-50,-25
80ee18f2-47dd-44a5-8f33-8f43a6463632,Residential,R2115_1_1,2,400,200,200,400,0,19.2,513.94452,23.52504,556.66956,0,280844,302.8,212598.908,111.61128,213013.3193,-1500,2,-195,-5,0,-200,50,-20,-49,-1,0,-50,0,1,-2,-28,0,-30,25,-50,-1,-9,0,-10,0,1,2,8,0,10,10,30,1,1,0,2,-75,2,-40,0,0,-40,200,-50,0,0,-50,25,1,30,10,-50,-10,200,5,30,20,5,-50,-25
390163c9-9ca8-48f6-ae8d-ab835611cc8e,Residential,R76_1_1,2,400,200,200,400,0,19.2,513.94452,23.52504,556.66956,0,280844,302.8,212598.908,111.61128,213013.3193,-1500,2,-195,-5,0,-200,50,-20,-49,-1,0,-50,0,1,-2,-28,0,-30,25,-50,-1,-9,0,-10,0,1,2,8,0,10,10,30,1,1,0,2,-75,2,-40,0,0,-40,200,-50,0,0,-50,25,1,30,10,-50,-10,200,5,30,20,5,-50,-25
b3f928ef-0bd1-4c4a-b612-fccf95aa6bcb,Residential,R2206_1_1,2,400,200,200,400,0,19.2,513.94452,23.52504,556.66956,0,280844,302.8,212598.908,111.61128,213013.3193,-1500,2,-195,-5,0,-200,50,-20,-49,-1,0,-50,0,1,-2,-28,0,-30,25,-50,-1,-9,0,-10,0,1,2,8,0,10,10,30,1,1,0,2,-75,2,-40,0,0,-40,200,-50,0,0,-50,25,1,30,10,-50,-10,200,5,30,20,5,-50,-25
bd0f59a3-25c1-45d9-82cc-5c6dc88ffaa6,Residential,R428_1_1,2,400,200,200,400,0,19.2,513.94452,23.52504,556.66956,0,280844,302.8,212598.908,111.61128,213013.3193,-1500,2,-195,-5,0,-200,50,-20,-49,-1,0,-50,0,1,-2,-28,0,-30,25,-50,-1,-9,0,-10,0,1,2,8,0,10,10,30,1,1,0,2,-75,2,-40,0,0,-40,200,-50,0,0,-50,25,1,30,10,-50,-10,200,5,30,20,5,-50,-25
deb7a41d-2f82-4dbf-8d8a-27f54d4757fa,Residential,R1938_1_1,2,400,200,200,400,0,19.2,513.94452,23.52504,556.66956,0,280844,302.8,212598.908,111.61128,213013.3193,-1500,2,-195,-5,0,-200,50,-20,-49,-1,0,-50,0,1,-2,-28,0,-30,25,-50,-1,-9,0,-10,0,1,2,8,0,10,10,30,1,1,0,2,-75,2,-40,0,0,-40,200,-50,0,0,-50,25,1,30,10,-50,-10,200,5,30,20,5,-50,-25
708a4ca7-347f-465d-8f96-04f7b7cf20b7,Residential,R602_1_1,2,400,200,200,400,0,19.2,513.94452,23.52504,556.66956,0,280844,302.8,212598.908,111.61128,213013.3193,-1500,2,-195,-5,0,-200,50,-20,-49,-1,0,-50,0,1,-2,-28,0,-30,25,-50,-1,-9,0,-10,0,1,2,8,0,10,10,30,1,1,0,2,-75,2,-40,0,0,-40,200,-50,0,0,-50,25,1,30,10,-50,-10,200,5,30,20,5,-50,-25
21b42a27-9212-4e68-8b2e-c2adb737c18e,Residential,R130_1_1,2,400,200,200,400,0,19.2,513.94452,23.52504,556.66956,0,280844,302.8,212598.908,111.61128,213013.3193,-1500,2,-195,-5,0,-200,50,-20,-49,-1,0,-50,0,1,-2,-28,0,-30,25,-50,-1,-9,0,-10,0,1,2,8,0,10,10,30,1,1,0,2,-75,2,-40,0,0,-40,200,-50,0,0,-50,25,1,30,10,-50,-10,200,5,30,20,5,-50,-25
c766b097-b69f-449d-8b5f-555bf5f6659b,Residential,R2190_1_1,2,400,200,200,400,0,19.2,513.94452,23.52504,556.66956,0,280844,302.8,212598.908,111.61128,213013.3193,-1500,2,-195,-5,0,-200,50,-20,-49,-1,0,-50,0,1,-2,-28,0,-30,25,-50,-1,-9,0,-10,0,1,2,8,0,10,10,30,1,1,0,2,-75,2,-40,0,0,-40,200,-50,0,0,-50,25,1,30,10,-50,-10,200,5,30,20,5,-50,-25
90829cdb-0562-4dbc-8faf-5a7a9e8d769c,Residential,R1331_1_1,2,400,200,200,400,0,19.2,513.94452,23.52504,556.66956,0,280844,302.8,212598.908,111.61128,213013.3193,-1500,2,-195,-5,0,-200,50,-20,-49,-1,0,-50,0,1,-2,-28,0,-30,25,-50,-1,-9,0,-10,0,1,2,8,0,10,10,30,1,1,0,2,-75,2,-40,0,0,-40,200,-50,0,0,-50,25,1,30,10,-50,-10,200,5,30,20,5,-50,-25
52cc4887-0d8f-45e2-9177-f31eb9fe0673,Residential,R1855_1_1,2,400,200,200,400,0,19.2,513.94452,23.52504,556.66956,0,280844,302.8,212598.908,111.61128,213013.3193,-1500,2,-195,-5,0,-200,50,-20,-49,-1,0,-50,0,1,-2,-28,0,-30,25,-50,-1,-9,0,-10,0,1,2,8,0,10,10,30,1,1,0,2,-75,2,-40,0,0,-40,200,-50,0,0,-50,25,1,30,10,-50,-10,200,5,30,20,5,-50,-25
49f30e68-265c-4e8d-838d-ac8496d11c29,Residential,R637_1_1,2,400,200,200,400,0,19.2,513.94452,23.52504,556.66956,0,280844,302.8,212598.908,111.61128,213013.3193,-1500,2,-195,-5,0,-200,50,-20,-49,-1,0,-50,0,1,-2,-28,0,-30,25,-50,-1,-9,0,-10,0,1,2,8,0,10,10,30,1,1,0,2,-75,2,-40,0,0,-40,200,-50,0,0,-50,25,1,30,10,-50,-10,200,5,30,20,5,-50,-25
0c6f6988-eb92-45e1-9876-370b660c2a42,Residential,R921_1_1,2,400,200,200,400,0,19.2,513.94452,23.52504,556.66956,0,280844,302.8,212598.908,111.61128,213013.3193,-1500,2,-195,-5,0,-200,50,-20,-49,-1,0,-50,0,1,-2,-28,0,-30,25,-50,-1,-9,0,-10,0,1,2,8,0,10,10,30,1,1,0,2,-75,2,-40,0,0,-40,200,-50,0,0,-50,25,1,30,10,-50,-10,200,5,30,20,5,-50,-25
279ae3b9-3f67-443a-8b1a-a1237651ec4c,Residential,R340_1_1,2,400,200,200,400,0,19.2,513.94452,23.52504,556.66956,0,280844,302.8,212598.908,111.61128,213013.3193,-1500,2,-195,-5,0,-200,50,-20,-49,-1,0,-50,0,1,-2,-28,0,-30,25,-50,-1,-9,0,-10,0,1,2,8,0,10,10,30,1,1,0,2,-75,2,-40,0,0,-40,200,-50,0,0,-50,25,1,30,10,-50,-10,200,5,30,20,5,-50,-25
7ba4aaa4-d11f-41a7-8b98-ec780c03f4ad,Residential,R408_1_1,2,400,200,200,400,0,19.2,513.94452,23.52504,556.66956,0,280844,302.8,212598.908,111.61128,213013.3193,-1500,2,-195,-5,0,-200,50,-20,-49,-1,0,-50,0,1,-2,-28,0,-30,25,-50,-1,-9,0,-10,0,1,2,8,0,10,10,30,1,1,0,2,-75,2,-40,0,0,-40,200,-50,0,0,-50,25,1,30,10,-50,-10,200,5,30,20,5,-50,-25
fdddd853-a361-407e-93c7-a74ef43ebe2b,Residential,R704_1_1,2,400,200,200,400,0,19.2,513.94452,23.52504,556.66956,0,280844,302.8,212598.908,111.61128,213013.3193,-1500,2,-195,-5,0,-200,50,-20,-49,-1,0,-50,0,1,-2,-28,0,-30,25,-50,-1,-9,0,-10,0,1,2,8,0,10,10,30,1,1,0,2,-75,2,-40,0,0,-40,200,-50,0,0,-50,25,1,30,10,-50,-10,200,5,30,20,5,-50,-25
a297a52d-2b7c-4605-8e78-284615968228,Residential,R2183_1_1,2,400,200,200,400,0,19.2,513.94452,23.52504,556.66956,0,280844,302.8,212598.908,111.61128,213013.3193,-1500,2,-195,-5,0,-200,50,-20,-49,-1,0,-50,0,1,-2,-28,0,-30,25,-50,-1,-9,0,-10,0,1,2,8,0,10,10,30,1,1,0,2,-75,2,-40,0,0,-40,200,-50,0,0,-50,25,1,30,10,-50,-10,200,5,30,20,5,-50,-25
0877bc44-f5c7-40b4-95e7-21d7b8e5586f,Residential,R1524_1_1,2,400,200,200,400,0,19.2,513.94452,23.52504,556.66956,0,280844,302.8,212598.908,111.61128,213013.3193,-1500,2,-195,-5,0,-200,50,-20,-49,-1,0,-50,0,1,-2,-28,0,-30,25,-50,-1,-9,0,-10,0,1,2,8,0,10,10,30,1,1,0,2,-75,2,-40,0,0,-40,200,-50,0,0,-50,25,1,30,10,-50,-10,200,5,30,20,5,-50,-25
50b57164-f049-4be3-9cb0-a447d841cf19,Residential,R1868_1_1,2,400,200,200,400,0,19.2,513.94452,23.52504,556.66956,0,280844,302.8,212598.908,111.61128,213013.3193,-1500,2,-195,-5,0,-200,50,-20,-49,-1,0,-50,0,1,-2,-28,0,-30,25,-50,-1,-9,0,-10,0,1,2,8,0,10,10,30,1,1,0,2,-75,2,-40,0,0,-40,200,-50,0,0,-50,25,1,30,10,-50,-10,200,5,30,20,5,-50,-25
be1ee578-f45a-433b-b1e3-f724da23c227,Residential,R1021_1_1,2,400,200,200,400,0,19.2,513.94452,23.52504,556.66956,0,280844,302.8,212598.908,111.61128,213013.3193,-1500,2,-195,-5,0,-200,50,-20,-49,-1,0,-50,0,1,-2,-28,0,-30,25,-50,-1,-9,0,-10,0,1,2,8,0,10,10,30,1,1,0,2,-75,2,-40,0,0,-40,200,-50,0,0,-50,25,1,30,10,-50,-10,200,5,30,20,5,-50,-25
9ff3719d-896d-4839-a99f-e941302f7590,Residential,R820_1_1,2,400,200,200,400,0,19.2,513.94452,23.52504,556.66956,0,280844,302.8,212598.908,111.61128,213013.3193,-1500,2,-195,-5,0,-200,50,-20,-49,-1,0,-50,0,1,-2,-28,0,-30,25,-50,-1,-9,0,-10,0,1,2,8,0,10,10,30,1,1,0,2,-75,2,-40,0,0,-40,200,-50,0,0,-50,25,1,30,10,-50,-10,200,5,30,20,5,-50,-25
f56a1dca-917d-47f1-a47c-edcfc4add000,Residential,R736_1_1,2,400,200,200,400,0,19.2,513.94452,23.52504,556.66956,0,280844,302.8,212598.908,111.61128,213013.3193,-1500,2,-195,-5,0,-200,50,-20,-49,-1,0,-50,0,1,-2,-28,0,-30,25,-50,-1,-9,0,-10,0,1,2,8,0,10,10,30,1,1,0,2,-75,2,-40,0,0,-40,200,-50,0,0,-50,25,1,30,10,-50,-10,200,5,30,20,5,-50,-25
8a3bfa87-f4d3-4518-9d1d-0b49e8bdebc8,Residential,R558_1_1,2,400,200,200,400,0,19.2,513.94452,23.52504,556.66956,0,280844,302.8,212598.908,111.61128,213013.3193,-1500,2,-195,-5,0,-200,50,-20,-49,-1,0,-50,0,1,-2,-28,0,-30,25,-50,-1,-9,0,-10,0,1,2,8,0,10,10,30,1,1,0,2,-75,2,-40,0,0,-40,200,-50,0,0,-50,25,1,30,10,-50,-10,200,5,30,20,5,-50,-25
0b534cb5-8baf-438f-95ac-8ad67fcf96cb,Residential,R1270_1_1,2,400,200,200,400,0,19.2,513.94452,23.52504,556.66956,0,280844,302.8,212598.908,111.61128,213013.3193,-1500,2,-195,-5,0,-200,50,-20,-49,-1,0,-50,0,1,-2,-28,0,-30,25,-50,-1,-9,0,-10,0,1,2,8,0,10,10,30,1,1,0,2,-75,2,-40,0,0,-40,200,-50,0,0,-50,25,1,30,10,-50,-10,200,5,30,20,5,-50,-25
9c8812cc-5160-4481-b34e-7a9957f6c6a5,Residential,R1834_1_1,2,400,200,200,400,0,19.2,513.94452,23.52504,556.66956,0,280844,302.8,212598.908,111.61128,213013.3193,-1500,2,-195,-5,0,-200,50,-20,-49,-1,0,-50,0,1,-2,-28,0,-30,25,-50,-1,-9,0,-10,0,1,2,8,0,10,10,30,1,1,0,2,-75,2,-40,0,0,-40,200,-50,0,0,-50,25,1,30,10,-50,-10,200,5,30,20,5,-50,-25
8cf38927-a8bf-41fc-b88f-b3168ca2c263,Residential,R1322_1_1,2,400,200,200,400,0,19.2,513.94452,23.52504,556.66956,0,280844,302.8,212598.908,111.61128,213013.3193,-1500,2,-195,-5,0,-200,50,-20,-49,-1,0,-50,0,1,-2,-28,0,-30,25,-50,-1,-9,0,-10,0,1,2,8,0,10,10,30,1,1,0,2,-75,2,-40,0,0,-40,200,-50,0,0,-50,25,1,30,10,-50,-10,200,5,30,20,5,-50,-25
dc415e78-65d3-424c-83d9-a2fdf225504e,Residential,R1508_1_1,2,400,200,200,400,0,19.2,513.94452,23.52504,556.66956,0,280844,302.8,212598.908,111.61128,213013.3193,-1500,2,-195,-5,0,-200,50,-20,-49,-1,0,-50,0,1,-2,-28,0,-30,25,-50,-1,-9,0,-10,0,1,2,8,0,10,10,30,1,1,0,2,-75,2,-40,0,0,-40,200,-50,0,0,-50,25,1,30,10,-50,-10,200,5,30,20,5,-50,-25
76b1f205-c0f8-4ae7-b563-ca1ecd90dc38,Residential,R950_1_1,2,400,200,200,400,0,19.2,513.94452,23.52504,556.66956,0,280844,302.8,212598.908,111.61128,213013.3193,-1500,2,-195,-5,0,-200,50,-20,-49,-1,0,-50,0,1,-2,-28,0,-30,25,-50,-1,-9,0,-10,0,1,2,8,0,10,10,30,1,1,0,2,-75,2,-40,0,0,-40,200,-50,0,0,-50,25,1,30,10,-50,-10,200,5,30,20,5,-50,-25
3d7ce849-4840-4ba3-996c-6a6dcc1608c2,Residential,R170_1_1,2,400,200,200,400,0,19.2,513.94452,23.52504,556.66956,0,280844,302.8,212598.908,111.61128,213013.3193,-1500,2,-195,-5,0,-200,50,-20,-49,-1,0,-50,0,1,-2,-28,0,-30,25,-50,-1,-9,0,-10,0,1,2,8,0,10,10,30,1,1,0,2,-75,2,-40,0,0,-40,200,-50,0,0,-50,25,1,30,10,-50,-10,200,5,30,20,5,-50,-25
216730a3-0285-4de7-bbe4-a688b526b0c7,Residential,R2008_1_1,2,400,200,200,400,0,19.2,513.94452,23.52504,556.66956,0,280844,302.8,212598.908,111.61128,213013.3193,-1500,2,-195,-5,0,-200,50,-20,-49,-1,0,-50,0,1,-2,-28,0,-30,25,-50,-1,-9,0,-10,0,1,2,8,0,10,10,30,1,1,0,2,-75,2,-40,0,0,-40,200,-50,0,0,-50,25,1,30,10,-50,-10,200,5,30,20,5,-50,-25
cb2ef29b-9adf-41a7-beb8-30b341d6d533,Residential,R2068_1_1,2,400,200,200,400,0,19.2,513.94452,23.52504,556.66956,0,280844,302.8,212598.908,111.61128,213013.3193,-1500,2,-195,-5,0,-200,50,-20,-49,-1,0,-50,0,1,-2,-28,0,-30,25,-50,-1,-9,0,-10,0,1,2,8,0,10,10,30,1,1,0,2,-75,2,-40,0,0,-40,200,-50,0,0,-50,25,1,30,10,-50,-10,200,5,30,20,5,-50,-25
d30c9b9d-8929-4554-90cd-d3a8cd289397,Residential,R2039_1_1,2,400,200,200,400,0,19.2,513.94452,23.52504,556.66956,0,280844,302.8,212598.908,111.61128,213013.3193,-1500,2,-195,-5,0,-200,50,-20,-49,-1,0,-50,0,1,-2,-28,0,-30,25,-50,-1,-9,0,-10,0,1,2,8,0,10,10,30,1,1,0,2,-75,2,-40,0,0,-40,200,-50,0,0,-50,25,1,30,10,-50,-10,200,5,30,20,5,-50,-25
ed2afa2a-fba5-4ee2-984a-ef2c4902febe,Residential,R1102_1_1,2,400,200,200,400,0,19.2,513.94452,23.52504,556.66956,0,280844,302.8,212598.908,111.61128,213013.3193,-1500,2,-195,-5,0,-200,50,-20,-49,-1,0,-50,0,1,-2,-28,0,-30,25,-50,-1,-9,0,-10,0,1,2,8,0,10,10,30,1,1,0,2,-75,2,-40,0,0,-40,200,-50,0,0,-50,25,1,30,10,-50,-10,200,5,30,20,5,-50,-25
38abe0e4-7d87-4ee0-a2aa-14222f1abd6d,Residential,R1198_1_1,2,400,200,200,400,0,19.2,513.94452,23.52504,556.66956,0,280844,302.8,212598.908,111.61128,213013.3193,-1500,2,-195,-5,0,-200,50,-20,-49,-1,0,-50,0,1,-2,-28,0,-30,25,-50,-1,-9,0,-10,0,1,2,8,0,10,10,30,1,1,0,2,-75,2,-40,0,0,-40,200,-50,0,0,-50,25,1,30,10,-50,-10,200,5,30,20,5,-50,-25
bec8ef4a-b80f-4943-81e4-0b721144094e,Residential,R516_1_1,2,400,200,200,400,0,19.2,513.94452,23.52504,556.66956,0,280844,302.8,212598.908,111.61128,213013.3193,-1500,2,-195,-5,0,-200,50,-20,-49,-1,0,-50,0,1,-2,-28,0,-30,25,-50,-1,-9,0,-10,0,1,2,8,0,10,10,30,1,1,0,2,-75,2,-40,0,0,-40,200,-50,0,0,-50,25,1,30,10,-50,-10,200,5,30,20,5,-50,-25
bcacd4dc-f1e6-41ab-90f2-5377a499f891,Residential,R2175_1_1,2,400,200,200,400,0,19.2,513.94452,23.52504,556.66956,0,280844,302.8,212598.908,111.61128,213013.3193,-1500,2,-195,-5,0,-200,50,-20,-49,-1,0,-50,0,1,-2,-28,0,-30,25,-50,-1,-9,0,-10,0,1,2,8,0,10,10,30,1,1,0,2,-75,2,-40,0,0,-40,200,-50,0,0,-50,25,1,30,10,-50,-10,200,5,30,20,5,-50,-25
03dd0df8-8e3c-47a2-ad8e-ba8c7219e44e,Residential,R1364_1_1,2,400,200,200,400,0,19.2,513.94452,23.52504,556.66956,0,280844,302.8,212598.908,111.61128,213013.3193,-1500,2,-195,-5,0,-200,50,-20,-49,-1,0,-50,0,1,-2,-28,0,-30,25,-50,-1,-9,0,-10,0,1,2,8,0,10,10,30,1,1,0,2,-75,2,-40,0,0,-40,200,-50,0,0,-50,25,1,30,10,-50,-10,200,5,30,20,5,-50,-25
66d372ba-0aef-4cb9-8c6f-dab1aed1202c,Residential,R1288_1_1,2,400,200,200,400,0,19.2,513.94452,23.52504,556.66956,0,280844,302.8,212598.908,111.61128,213013.3193,-1500,2,-195,-5,0,-200,50,-20,-49,-1,0,-50,0,1,-2,-28,0,-30,25,-50,-1,-9,0,-10,0,1,2,8,0,10,10,30,1,1,0,2,-75,2,-40,0,0,-40,200,-50,0,0,-50,25,1,30,10,-50,-10,200,5,30,20,5,-50,-25
2b1293e3-4537-4615-992b-59f83a8f44ad,Residential,R209_1_1,2,400,200,200,400,0,19.2,513.94452,23.52504,556.66956,0,280844,302.8,212598.908,111.61128,213013.3193,-1500,2,-195,-5,0,-200,50,-20,-49,-1,0,-50,0,1,-2,-28,0,-30,25,-50,-1,-9,0,-10,0,1,2,8,0,10,10,30,1,1,0,2,-75,2,-40,0,0,-40,200,-50,0,0,-50,25,1,30,10,-50,-10,200,5,30,20,5,-50,-25
9d052590-fbb4-4537-a08b-460b50f45fe5,Residential,R2064_1_1,2,400,200,200,400,0,19.2,513.94452,23.52504,556.66956,0,280844,302.8,212598.908,111.61128,213013.3193,-1500,2,-195,-5,0,-200,50,-20,-49,-1,0,-50,0,1,-2,-28,0,-30,25,-50,-1,-9,0,-10,0,1,2,8,0,10,10,30,1,1,0,2,-75,2,-40,0,0,-40,200,-50,0,0,-50,25,1,30,10,-50,-10,200,5,30,20,5,-50,-25
e18acf22-9d74-422b-92f7-ed0f37b25df5,Residential,R547_1_1,2,400,200,200,400,0,19.2,513.94452,23.52504,556.66956,0,280844,302.8,212598.908,111.61128,213013.3193,-1500,2,-195,-5,0,-200,50,-20,-49,-1,0,-50,0,1,-2,-28,0,-30,25,-50,-1,-9,0,-10,0,1,2,8,0,10,10,30,1,1,0,2,-75,2,-40,0,0,-40,200,-50,0,0,-50,25,1,30,10,-50,-10,200,5,30,20,5,-50,-25
80f8826a-a8d4-4c4c-adf2-98701b359d47,Residential,R1372_1_1,2,400,200,200,400,0,19.2,513.94452,23.52504,556.66956,0,280844,302.8,212598.908,111.61128,213013.3193,-1500,2,-195,-5,0,-200,50,-20,-49,-1,0,-50,0,1,-2,-28,0,-30,25,-50,-1,-9,0,-10,0,1,2,8,0,10,10,30,1,1,0,2,-75,2,-40,0,0,-40,200,-50,0,0,-50,25,1,30,10,-50,-10,200,5,30,20,5,-50,-25
8b1acb4c-ea2f-45d6-8131-8b8829b05a33,Residential,R92_1_1,2,400,200,200,400,0,19.2,513.94452,23.52504,556.66956,0,280844,302.8,212598.908,111.61128,213013.3193,-1500,2,-195,-5,0,-200,50,-20,-49,-1,0,-50,0,1,-2,-28,0,-30,25,-50,-1,-9,0,-10,0,1,2,8,0,10,10,30,1,1,0,2,-75,2,-40,0,0,-40,200,-50,0,0,-50,25,1,30,10,-50,-10,200,5,30,20,5,-50,-25
bdceca48-99e2-46ef-aaaf-83205bdf7c90,Residential,R1866_1_1,2,400,200,200,400,0,19.2,513.94452,23.52504,556.66956,0,280844,302.8,212598.908,111.61128,213013.3193,-1500,2,-195,-5,0,-200,50,-20,-49,-1,0,-50,0,1,-2,-28,0,-30,25,-50,-1,-9,0,-10,0,1,2,8,0,10,10,30,1,1,0,2,-75,2,-40,0,0,-40,200,-50,0,0,-50,25,1,30,10,-50,-10,200,5,30,20,5,-50,-25
d35b0ac0-cad7-43e5-a619-6f853350cd0a,Residential,R703_1_1,2,400,200,200,400,0,19.2,513.94452,23.52504,556.66956,0,280844,302.8,212598.908,111.61128,213013.3193,-1500,2,-195,-5,0,-200,50,-20,-49,-1,0,-50,0,1,-2,-28,0,-30,25,-50,-1,-9,0,-10,0,1,2,8,0,10,10,30,1,1,0,2,-75,2,-40,0,0,-40,200,-50,0,0,-50,25,1,30,10,-50,-10,200,5,30,20,5,-50,-25
694420e5-7696-467f-8270-dbd0c08a7119,Residential,R302_1_1,2,400,200,200,400,0,19.2,513.94452,23.52504,556.66956,0,280844,302.8,212598.908,111.61128,213013.3193,-1500,2,-195,-5,0,-200,50,-20,-49,-1,0,-50,0,1,-2,-28,0,-30,25,-50,-1,-9,0,-10,0,1,2,8,0,10,10,30,1,1,0,2,-75,2,-40,0,0,-40,200,-50,0,0,-50,25,1,30,10,-50,-10,200,5,30,20,5,-50,-25
c2cd695b-f915-4e29-a7e6-58fa3ce0c571,Residential,R589_1_1,2,400,200,200,400,0,19.2,513.94452,23.52504,556.66956,0,280844,302.8,212598.908,111.61128,213013.3193,-1500,2,-195,-5,0,-200,50,-20,-49,-1,0,-50,0,1,-2,-28,0,-30,25,-50,-1,-9,0,-10,0,1,2,8,0,10,10,30,1,1,0,2,-75,2,-40,0,0,-40,200,-50,0,0,-50,25,1,30,10,-50,-10,200,5,30,20,5,-50,-25
0073bddb-09d1-44d8-822a-9e6e3cd00fc8,Residential,R81_1_1,2,400,200,200,400,0,19.2,513.94452,23.52504,556.66956,0,280844,302.8,212598.908,111.61128,213013.3193,-1500,2,-195,-5,0,-200,50,-20,-49,-1,0,-50,0,1,-2,-28,0,-30,25,-50,-1,-9,0,-10,0,1,2,8,0,10,10,30,1,1,0,2,-75,2,-40,0,0,-40,200,-50,0,0,-50,25,1,30,10,-50,-10,200,5,30,20,5,-50,-25
f714e2ca-1b4d-4935-be6d-b0e6082c5edc,Residential,R491_1_1,2,400,200,200,400,0,19.2,513.94452,23.52504,556.66956,0,280844,302.8,212598.908,111.61128,213013.3193,-1500,2,-195,-5,0,-200,50,-20,-49,-1,0,-50,0,1,-2,-28,0,-30,25,-50,-1,-9,0,-10,0,1,2,8,0,10,10,30,1,1,0,2,-75,2,-40,0,0,-40,200,-50,0,0,-50,25,1,30,10,-50,-10,200,5,30,20,5,-50,-25
b29accd7-dc81-4123-a49f-8aefb6ffc816,Residential,R1945_1_1,2,400,200,200,400,0,19.2,513.94452,23.52504,556.66956,0,280844,302.8,212598.908,111.61128,213013.3193,-1500,2,-195,-5,0,-200,50,-20,-49,-1,0,-50,0,1,-2,-28,0,-30,25,-50,-1,-9,0,-10,0,1,2,8,0,10,10,30,1,1,0,2,-75,2,-40,0,0,-40,200,-50,0,0,-50,25,1,30,10,-50,-10,200,5,30,20,5,-50,-25
d02677c6-8793-4bd3-8d95-7b889c59b0b9,Residential,R787_1_1,2,400,200,200,400,0,19.2,513.94452,23.52504,556.66956,0,280844,302.8,212598.908,111.61128,213013.3193,-1500,2,-195,-5,0,-200,50,-20,-49,-1,0,-50,0,1,-2,-28,0,-30,25,-50,-1,-9,0,-10,0,1,2,8,0,10,10,30,1,1,0,2,-75,2,-40,0,0,-40,200,-50,0,0,-50,25,1,30,10,-50,-10,200,5,30,20,5,-50,-25
88600394-f764-46f6-9a97-6343d1d99d17,Residential,R319_1_1,2,400,200,200,400,0,19.2,513.94452,23.52504,556.66956,0,280844,302.8,212598.908,111.61128,213013.3193,-1500,2,-195,-5,0,-200,50,-20,-49,-1,0,-50,0,1,-2,-28,0,-30,25,-50,-1,-9,0,-10,0,1,2,8,0,10,10,30,1,1,0,2,-75,2,-40,0,0,-40,200,-50,0,0,-50,25,1,30,10,-50,-10,200,5,30,20,5,-50,-25
4cf113b6-d294-46c5-9179-39e91908b6e0,Residential,R2066_1_1,2,400,200,200,400,0,19.2,513.94452,23.52504,556.66956,0,280844,302.8,212598.908,111.61128,213013.3193,-1500,2,-195,-5,0,-200,50,-20,-49,-1,0,-50,0,1,-2,-28,0,-30,25,-50,-1,-9,0,-10,0,1,2,8,0,10,10,30,1,1,0,2,-75,2,-40,0,0,-40,200,-50,0,0,-50,25,1,30,10,-50,-10,200,5,30,20,5,-50,-25
62872b87-cdca-4bad-9e31-4fbc2ca65255,Residential,R1673_1_1,2,400,200,200,400,0,19.2,513.94452,23.52504,556.66956,0,280844,302.8,212598.908,111.61128,213013.3193,-1500,2,-195,-5,0,-200,50,-20,-49,-1,0,-50,0,1,-2,-28,0,-30,25,-50,-1,-9,0,-10,0,1,2,8,0,10,10,30,1,1,0,2,-75,2,-40,0,0,-40,200,-50,0,0,-50,25,1,30,10,-50,-10,200,5,30,20,5,-50,-25
6c6f5de2-017a-49f7-a166-346b533f1a13,Residential,R262_1_1,2,400,200,200,400,0,19.2,513.94452,23.52504,556.66956,0,280844,302.8,212598.908,111.61128,213013.3193,-1500,2,-195,-5,0,-200,50,-20,-49,-1,0,-50,0,1,-2,-28,0,-30,25,-50,-1,-9,0,-10,0,1,2,8,0,10,10,30,1,1,0,2,-75,2,-40,0,0,-40,200,-50,0,0,-50,25,1,30,10,-50,-10,200,5,30,20,5,-50,-25
15f58b44-7e6a-4908-a87b-c7426172dbf9,Residential,R144_1_1,2,400,200,200,400,0,19.2,513.94452,23.52504,556.66956,0,280844,302.8,212598.908,111.61128,213013.3193,-1500,2,-195,-5,0,-200,50,-20,-49,-1,0,-50,0,1,-2,-28,0,-30,25,-50,-1,-9,0,-10,0,1,2,8,0,10,10,30,1,1,0,2,-75,2,-40,0,0,-40,200,-50,0,0,-50,25,1,30,10,-50,-10,200,5,30,20,5,-50,-25
b06aceec-abf8-4188-b203-14523b5b6a73,Residential,R1753_1_1,2,400,200,200,400,0,19.2,513.94452,23.52504,556.66956,0,280844,302.8,212598.908,111.61128,213013.3193,-1500,2,-195,-5,0,-200,50,-20,-49,-1,0,-50,0,1,-2,-28,0,-30,25,-50,-1,-9,0,-10,0,1,2,8,0,10,10,30,1,1,0,2,-75,2,-40,0,0,-40,200,-50,0,0,-50,25,1,30,10,-50,-10,200,5,30,20,5,-50,-25
26ea6ad0-508d-47aa-ab1d-654ef1406a74,Residential,R195_1_1,2,400,200,200,400,0,19.2,513.94452,23.52504,556.66956,0,280844,302.8,212598.908,111.61128,213013.3193,-1500,2,-195,-5,0,-200,50,-20,-49,-1,0,-50,0,1,-2,-28,0,-30,25,-50,-1,-9,0,-10,0,1,2,8,0,10,10,30,1,1,0,2,-75,2,-40,0,0,-40,200,-50,0,0,-50,25,1,30,10,-50,-10,200,5,30,20,5,-50,-25
d1909f30-2165-437d-9ba3-68a7809fdad6,Residential,R383_1_1,2,400,200,200,400,0,19.2,513.94452,23.52504,556.66956,0,280844,302.8,212598.908,111.61128,213013.3193,-1500,2,-195,-5,0,-200,50,-20,-49,-1,0,-50,0,1,-2,-28,0,-30,25,-50,-1,-9,0,-10,0,1,2,8,0,10,10,30,1,1,0,2,-75,2,-40,0,0,-40,200,-50,0,0,-50,25,1,30,10,-50,-10,200,5,30,20,5,-50,-25
aa19c1d3-3351-4598-ad7e-7cbaa7840498,Residential,R659_1_1,2,400,200,200,400,0,19.2,513.94452,23.52504,556.66956,0,280844,302.8,212598.908,111.61128,213013.3193,-1500,2,-195,-5,0,-200,50,-20,-49,-1,0,-50,0,1,-2,-28,0,-30,25,-50,-1,-9,0,-10,0,1,2,8,0,10,10,30,1,1,0,2,-75,2,-40,0,0,-40,200,-50,0,0,-50,25,1,30,10,-50,-10,200,5,30,20,5,-50,-25
8fe0f3f2-d227-4895-8472-6ef46d0be16a,Residential,R1901_1_1,2,400,200,200,400,0,19.2,513.94452,23.52504,556.66956,0,280844,302.8,212598.908,111.61128,213013.3193,-1500,2,-195,-5,0,-200,50,-20,-49,-1,0,-50,0,1,-2,-28,0,-30,25,-50,-1,-9,0,-10,0,1,2,8,0,10,10,30,1,1,0,2,-75,2,-40,0,0,-40,200,-50,0,0,-50,25,1,30,10,-50,-10,200,5,30,20,5,-50,-25
3c1f107a-2261-4048-8534-a6f985bf36a4,Residential,R66_1_1,2,400,200,200,400,0,19.2,513.94452,23.52504,556.66956,0,280844,302.8,212598.908,111.61128,213013.3193,-1500,2,-195,-5,0,-200,50,-20,-49,-1,0,-50,0,1,-2,-28,0,-30,25,-50,-1,-9,0,-10,0,1,2,8,0,10,10,30,1,1,0,2,-75,2,-40,0,0,-40,200,-50,0,0,-50,25,1,30,10,-50,-10,200,5,30,20,5,-50,-25
fa2dffdd-983f-4b7e-b522-5c57436ad895,Residential,R221_1_1,2,400,200,200,400,0,19.2,513.94452,23.52504,556.66956,0,280844,302.8,212598.908,111.61128,213013.3193,-1500,2,-195,-5,0,-200,50,-20,-49,-1,0,-50,0,1,-2,-28,0,-30,25,-50,-1,-9,0,-10,0,1,2,8,0,10,10,30,1,1,0,2,-75,2,-40,0,0,-40,200,-50,0,0,-50,25,1,30,10,-50,-10,200,5,30,20,5,-50,-25
ae6b226d-becf-4eaf-a1f6-82c668b10884,Residential,R2104_1_1,2,400,200,200,400,0,19.2,513.94452,23.52504,556.66956,0,280844,302.8,212598.908,111.61128,213013.3193,-1500,2,-195,-5,0,-200,50,-20,-49,-1,0,-50,0,1,-2,-28,0,-30,25,-50,-1,-9,0,-10,0,1,2,8,0,10,10,30,1,1,0,2,-75,2,-40,0,0,-40,200,-50,0,0,-50,25,1,30,10,-50,-10,200,5,30,20,5,-50,-25
5014766e-14c0-46ed-9111-ebe3cda0460e,Residential,R1510_1_1,2,400,200,200,400,0,19.2,513.94452,23.52504,556.66956,0,280844,302.8,212598.908,111.61128,213013.3193,-1500,2,-195,-5,0,-200,50,-20,-49,-1,0,-50,0,1,-2,-28,0,-30,25,-50,-1,-9,0,-10,0,1,2,8,0,10,10,30,1,1,0,2,-75,2,-40,0,0,-40,200,-50,0,0,-50,25,1,30,10,-50,-10,200,5,30,20,5,-50,-25
11787bc3-e912-450d-b583-d1c1b0a56cdc,Residential,R357_1_1,2,400,200,200,400,0,19.2,513.94452,23.52504,556.66956,0,280844,302.8,212598.908,111.61128,213013.3193,-1500,2,-195,-5,0,-200,50,-20,-49,-1,0,-50,0,1,-2,-28,0,-30,25,-50,-1,-9,0,-10,0,1,2,8,0,10,10,30,1,1,0,2,-75,2,-40,0,0,-40,200,-50,0,0,-50,25,1,30,10,-50,-10,200,5,30,20,5,-50,-25
763457db-0df8-45a8-95ca-f7b0f6b9318d,Residential,R1644_1_1,2,400,200,200,400,0,19.2,513.94452,23.52504,556.66956,0,280844,302.8,212598.908,111.61128,213013.3193,-1500,2,-195,-5,0,-200,50,-20,-49,-1,0,-50,0,1,-2,-28,0,-30,25,-50,-1,-9,0,-10,0,1,2,8,0,10,10,30,1,1,0,2,-75,2,-40,0,0,-40,200,-50,0,0,-50,25,1,30,10,-50,-10,200,5,30,20,5,-50,-25
6200d06a-cded-4dbe-afb3-e3094d7b0462,Residential,R998_1_1,2,400,200,200,400,0,19.2,513.94452,23.52504,556.66956,0,280844,302.8,212598.908,111.61128,213013.3193,-1500,2,-195,-5,0,-200,50,-20,-49,-1,0,-50,0,1,-2,-28,0,-30,25,-50,-1,-9,0,-10,0,1,2,8,0,10,10,30,1,1,0,2,-75,2,-40,0,0,-40,200,-50,0,0,-50,25,1,30,10,-50,-10,200,5,30,20,5,-50,-25
2f4f2f9c-ce39-414a-a5c7-0c87680a278f,Residential,R1769_1_1,2,400,200,200,400,0,19.2,513.94452,23.52504,556.66956,0,280844,302.8,212598.908,111.61128,213013.3193,-1500,2,-195,-5,0,-200,50,-20,-49,-1,0,-50,0,1,-2,-28,0,-30,25,-50,-1,-9,0,-10,0,1,2,8,0,10,10,30,1,1,0,2,-75,2,-40,0,0,-40,200,-50,0,0,-50,25,1,30,10,-50,-10,200,5,30,20,5,-50,-25
3f91ccfc-de1b-493b-8916-d92a36f7fdf0,Residential,R773_1_1,2,400,200,200,400,0,19.2,513.94452,23.52504,556.66956,0,280844,302.8,212598.908,111.61128,213013.3193,-1500,2,-195,-5,0,-200,50,-20,-49,-1,0,-50,0,1,-2,-28,0,-30,25,-50,-1,-9,0,-10,0,1,2,8,0,10,10,30,1,1,0,2,-75,2,-40,0,0,-40,200,-50,0,0,-50,25,1,30,10,-50,-10,200,5,30,20,5,-50,-25
74ba78bc-d3d5-4871-bf73-7c2e658c8188,Residential,R1242_1_1,2,400,200,200,400,0,19.2,513.94452,23.52504,556.66956,0,280844,302.8,212598.908,111.61128,213013.3193,-1500,2,-195,-5,0,-200,50,-20,-49,-1,0,-50,0,1,-2,-28,0,-30,25,-50,-1,-9,0,-10,0,1,2,8,0,10,10,30,1,1,0,2,-75,2,-40,0,0,-40,200,-50,0,0,-50,25,1,30,10,-50,-10,200,5,30,20,5,-50,-25
df86e87b-72c7-431b-8669-32d6cc92c514,Residential,R1637_1_1,2,400,200,200,400,0,19.2,513.94452,23.52504,556.66956,0,280844,302.8,212598.908,111.61128,213013.3193,-1500,2,-195,-5,0,-200,50,-20,-49,-1,0,-50,0,1,-2,-28,0,-30,25,-50,-1,-9,0,-10,0,1,2,8,0,10,10,30,1,1,0,2,-75,2,-40,0,0,-40,200,-50,0,0,-50,25,1,30,10,-50,-10,200,5,30,20,5,-50,-25
cd273fff-b338-446c-83ee-782f0023f557,Residential,R1004_1_1,2,400,200,200,400,0,19.2,513.94452,23.52504,556.66956,0,280844,302.8,212598.908,111.61128,213013.3193,-1500,2,-195,-5,0,-200,50,-20,-49,-1,0,-50,0,1,-2,-28,0,-30,25,-50,-1,-9,0,-10,0,1,2,8,0,10,10,30,1,1,0,2,-75,2,-40,0,0,-40,200,-50,0,0,-50,25,1,30,10,-50,-10,200,5,30,20,5,-50,-25
05eebf34-9484-4295-b825-9cee7975983b,Residential,R1943_1_1,2,400,200,200,400,0,19.2,513.94452,23.52504,556.66956,0,280844,302.8,212598.908,111.61128,213013.3193,-1500,2,-195,-5,0,-200,50,-20,-49,-1,0,-50,0,1,-2,-28,0,-30,25,-50,-1,-9,0,-10,0,1,2,8,0,10,10,30,1,1,0,2,-75,2,-40,0,0,-40,200,-50,0,0,-50,25,1,30,10,-50,-10,200,5,30,20,5,-50,-25
a8d4b49e-0419-4f4e-bbe1-d5456419eaf1,Residential,R1318_1_1,2,400,200,200,400,0,19.2,513.94452,23.52504,556.66956,0,280844,302.8,212598.908,111.61128,213013.3193,-1500,2,-195,-5,0,-200,50,-20,-49,-1,0,-50,0,1,-2,-28,0,-30,25,-50,-1,-9,0,-10,0,1,2,8,0,10,10,30,1,1,0,2,-75,2,-40,0,0,-40,200,-50,0,0,-50,25,1,30,10,-50,-10,200,5,30,20,5,-50,-25
6a339c29-0bbc-4797-9a16-2cde51a62094,Residential,R454_1_1,2,400,200,200,400,0,19.2,513.94452,23.52504,556.66956,0,280844,302.8,212598.908,111.61128,213013.3193,-1500,2,-195,-5,0,-200,50,-20,-49,-1,0,-50,0,1,-2,-28,0,-30,25,-50,-1,-9,0,-10,0,1,2,8,0,10,10,30,1,1,0,2,-75,2,-40,0,0,-40,200,-50,0,0,-50,25,1,30,10,-50,-10,200,5,30,20,5,-50,-25
b56ffb2f-1db7-4743-8aa5-b8af860982de,Residential,R869_1_1,2,400,200,200,400,0,19.2,513.94452,23.52504,556.66956,0,280844,302.8,212598.908,111.61128,213013.3193,-1500,2,-195,-5,0,-200,50,-20,-49,-1,0,-50,0,1,-2,-28,0,-30,25,-50,-1,-9,0,-10,0,1,2,8,0,10,10,30,1,1,0,2,-75,2,-40,0,0,-40,200,-50,0,0,-50,25,1,30,10,-50,-10,200,5,30,20,5,-50,-25
e435bad5-da54-4129-861e-a9097fa7c538,Residential,R967_1_1,2,400,200,200,400,0,19.2,513.94452,23.52504,556.66956,0,280844,302.8,212598.908,111.61128,213013.3193,-1500,2,-195,-5,0,-200,50,-20,-49,-1,0,-50,0,1,-2,-28,0,-30,25,-50,-1,-9,0,-10,0,1,2,8,0,10,10,30,1,1,0,2,-75,2,-40,0,0,-40,200,-50,0,0,-50,25,1,30,10,-50,-10,200,5,30,20,5,-50,-25
05948187-f3df-4d0e-8b70-3be3b3feaac2,Residential,R275_1_1,2,400,200,200,400,0,19.2,513.94452,23.52504,556.66956,0,280844,302.8,212598.908,111.61128,213013.3193,-1500,2,-195,-5,0,-200,50,-20,-49,-1,0,-50,0,1,-2,-28,0,-30,25,-50,-1,-9,0,-10,0,1,2,8,0,10,10,30,1,1,0,2,-75,2,-40,0,0,-40,200,-50,0,0,-50,25,1,30,10,-50,-10,200,5,30,20,5,-50,-25
52831d7a-ba59-4f78-81b4-02bac8db6849,Residential,R1731_1_1,2,400,200,200,400,0,19.2,513.94452,23.52504,556.66956,0,280844,302.8,212598.908,111.61128,213013.3193,-1500,2,-195,-5,0,-200,50,-20,-49,-1,0,-50,0,1,-2,-28,0,-30,25,-50,-1,-9,0,-10,0,1,2,8,0,10,10,30,1,1,0,2,-75,2,-40,0,0,-40,200,-50,0,0,-50,25,1,30,10,-50,-10,200,5,30,20,5,-50,-25
94cdd01b-b8ad-4ee1-a460-5348a02123ca,Residential,R900_1_1,2,400,200,200,400,0,19.2,513.94452,23.52504,556.66956,0,280844,302.8,212598.908,111.61128,213013.3193,-1500,2,-195,-5,0,-200,50,-20,-49,-1,0,-50,0,1,-2,-28,0,-30,25,-50,-1,-9,0,-10,0,1,2,8,0,10,10,30,1,1,0,2,-75,2,-40,0,0,-40,200,-50,0,0,-50,25,1,30,10,-50,-10,200,5,30,20,5,-50,-25
44f78635-3b07-4f2b-b20d-54c27fc87b7c,Residential,R679_1_1,2,400,200,200,400,0,19.2,513.94452,23.52504,556.66956,0,280844,302.8,212598.908,111.61128,213013.3193,-1500,2,-195,-5,0,-200,50,-20,-49,-1,0,-50,0,1,-2,-28,0,-30,25,-50,-1,-9,0,-10,0,1,2,8,0,10,10,30,1,1,0,2,-75,2,-40,0,0,-40,200,-50,0,0,-50,25,1,30,10,-50,-10,200,5,30,20,5,-50,-25
3592d157-c5c6-4863-ba8d-919f3da060be,Residential,R1093_1_1,2,400,200,200,400,0,19.2,513.94452,23.52504,556.66956,0,280844,302.8,212598.908,111.61128,213013.3193,-1500,2,-195,-5,0,-200,50,-20,-49,-1,0,-50,0,1,-2,-28,0,-30,25,-50,-1,-9,0,-10,0,1,2,8,0,10,10,30,1,1,0,2,-75,2,-40,0,0,-40,200,-50,0,0,-50,25,1,30,10,-50,-10,200,5,30,20,5,-50,-25
97eb01b1-b9c5-4632-9012-134a5bdc9b12,Residential,R2111_1_1,2,400,200,200,400,0,19.2,513.94452,23.52504,556.66956,0,280844,302.8,212598.908,111.61128,213013.3193,-1500,2,-195,-5,0,-200,50,-20,-49,-1,0,-50,0,1,-2,-28,0,-30,25,-50,-1,-9,0,-10,0,1,2,8,0,10,10,30,1,1,0,2,-75,2,-40,0,0,-40,200,-50,0,0,-50,25,1,30,10,-50,-10,200,5,30,20,5,-50,-25
09cc0ed1-00ba-45bc-afae-cccae5f27d82,Residential,R1178_1_1,2,400,200,200,400,0,19.2,513.94452,23.52504,556.66956,0,280844,302.8,212598.908,111.61128,213013.3193,-1500,2,-195,-5,0,-200,50,-20,-49,-1,0,-50,0,1,-2,-28,0,-30,25,-50,-1,-9,0,-10,0,1,2,8,0,10,10,30,1,1,0,2,-75,2,-40,0,0,-40,200,-50,0,0,-50,25,1,30,10,-50,-10,200,5,30,20,5,-50,-25
cd1534e1-c251-438b-8552-3a19fd01ba86,Residential,R1012_1_1,2,400,200,200,400,0,19.2,513.94452,23.52504,556.66956,0,280844,302.8,212598.908,111.61128,213013.3193,-1500,2,-195,-5,0,-200,50,-20,-49,-1,0,-50,0,1,-2,-28,0,-30,25,-50,-1,-9,0,-10,0,1,2,8,0,10,10,30,1,1,0,2,-75,2,-40,0,0,-40,200,-50,0,0,-50,25,1,30,10,-50,-10,200,5,30,20,5,-50,-25
e3068d8a-b13c-4996-8a69-c6ef3ac8ab25,Residential,R790_1_1,2,400,200,200,400,0,19.2,513.94452,23.52504,556.66956,0,280844,302.8,212598.908,111.61128,213013.3193,-1500,2,-195,-5,0,-200,50,-20,-49,-1,0,-50,0,1,-2,-28,0,-30,25,-50,-1,-9,0,-10,0,1,2,8,0,10,10,30,1,1,0,2,-75,2,-40,0,0,-40,200,-50,0,0,-50,25,1,30,10,-50,-10,200,5,30,20,5,-50,-25
f7926c23-ca28-4f2f-8d43-d096aad75b5a,Residential,R378_1_1,2,400,200,200,400,0,19.2,513.94452,23.52504,556.66956,0,280844,302.8,212598.908,111.61128,213013.3193,-1500,2,-195,-5,0,-200,50,-20,-49,-1,0,-50,0,1,-2,-28,0,-30,25,-50,-1,-9,0,-10,0,1,2,8,0,10,10,30,1,1,0,2,-75,2,-40,0,0,-40,200,-50,0,0,-50,25,1,30,10,-50,-10,200,5,30,20,5,-50,-25
a9c60613-ca4d-4993-a8ad-a3276f4bff89,Residential,R1084_1_1,2,400,200,200,400,0,19.2,513.94452,23.52504,556.66956,0,280844,302.8,212598.908,111.61128,213013.3193,-1500,2,-195,-5,0,-200,50,-20,-49,-1,0,-50,0,1,-2,-28,0,-30,25,-50,-1,-9,0,-10,0,1,2,8,0,10,10,30,1,1,0,2,-75,2,-40,0,0,-40,200,-50,0,0,-50,25,1,30,10,-50,-10,200,5,30,20,5,-50,-25
72afc24b-efa6-4d76-85c8-aa6d20be4597,Residential,R1315_1_1,2,400,200,200,400,0,19.2,513.94452,23.52504,556.66956,0,280844,302.8,212598.908,111.61128,213013.3193,-1500,2,-195,-5,0,-200,50,-20,-49,-1,0,-50,0,1,-2,-28,0,-30,25,-50,-1,-9,0,-10,0,1,2,8,0,10,10,30,1,1,0,2,-75,2,-40,0,0,-40,200,-50,0,0,-50,25,1,30,10,-50,-10,200,5,30,20,5,-50,-25
a548ec7d-c80b-4486-aca8-6ecfbd3475eb,Residential,R785_1_1,2,400,200,200,400,0,19.2,513.94452,23.52504,556.66956,0,280844,302.8,212598.908,111.61128,213013.3193,-1500,2,-195,-5,0,-200,50,-20,-49,-1,0,-50,0,1,-2,-28,0,-30,25,-50,-1,-9,0,-10,0,1,2,8,0,10,10,30,1,1,0,2,-75,2,-40,0,0,-40,200,-50,0,0,-50,25,1,30,10,-50,-10,200,5,30,20,5,-50,-25
f29c5ecf-aef0-4bda-935b-62211e78f28a,Residential,R41_1_1,2,400,200,200,400,0,19.2,513.94452,23.52504,556.66956,0,280844,302.8,212598.908,111.61128,213013.3193,-1500,2,-195,-5,0,-200,50,-20,-49,-1,0,-50,0,1,-2,-28,0,-30,25,-50,-1,-9,0,-10,0,1,2,8,0,10,10,30,1,1,0,2,-75,2,-40,0,0,-40,200,-50,0,0,-50,25,1,30,10,-50,-10,200,5,30,20,5,-50,-25
fbd2a0cf-26cc-463b-b808-94b16b90b728,Residential,R188_1_1,2,400,200,200,400,0,19.2,513.94452,23.52504,556.66956,0,280844,302.8,212598.908,111.61128,213013.3193,-1500,2,-195,-5,0,-200,50,-20,-49,-1,0,-50,0,1,-2,-28,0,-30,25,-50,-1,-9,0,-10,0,1,2,8,0,10,10,30,1,1,0,2,-75,2,-40,0,0,-40,200,-50,0,0,-50,25,1,30,10,-50,-10,200,5,30,20,5,-50,-25
7a9180cd-3956-48d7-9cc7-a8f888e32785,Residential,R661_1_1,2,400,200,200,400,0,19.2,513.94452,23.52504,556.66956,0,280844,302.8,212598.908,111.61128,213013.3193,-1500,2,-195,-5,0,-200,50,-20,-49,-1,0,-50,0,1,-2,-28,0,-30,25,-50,-1,-9,0,-10,0,1,2,8,0,10,10,30,1,1,0,2,-75,2,-40,0,0,-40,200,-50,0,0,-50,25,1,30,10,-50,-10,200,5,30,20,5,-50,-25
2155fbb9-d590-4332-b493-038127ee6945,Residential,R1838_1_1,2,400,200,200,400,0,19.2,513.94452,23.52504,556.66956,0,280844,302.8,212598.908,111.61128,213013.3193,-1500,2,-195,-5,0,-200,50,-20,-49,-1,0,-50,0,1,-2,-28,0,-30,25,-50,-1,-9,0,-10,0,1,2,8,0,10,10,30,1,1,0,2,-75,2,-40,0,0,-40,200,-50,0,0,-50,25,1,30,10,-50,-10,200,5,30,20,5,-50,-25
2dd65958-6452-4602-af26-61b19b3bd698,Residential,R294_1_1,2,400,200,200,400,0,19.2,513.94452,23.52504,556.66956,0,280844,302.8,212598.908,111.61128,213013.3193,-1500,2,-195,-5,0,-200,50,-20,-49,-1,0,-50,0,1,-2,-28,0,-30,25,-50,-1,-9,0,-10,0,1,2,8,0,10,10,30,1,1,0,2,-75,2,-40,0,0,-40,200,-50,0,0,-50,25,1,30,10,-50,-10,200,5,30,20,5,-50,-25
a3d8a578-76d6-4e2a-8c94-f067edf9df9a,Residential,R400_1_1,2,400,200,200,400,0,19.2,513.94452,23.52504,556.66956,0,280844,302.8,212598.908,111.61128,213013.3193,-1500,2,-195,-5,0,-200,50,-20,-49,-1,0,-50,0,1,-2,-28,0,-30,25,-50,-1,-9,0,-10,0,1,2,8,0,10,10,30,1,1,0,2,-75,2,-40,0,0,-40,200,-50,0,0,-50,25,1,30,10,-50,-10,200,5,30,20,5,-50,-25
254d65ac-7d4c-4aff-ac5e-3f6fc2e37070,Residential,R1193_1_1,2,400,200,200,400,0,19.2,513.94452,23.52504,556.66956,0,280844,302.8,212598.908,111.61128,213013.3193,-1500,2,-195,-5,0,-200,50,-20,-49,-1,0,-50,0,1,-2,-28,0,-30,25,-50,-1,-9,0,-10,0,1,2,8,0,10,10,30,1,1,0,2,-75,2,-40,0,0,-40,200,-50,0,0,-50,25,1,30,10,-50,-10,200,5,30,20,5,-50,-25
eaef8233-0fd1-4bef-b849-fdb505838449,Residential,R802_1_1,2,400,200,200,400,0,19.2,513.94452,23.52504,556.66956,0,280844,302.8,212598.908,111.61128,213013.3193,-1500,2,-195,-5,0,-200,50,-20,-49,-1,0,-50,0,1,-2,-28,0,-30,25,-50,-1,-9,0,-10,0,1,2,8,0,10,10,30,1,1,0,2,-75,2,-40,0,0,-40,200,-50,0,0,-50,25,1,30,10,-50,-10,200,5,30,20,5,-50,-25
d72c0f99-b2da-48ea-8cae-a6778a87a818,Residential,R1447_1_1,2,400,200,200,400,0,19.2,513.94452,23.52504,556.66956,0,280844,302.8,212598.908,111.61128,213013.3193,-1500,2,-195,-5,0,-200,50,-20,-49,-1,0,-50,0,1,-2,-28,0,-30,25,-50,-1,-9,0,-10,0,1,2,8,0,10,10,30,1,1,0,2,-75,2,-40,0,0,-40,200,-50,0,0,-50,25,1,30,10,-50,-10,200,5,30,20,5,-50,-25
103509e0-788f-4318-85cf-3e5e295b26ec,Residential,R682_1_1,2,400,200,200,400,0,19.2,513.94452,23.52504,556.66956,0,280844,302.8,212598.908,111.61128,213013.3193,-1500,2,-195,-5,0,-200,50,-20,-49,-1,0,-50,0,1,-2,-28,0,-30,25,-50,-1,-9,0,-10,0,1,2,8,0,10,10,30,1,1,0,2,-75,2,-40,0,0,-40,200,-50,0,0,-50,25,1,30,10,-50,-10,200,5,30,20,5,-50,-25
4efbc760-c157-43a1-a3e8-7876ab042d99,Residential,R1623_1_1,2,400,200,200,400,0,19.2,513.94452,23.52504,556.66956,0,280844,302.8,212598.908,111.61128,213013.3193,-1500,2,-195,-5,0,-200,50,-20,-49,-1,0,-50,0,1,-2,-28,0,-30,25,-50,-1,-9,0,-10,0,1,2,8,0,10,10,30,1,1,0,2,-75,2,-40,0,0,-40,200,-50,0,0,-50,25,1,30,10,-50,-10,200,5,30,20,5,-50,-25
3672a86e-dd3c-459d-ae52-f5aee28bbf2c,Residential,R1889_1_1,2,400,200,200,400,0,19.2,513.94452,23.52504,556.66956,0,280844,302.8,212598.908,111.61128,213013.3193,-1500,2,-195,-5,0,-200,50,-20,-49,-1,0,-50,0,1,-2,-28,0,-30,25,-50,-1,-9,0,-10,0,1,2,8,0,10,10,30,1,1,0,2,-75,2,-40,0,0,-40,200,-50,0,0,-50,25,1,30,10,-50,-10,200,5,30,20,5,-50,-25
46c2053e-a2e3-46d1-9fc0-3b9905c4836c,Residential,R728_1_1,2,400,200,200,400,0,19.2,513.94452,23.52504,556.66956,0,280844,302.8,212598.908,111.61128,213013.3193,-1500,2,-195,-5,0,-200,50,-20,-49,-1,0,-50,0,1,-2,-28,0,-30,25,-50,-1,-9,0,-10,0,1,2,8,0,10,10,30,1,1,0,2,-75,2,-40,0,0,-40,200,-50,0,0,-50,25,1,30,10,-50,-10,200,5,30,20,5,-50,-25
a28ade59-c28b-4962-a29b-0deb4fb56363,Residential,R403_1_1,2,400,200,200,400,0,19.2,513.94452,23.52504,556.66956,0,280844,302.8,212598.908,111.61128,213013.3193,-1500,2,-195,-5,0,-200,50,-20,-49,-1,0,-50,0,1,-2,-28,0,-30,25,-50,-1,-9,0,-10,0,1,2,8,0,10,10,30,1,1,0,2,-75,2,-40,0,0,-40,200,-50,0,0,-50,25,1,30,10,-50,-10,200,5,30,20,5,-50,-25
eaa8e551-04bc-4ba0-98f4-9fc3a44ccb24,Residential,R1890_1_1,2,400,200,200,400,0,19.2,513.94452,23.52504,556.66956,0,280844,302.8,212598.908,111.61128,213013.3193,-1500,2,-195,-5,0,-200,50,-20,-49,-1,0,-50,0,1,-2,-28,0,-30,25,-50,-1,-9,0,-10,0,1,2,8,0,10,10,30,1,1,0,2,-75,2,-40,0,0,-40,200,-50,0,0,-50,25,1,30,10,-50,-10,200,5,30,20,5,-50,-25
c3b8f130-1a07-4df0-85d4-f78b82069de1,Residential,R443_1_1,2,400,200,200,400,0,19.2,513.94452,23.52504,556.66956,0,280844,302.8,212598.908,111.61128,213013.3193,-1500,2,-195,-5,0,-200,50,-20,-49,-1,0,-50,0,1,-2,-28,0,-30,25,-50,-1,-9,0,-10,0,1,2,8,0,10,10,30,1,1,0,2,-75,2,-40,0,0,-40,200,-50,0,0,-50,25,1,30,10,-50,-10,200,5,30,20,5,-50,-25
580ce4b5-8ba8-4d74-a4b4-9bf1d82474bc,Residential,R145_1_1,2,400,200,200,400,0,19.2,513.94452,23.52504,556.66956,0,280844,302.8,212598.908,111.61128,213013.3193,-1500,2,-195,-5,0,-200,50,-20,-49,-1,0,-50,0,1,-2,-28,0,-30,25,-50,-1,-9,0,-10,0,1,2,8,0,10,10,30,1,1,0,2,-75,2,-40,0,0,-40,200,-50,0,0,-50,25,1,30,10,-50,-10,200,5,30,20,5,-50,-25
4fe47d28-e529-4adc-94f0-7ba69965e76b,Residential,R358_1_1,2,400,200,200,400,0,19.2,513.94452,23.52504,556.66956,0,280844,302.8,212598.908,111.61128,213013.3193,-1500,2,-195,-5,0,-200,50,-20,-49,-1,0,-50,0,1,-2,-28,0,-30,25,-50,-1,-9,0,-10,0,1,2,8,0,10,10,30,1,1,0,2,-75,2,-40,0,0,-40,200,-50,0,0,-50,25,1,30,10,-50,-10,200,5,30,20,5,-50,-25
552c0173-5566-4cc1-9b8e-7e929877e04b,Residential,R914_1_1,2,400,200,200,400,0,19.2,513.94452,23.52504,556.66956,0,280844,302.8,212598.908,111.61128,213013.3193,-1500,2,-195,-5,0,-200,50,-20,-49,-1,0,-50,0,1,-2,-28,0,-30,25,-50,-1,-9,0,-10,0,1,2,8,0,10,10,30,1,1,0,2,-75,2,-40,0,0,-40,200,-50,0,0,-50,25,1,30,10,-50,-10,200,5,30,20,5,-50,-25
1f361072-85ff-419b-a63d-6038fecdfa55,Residential,R912_1_1,2,400,200,200,400,0,19.2,513.94452,23.52504,556.66956,0,280844,302.8,212598.908,111.61128,213013.3193,-1500,2,-195,-5,0,-200,50,-20,-49,-1,0,-50,0,1,-2,-28,0,-30,25,-50,-1,-9,0,-10,0,1,2,8,0,10,10,30,1,1,0,2,-75,2,-40,0,0,-40,200,-50,0,0,-50,25,1,30,10,-50,-10,200,5,30,20,5,-50,-25
4f5a44d0-fff6-452f-8901-a0ed6012e7a4,Residential,R485_1_1,2,400,200,200,400,0,19.2,513.94452,23.52504,556.66956,0,280844,302.8,212598.908,111.61128,213013.3193,-1500,2,-195,-5,0,-200,50,-20,-49,-1,0,-50,0,1,-2,-28,0,-30,25,-50,-1,-9,0,-10,0,1,2,8,0,10,10,30,1,1,0,2,-75,2,-40,0,0,-40,200,-50,0,0,-50,25,1,30,10,-50,-10,200,5,30,20,5,-50,-25
23122681-3c55-4c01-b5af-3296de2133b8,Residential,R1951_1_1,2,400,200,200,400,0,19.2,513.94452,23.52504,556.66956,0,280844,302.8,212598.908,111.61128,213013.3193,-1500,2,-195,-5,0,-200,50,-20,-49,-1,0,-50,0,1,-2,-28,0,-30,25,-50,-1,-9,0,-10,0,1,2,8,0,10,10,30,1,1,0,2,-75,2,-40,0,0,-40,200,-50,0,0,-50,25,1,30,10,-50,-10,200,5,30,20,5,-50,-25
cadc3e1c-3643-4ad2-a1b1-b7779e950927,Residential,R1835_1_1,2,400,200,200,400,0,19.2,513.94452,23.52504,556.66956,0,280844,302.8,212598.908,111.61128,213013.3193,-1500,2,-195,-5,0,-200,50,-20,-49,-1,0,-50,0,1,-2,-28,0,-30,25,-50,-1,-9,0,-10,0,1,2,8,0,10,10,30,1,1,0,2,-75,2,-40,0,0,-40,200,-50,0,0,-50,25,1,30,10,-50,-10,200,5,30,20,5,-50,-25
dc65e934-2e32-44a9-b068-27c2074e6dd4,Residential,R791_1_1,2,400,200,200,400,0,19.2,513.94452,23.52504,556.66956,0,280844,302.8,212598.908,111.61128,213013.3193,-1500,2,-195,-5,0,-200,50,-20,-49,-1,0,-50,0,1,-2,-28,0,-30,25,-50,-1,-9,0,-10,0,1,2,8,0,10,10,30,1,1,0,2,-75,2,-40,0,0,-40,200,-50,0,0,-50,25,1,30,10,-50,-10,200,5,30,20,5,-50,-25
fe56f10a-b263-484a-b509-0f242019430d,Residential,R2182_1_1,2,400,200,200,400,0,19.2,513.94452,23.52504,556.66956,0,280844,302.8,212598.908,111.61128,213013.3193,-1500,2,-195,-5,0,-200,50,-20,-49,-1,0,-50,0,1,-2,-28,0,-30,25,-50,-1,-9,0,-10,0,1,2,8,0,10,10,30,1,1,0,2,-75,2,-40,0,0,-40,200,-50,0,0,-50,25,1,30,10,-50,-10,200,5,30,20,5,-50,-25
a204c590-3671-4cca-b9d1-093b95363dec,Residential,R1070_1_1,2,400,200,200,400,0,19.2,513.94452,23.52504,556.66956,0,280844,302.8,212598.908,111.61128,213013.3193,-1500,2,-195,-5,0,-200,50,-20,-49,-1,0,-50,0,1,-2,-28,0,-30,25,-50,-1,-9,0,-10,0,1,2,8,0,10,10,30,1,1,0,2,-75,2,-40,0,0,-40,200,-50,0,0,-50,25,1,30,10,-50,-10,200,5,30,20,5,-50,-25
adb8245d-38bf-4498-a942-3b4d4318ec3c,Residential,R1110_1_1,2,400,200,200,400,0,19.2,513.94452,23.52504,556.66956,0,280844,302.8,212598.908,111.61128,213013.3193,-1500,2,-195,-5,0,-200,50,-20,-49,-1,0,-50,0,1,-2,-28,0,-30,25,-50,-1,-9,0,-10,0,1,2,8,0,10,10,30,1,1,0,2,-75,2,-40,0,0,-40,200,-50,0,0,-50,25,1,30,10,-50,-10,200,5,30,20,5,-50,-25
f72d28c1-3f19-4dd1-908f-da78c5676316,Residential,R392_1_1,2,400,200,200,400,0,19.2,513.94452,23.52504,556.66956,0,280844,302.8,212598.908,111.61128,213013.3193,-1500,2,-195,-5,0,-200,50,-20,-49,-1,0,-50,0,1,-2,-28,0,-30,25,-50,-1,-9,0,-10,0,1,2,8,0,10,10,30,1,1,0,2,-75,2,-40,0,0,-40,200,-50,0,0,-50,25,1,30,10,-50,-10,200,5,30,20,5,-50,-25
3743cebc-65a9-4e8b-8953-b5af1871563b,Residential,R1625_1_1,2,400,200,200,400,0,19.2,513.94452,23.52504,556.66956,0,280844,302.8,212598.908,111.61128,213013.3193,-1500,2,-195,-5,0,-200,50,-20,-49,-1,0,-50,0,1,-2,-28,0,-30,25,-50,-1,-9,0,-10,0,1,2,8,0,10,10,30,1,1,0,2,-75,2,-40,0,0,-40,200,-50,0,0,-50,25,1,30,10,-50,-10,200,5,30,20,5,-50,-25
1dbc1016-8476-46d2-9445-78f486d9ebee,Residential,R200_1_1,2,400,200,200,400,0,19.2,513.94452,23.52504,556.66956,0,280844,302.8,212598.908,111.61128,213013.3193,-1500,2,-195,-5,0,-200,50,-20,-49,-1,0,-50,0,1,-2,-28,0,-30,25,-50,-1,-9,0,-10,0,1,2,8,0,10,10,30,1,1,0,2,-75,2,-40,0,0,-40,200,-50,0,0,-50,25,1,30,10,-50,-10,200,5,30,20,5,-50,-25
5169951c-831d-4ba9-b815-bc8d078012d3,Residential,R1671_1_1,2,400,200,200,400,0,19.2,513.94452,23.52504,556.66956,0,280844,302.8,212598.908,111.61128,213013.3193,-1500,2,-195,-5,0,-200,50,-20,-49,-1,0,-50,0,1,-2,-28,0,-30,25,-50,-1,-9,0,-10,0,1,2,8,0,10,10,30,1,1,0,2,-75,2,-40,0,0,-40,200,-50,0,0,-50,25,1,30,10,-50,-10,200,5,30,20,5,-50,-25
cd5c894a-65f6-471d-8d8d-7c22c7f5b050,Residential,R208_1_1,2,400,200,200,400,0,19.2,513.94452,23.52504,556.66956,0,280844,302.8,212598.908,111.61128,213013.3193,-1500,2,-195,-5,0,-200,50,-20,-49,-1,0,-50,0,1,-2,-28,0,-30,25,-50,-1,-9,0,-10,0,1,2,8,0,10,10,30,1,1,0,2,-75,2,-40,0,0,-40,200,-50,0,0,-50,25,1,30,10,-50,-10,200,5,30,20,5,-50,-25
b5bf1517-1361-4884-aaa2-ee5deb025ceb,Residential,R1240_1_1,2,400,200,200,400,0,19.2,513.94452,23.52504,556.66956,0,280844,302.8,212598.908,111.61128,213013.3193,-1500,2,-195,-5,0,-200,50,-20,-49,-1,0,-50,0,1,-2,-28,0,-30,25,-50,-1,-9,0,-10,0,1,2,8,0,10,10,30,1,1,0,2,-75,2,-40,0,0,-40,200,-50,0,0,-50,25,1,30,10,-50,-10,200,5,30,20,5,-50,-25
d18aaa06-db89-499f-983e-800486f8796c,Residential,R904_1_1,2,400,200,200,400,0,19.2,513.94452,23.52504,556.66956,0,280844,302.8,212598.908,111.61128,213013.3193,-1500,2,-195,-5,0,-200,50,-20,-49,-1,0,-50,0,1,-2,-28,0,-30,25,-50,-1,-9,0,-10,0,1,2,8,0,10,10,30,1,1,0,2,-75,2,-40,0,0,-40,200,-50,0,0,-50,25,1,30,10,-50,-10,200,5,30,20,5,-50,-25
fd69c9e2-508a-4491-a969-7351f82f6114,Residential,R94_1_1,2,400,200,200,400,0,19.2,513.94452,23.52504,556.66956,0,280844,302.8,212598.908,111.61128,213013.3193,-1500,2,-195,-5,0,-200,50,-20,-49,-1,0,-50,0,1,-2,-28,0,-30,25,-50,-1,-9,0,-10,0,1,2,8,0,10,10,30,1,1,0,2,-75,2,-40,0,0,-40,200,-50,0,0,-50,25,1,30,10,-50,-10,200,5,30,20,5,-50,-25
cc779839-1713-4dce-be02-2fa0474cfea6,Residential,R1910_1_1,2,400,200,200,400,0,19.2,513.94452,23.52504,556.66956,0,280844,302.8,212598.908,111.61128,213013.3193,-1500,2,-195,-5,0,-200,50,-20,-49,-1,0,-50,0,1,-2,-28,0,-30,25,-50,-1,-9,0,-10,0,1,2,8,0,10,10,30,1,1,0,2,-75,2,-40,0,0,-40,200,-50,0,0,-50,25,1,30,10,-50,-10,200,5,30,20,5,-50,-25
3b37c548-2d36-4168-9ff6-011ba9a9d8f7,Residential,R269_1_1,2,400,200,200,400,0,19.2,513.94452,23.52504,556.66956,0,280844,302.8,212598.908,111.61128,213013.3193,-1500,2,-195,-5,0,-200,50,-20,-49,-1,0,-50,0,1,-2,-28,0,-30,25,-50,-1,-9,0,-10,0,1,2,8,0,10,10,30,1,1,0,2,-75,2,-40,0,0,-40,200,-50,0,0,-50,25,1,30,10,-50,-10,200,5,30,20,5,-50,-25
522d3f18-5dbd-4685-b648-349372c259e5,Residential,R8_1_1,2,400,200,200,400,0,19.2,513.94452,23.52504,556.66956,0,280844,302.8,212598.908,111.61128,213013.3193,-1500,2,-195,-5,0,-200,50,-20,-49,-1,0,-50,0,1,-2,-28,0,-30,25,-50,-1,-9,0,-10,0,1,2,8,0,10,10,30,1,1,0,2,-75,2,-40,0,0,-40,200,-50,0,0,-50,25,1,30,10,-50,-10,200,5,30,20,5,-50,-25
f519cc75-8f6d-40b3-b67c-bfc4158a4605,Residential,R854_1_1,2,400,200,200,400,0,19.2,513.94452,23.52504,556.66956,0,280844,302.8,212598.908,111.61128,213013.3193,-1500,2,-195,-5,0,-200,50,-20,-49,-1,0,-50,0,1,-2,-28,0,-30,25,-50,-1,-9,0,-10,0,1,2,8,0,10,10,30,1,1,0,2,-75,2,-40,0,0,-40,200,-50,0,0,-50,25,1,30,10,-50,-10,200,5,30,20,5,-50,-25
7bf0e6b4-aeb6-4b2a-aaf7-d7f68aee145b,Residential,R386_1_1,2,400,200,200,400,0,19.2,513.94452,23.52504,556.66956,0,280844,302.8,212598.908,111.61128,213013.3193,-1500,2,-195,-5,0,-200,50,-20,-49,-1,0,-50,0,1,-2,-28,0,-30,25,-50,-1,-9,0,-10,0,1,2,8,0,10,10,30,1,1,0,2,-75,2,-40,0,0,-40,200,-50,0,0,-50,25,1,30,10,-50,-10,200,5,30,20,5,-50,-25
4afd7ad1-3cb6-4328-b7e7-3d53b0c989ee,Residential,R139_1_1,2,400,200,200,400,0,19.2,513.94452,23.52504,556.66956,0,280844,302.8,212598.908,111.61128,213013.3193,-1500,2,-195,-5,0,-200,50,-20,-49,-1,0,-50,0,1,-2,-28,0,-30,25,-50,-1,-9,0,-10,0,1,2,8,0,10,10,30,1,1,0,2,-75,2,-40,0,0,-40,200,-50,0,0,-50,25,1,30,10,-50,-10,200,5,30,20,5,-50,-25
42d678be-6db7-4946-93a3-0d7a1d43d49f,Residential,R1790_1_1,2,400,200,200,400,0,19.2,513.94452,23.52504,556.66956,0,280844,302.8,212598.908,111.61128,213013.3193,-1500,2,-195,-5,0,-200,50,-20,-49,-1,0,-50,0,1,-2,-28,0,-30,25,-50,-1,-9,0,-10,0,1,2,8,0,10,10,30,1,1,0,2,-75,2,-40,0,0,-40,200,-50,0,0,-50,25,1,30,10,-50,-10,200,5,30,20,5,-50,-25
a8d65e9a-93aa-4fa6-8e9a-dcf796cafdc0,Residential,R867_1_1,2,400,200,200,400,0,19.2,513.94452,23.52504,556.66956,0,280844,302.8,212598.908,111.61128,213013.3193,-1500,2,-195,-5,0,-200,50,-20,-49,-1,0,-50,0,1,-2,-28,0,-30,25,-50,-1,-9,0,-10,0,1,2,8,0,10,10,30,1,1,0,2,-75,2,-40,0,0,-40,200,-50,0,0,-50,25,1,30,10,-50,-10,200,5,30,20,5,-50,-25
c7ac6c9c-c5ee-4e72-8731-e79b0247e684,Residential,R43_1_1,2,400,200,200,400,0,19.2,513.94452,23.52504,556.66956,0,280844,302.8,212598.908,111.61128,213013.3193,-1500,2,-195,-5,0,-200,50,-20,-49,-1,0,-50,0,1,-2,-28,0,-30,25,-50,-1,-9,0,-10,0,1,2,8,0,10,10,30,1,1,0,2,-75,2,-40,0,0,-40,200,-50,0,0,-50,25,1,30,10,-50,-10,200,5,30,20,5,-50,-25
7ebc78a0-f224-4dd6-bfc7-31ab0325424c,Residential,R1308_1_1,2,400,200,200,400,0,19.2,513.94452,23.52504,556.66956,0,280844,302.8,212598.908,111.61128,213013.3193,-1500,2,-195,-5,0,-200,50,-20,-49,-1,0,-50,0,1,-2,-28,0,-30,25,-50,-1,-9,0,-10,0,1,2,8,0,10,10,30,1,1,0,2,-75,2,-40,0,0,-40,200,-50,0,0,-50,25,1,30,10,-50,-10,200,5,30,20,5,-50,-25
0fde0591-92c4-48f8-a884-5a04ab1ee589,Residential,R1801_1_1,2,400,200,200,400,0,19.2,513.94452,23.52504,556.66956,0,280844,302.8,212598.908,111.61128,213013.3193,-1500,2,-195,-5,0,-200,50,-20,-49,-1,0,-50,0,1,-2,-28,0,-30,25,-50,-1,-9,0,-10,0,1,2,8,0,10,10,30,1,1,0,2,-75,2,-40,0,0,-40,200,-50,0,0,-50,25,1,30,10,-50,-10,200,5,30,20,5,-50,-25
4e677b74-c4cd-49e1-b09f-48139508a2b3,Residential,R1926_1_1,2,400,200,200,400,0,19.2,513.94452,23.52504,556.66956,0,280844,302.8,212598.908,111.61128,213013.3193,-1500,2,-195,-5,0,-200,50,-20,-49,-1,0,-50,0,1,-2,-28,0,-30,25,-50,-1,-9,0,-10,0,1,2,8,0,10,10,30,1,1,0,2,-75,2,-40,0,0,-40,200,-50,0,0,-50,25,1,30,10,-50,-10,200,5,30,20,5,-50,-25
ba20c5d0-9cfd-4fc3-950a-944baff99a00,Residential,R492_1_1,2,400,200,200,400,0,19.2,513.94452,23.52504,556.66956,0,280844,302.8,212598.908,111.61128,213013.3193,-1500,2,-195,-5,0,-200,50,-20,-49,-1,0,-50,0,1,-2,-28,0,-30,25,-50,-1,-9,0,-10,0,1,2,8,0,10,10,30,1,1,0,2,-75,2,-40,0,0,-40,200,-50,0,0,-50,25,1,30,10,-50,-10,200,5,30,20,5,-50,-25
f20f6b5a-4ef8-4918-bbc8-5ecaf2a44ed5,Residential,R2151_1_1,2,400,200,200,400,0,19.2,513.94452,23.52504,556.66956,0,280844,302.8,212598.908,111.61128,213013.3193,-1500,2,-195,-5,0,-200,50,-20,-49,-1,0,-50,0,1,-2,-28,0,-30,25,-50,-1,-9,0,-10,0,1,2,8,0,10,10,30,1,1,0,2,-75,2,-40,0,0,-40,200,-50,0,0,-50,25,1,30,10,-50,-10,200,5,30,20,5,-50,-25
22e6b378-266d-4329-8a3a-e3c7c811fd50,Residential,R956_1_1,2,400,200,200,400,0,19.2,513.94452,23.52504,556.66956,0,280844,302.8,212598.908,111.61128,213013.3193,-1500,2,-195,-5,0,-200,50,-20,-49,-1,0,-50,0,1,-2,-28,0,-30,25,-50,-1,-9,0,-10,0,1,2,8,0,10,10,30,1,1,0,2,-75,2,-40,0,0,-40,200,-50,0,0,-50,25,1,30,10,-50,-10,200,5,30,20,5,-50,-25
9afb7703-bc7a-43a3-8330-194c8e357300,Residential,R1101_1_1,2,400,200,200,400,0,19.2,513.94452,23.52504,556.66956,0,280844,302.8,212598.908,111.61128,213013.3193,-1500,2,-195,-5,0,-200,50,-20,-49,-1,0,-50,0,1,-2,-28,0,-30,25,-50,-1,-9,0,-10,0,1,2,8,0,10,10,30,1,1,0,2,-75,2,-40,0,0,-40,200,-50,0,0,-50,25,1,30,10,-50,-10,200,5,30,20,5,-50,-25
deeb0bbb-8679-4f37-9edd-f14b2b2c43d0,Residential,R1627_1_1,2,400,200,200,400,0,19.2,513.94452,23.52504,556.66956,0,280844,302.8,212598.908,111.61128,213013.3193,-1500,2,-195,-5,0,-200,50,-20,-49,-1,0,-50,0,1,-2,-28,0,-30,25,-50,-1,-9,0,-10,0,1,2,8,0,10,10,30,1,1,0,2,-75,2,-40,0,0,-40,200,-50,0,0,-50,25,1,30,10,-50,-10,200,5,30,20,5,-50,-25
5e419690-3823-4473-b4ec-be2f77c63f25,Residential,R1705_1_1,2,400,200,200,400,0,19.2,513.94452,23.52504,556.66956,0,280844,302.8,212598.908,111.61128,213013.3193,-1500,2,-195,-5,0,-200,50,-20,-49,-1,0,-50,0,1,-2,-28,0,-30,25,-50,-1,-9,0,-10,0,1,2,8,0,10,10,30,1,1,0,2,-75,2,-40,0,0,-40,200,-50,0,0,-50,25,1,30,10,-50,-10,200,5,30,20,5,-50,-25
2851ab9c-f81b-4f3b-98ee-9b4673c4e3b0,Residential,R1341_1_1,2,400,200,200,400,0,19.2,513.94452,23.52504,556.66956,0,280844,302.8,212598.908,111.61128,213013.3193,-1500,2,-195,-5,0,-200,50,-20,-49,-1,0,-50,0,1,-2,-28,0,-30,25,-50,-1,-9,0,-10,0,1,2,8,0,10,10,30,1,1,0,2,-75,2,-40,0,0,-40,200,-50,0,0,-50,25,1,30,10,-50,-10,200,5,30,20,5,-50,-25
e0ea34e4-ad7c-42e3-859b-a71d5c070777,Residential,R933_1_1,2,400,200,200,400,0,19.2,513.94452,23.52504,556.66956,0,280844,302.8,212598.908,111.61128,213013.3193,-1500,2,-195,-5,0,-200,50,-20,-49,-1,0,-50,0,1,-2,-28,0,-30,25,-50,-1,-9,0,-10,0,1,2,8,0,10,10,30,1,1,0,2,-75,2,-40,0,0,-40,200,-50,0,0,-50,25,1,30,10,-50,-10,200,5,30,20,5,-50,-25
db987361-27a0-481e-b345-932a4730fcbe,Residential,R56_1_1,2,400,200,200,400,0,19.2,513.94452,23.52504,556.66956,0,280844,302.8,212598.908,111.61128,213013.3193,-1500,2,-195,-5,0,-200,50,-20,-49,-1,0,-50,0,1,-2,-28,0,-30,25,-50,-1,-9,0,-10,0,1,2,8,0,10,10,30,1,1,0,2,-75,2,-40,0,0,-40,200,-50,0,0,-50,25,1,30,10,-50,-10,200,5,30,20,5,-50,-25
9e059acb-028c-4540-b43f-186d9a545817,Residential,R2012_1_1,2,400,200,200,400,0,19.2,513.94452,23.52504,556.66956,0,280844,302.8,212598.908,111.61128,213013.3193,-1500,2,-195,-5,0,-200,50,-20,-49,-1,0,-50,0,1,-2,-28,0,-30,25,-50,-1,-9,0,-10,0,1,2,8,0,10,10,30,1,1,0,2,-75,2,-40,0,0,-40,200,-50,0,0,-50,25,1,30,10,-50,-10,200,5,30,20,5,-50,-25
9998b66b-f708-499b-9456-aa873efd960c,Residential,R289_1_1,2,400,200,200,400,0,19.2,513.94452,23.52504,556.66956,0,280844,302.8,212598.908,111.61128,213013.3193,-1500,2,-195,-5,0,-200,50,-20,-49,-1,0,-50,0,1,-2,-28,0,-30,25,-50,-1,-9,0,-10,0,1,2,8,0,10,10,30,1,1,0,2,-75,2,-40,0,0,-40,200,-50,0,0,-50,25,1,30,10,-50,-10,200,5,30,20,5,-50,-25
89c65cc9-02be-4b96-ab1e-1e066a06e0dc,Residential,R1759_1_1,2,400,200,200,400,0,19.2,513.94452,23.52504,556.66956,0,280844,302.8,212598.908,111.61128,213013.3193,-1500,2,-195,-5,0,-200,50,-20,-49,-1,0,-50,0,1,-2,-28,0,-30,25,-50,-1,-9,0,-10,0,1,2,8,0,10,10,30,1,1,0,2,-75,2,-40,0,0,-40,200,-50,0,0,-50,25,1,30,10,-50,-10,200,5,30,20,5,-50,-25
324f99a4-75cd-4b29-b8d5-ad08d6af4203,Residential,R1666_1_1,2,400,200,200,400,0,19.2,513.94452,23.52504,556.66956,0,280844,302.8,212598.908,111.61128,213013.3193,-1500,2,-195,-5,0,-200,50,-20,-49,-1,0,-50,0,1,-2,-28,0,-30,25,-50,-1,-9,0,-10,0,1,2,8,0,10,10,30,1,1,0,2,-75,2,-40,0,0,-40,200,-50,0,0,-50,25,1,30,10,-50,-10,200,5,30,20,5,-50,-25
c046ff83-bdc0-4a64-bfcb-1f5c53a999cf,Residential,R1696_1_1,2,400,200,200,400,0,19.2,513.94452,23.52504,556.66956,0,280844,302.8,212598.908,111.61128,213013.3193,-1500,2,-195,-5,0,-200,50,-20,-49,-1,0,-50,0,1,-2,-28,0,-30,25,-50,-1,-9,0,-10,0,1,2,8,0,10,10,30,1,1,0,2,-75,2,-40,0,0,-40,200,-50,0,0,-50,25,1,30,10,-50,-10,200,5,30,20,5,-50,-25
874fc66a-2b21-4e30-8af4-577b86f0d55a,Residential,R1934_1_1,2,400,200,200,400,0,19.2,513.94452,23.52504,556.66956,0,280844,302.8,212598.908,111.61128,213013.3193,-1500,2,-195,-5,0,-200,50,-20,-49,-1,0,-50,0,1,-2,-28,0,-30,25,-50,-1,-9,0,-10,0,1,2,8,0,10,10,30,1,1,0,2,-75,2,-40,0,0,-40,200,-50,0,0,-50,25,1,30,10,-50,-10,200,5,30,20,5,-50,-25
94d5ccb1-eaf0-49b3-b01b-afbe0833c9d2,Residential,R732_1_1,2,400,200,200,400,0,19.2,513.94452,23.52504,556.66956,0,280844,302.8,212598.908,111.61128,213013.3193,-1500,2,-195,-5,0,-200,50,-20,-49,-1,0,-50,0,1,-2,-28,0,-30,25,-50,-1,-9,0,-10,0,1,2,8,0,10,10,30,1,1,0,2,-75,2,-40,0,0,-40,200,-50,0,0,-50,25,1,30,10,-50,-10,200,5,30,20,5,-50,-25
ea10a559-c01a-4e0e-a9c0-21d9e841c2b4,Residential,R1472_1_1,2,400,200,200,400,0,19.2,513.94452,23.52504,556.66956,0,280844,302.8,212598.908,111.61128,213013.3193,-1500,2,-195,-5,0,-200,50,-20,-49,-1,0,-50,0,1,-2,-28,0,-30,25,-50,-1,-9,0,-10,0,1,2,8,0,10,10,30,1,1,0,2,-75,2,-40,0,0,-40,200,-50,0,0,-50,25,1,30,10,-50,-10,200,5,30,20,5,-50,-25
fd4588e6-0f7b-416e-9c87-3b905dfae5ed,Residential,R82_1_1,2,400,200,200,400,0,19.2,513.94452,23.52504,556.66956,0,280844,302.8,212598.908,111.61128,213013.3193,-1500,2,-195,-5,0,-200,50,-20,-49,-1,0,-50,0,1,-2,-28,0,-30,25,-50,-1,-9,0,-10,0,1,2,8,0,10,10,30,1,1,0,2,-75,2,-40,0,0,-40,200,-50,0,0,-50,25,1,30,10,-50,-10,200,5,30,20,5,-50,-25
dae0bb0e-cb61-425b-abba-066c43401794,Residential,R1906_1_1,2,400,200,200,400,0,19.2,513.94452,23.52504,556.66956,0,280844,302.8,212598.908,111.61128,213013.3193,-1500,2,-195,-5,0,-200,50,-20,-49,-1,0,-50,0,1,-2,-28,0,-30,25,-50,-1,-9,0,-10,0,1,2,8,0,10,10,30,1,1,0,2,-75,2,-40,0,0,-40,200,-50,0,0,-50,25,1,30,10,-50,-10,200,5,30,20,5,-50,-25
a3a49382-17c8-4df6-8f01-e983867238f9,Residential,R273_1_1,2,400,200,200,400,0,19.2,513.94452,23.52504,556.66956,0,280844,302.8,212598.908,111.61128,213013.3193,-1500,2,-195,-5,0,-200,50,-20,-49,-1,0,-50,0,1,-2,-28,0,-30,25,-50,-1,-9,0,-10,0,1,2,8,0,10,10,30,1,1,0,2,-75,2,-40,0,0,-40,200,-50,0,0,-50,25,1,30,10,-50,-10,200,5,30,20,5,-50,-25
35caf351-2e98-4c5d-8735-aa60f15c0d7e,Residential,R1058_1_1,2,400,200,200,400,0,19.2,513.94452,23.52504,556.66956,0,280844,302.8,212598.908,111.61128,213013.3193,-1500,2,-195,-5,0,-200,50,-20,-49,-1,0,-50,0,1,-2,-28,0,-30,25,-50,-1,-9,0,-10,0,1,2,8,0,10,10,30,1,1,0,2,-75,2,-40,0,0,-40,200,-50,0,0,-50,25,1,30,10,-50,-10,200,5,30,20,5,-50,-25
50672827-bd08-44d3-bb5a-dbe7543384c0,Residential,R402_1_1,2,400,200,200,400,0,19.2,513.94452,23.52504,556.66956,0,280844,302.8,212598.908,111.61128,213013.3193,-1500,2,-195,-5,0,-200,50,-20,-49,-1,0,-50,0,1,-2,-28,0,-30,25,-50,-1,-9,0,-10,0,1,2,8,0,10,10,30,1,1,0,2,-75,2,-40,0,0,-40,200,-50,0,0,-50,25,1,30,10,-50,-10,200,5,30,20,5,-50,-25
4bb7b896-958e-4660-b408-a22a43cce52b,Residential,R1066_1_1,2,400,200,200,400,0,19.2,513.94452,23.52504,556.66956,0,280844,302.8,212598.908,111.61128,213013.3193,-1500,2,-195,-5,0,-200,50,-20,-49,-1,0,-50,0,1,-2,-28,0,-30,25,-50,-1,-9,0,-10,0,1,2,8,0,10,10,30,1,1,0,2,-75,2,-40,0,0,-40,200,-50,0,0,-50,25,1,30,10,-50,-10,200,5,30,20,5,-50,-25
0fa7c193-b9f2-48a1-bfe6-c05d65dc4dbe,Residential,R1346_1_1,2,400,200,200,400,0,19.2,513.94452,23.52504,556.66956,0,280844,302.8,212598.908,111.61128,213013.3193,-1500,2,-195,-5,0,-200,50,-20,-49,-1,0,-50,0,1,-2,-28,0,-30,25,-50,-1,-9,0,-10,0,1,2,8,0,10,10,30,1,1,0,2,-75,2,-40,0,0,-40,200,-50,0,0,-50,25,1,30,10,-50,-10,200,5,30,20,5,-50,-25
30b621fe-59f6-4140-afd2-214102cf6d76,Residential,R1055_1_1,2,400,200,200,400,0,19.2,513.94452,23.52504,556.66956,0,280844,302.8,212598.908,111.61128,213013.3193,-1500,2,-195,-5,0,-200,50,-20,-49,-1,0,-50,0,1,-2,-28,0,-30,25,-50,-1,-9,0,-10,0,1,2,8,0,10,10,30,1,1,0,2,-75,2,-40,0,0,-40,200,-50,0,0,-50,25,1,30,10,-50,-10,200,5,30,20,5,-50,-25
39704104-3a35-457d-a674-46b899201b29,Residential,R2093_1_1,2,400,200,200,400,0,19.2,513.94452,23.52504,556.66956,0,280844,302.8,212598.908,111.61128,213013.3193,-1500,2,-195,-5,0,-200,50,-20,-49,-1,0,-50,0,1,-2,-28,0,-30,25,-50,-1,-9,0,-10,0,1,2,8,0,10,10,30,1,1,0,2,-75,2,-40,0,0,-40,200,-50,0,0,-50,25,1,30,10,-50,-10,200,5,30,20,5,-50,-25
6307beb0-7d30-407f-b500-863933cda2c4,Residential,R665_1_1,2,400,200,200,400,0,19.2,513.94452,23.52504,556.66956,0,280844,302.8,212598.908,111.61128,213013.3193,-1500,2,-195,-5,0,-200,50,-20,-49,-1,0,-50,0,1,-2,-28,0,-30,25,-50,-1,-9,0,-10,0,1,2,8,0,10,10,30,1,1,0,2,-75,2,-40,0,0,-40,200,-50,0,0,-50,25,1,30,10,-50,-10,200,5,30,20,5,-50,-25
33c14bb4-8eb0-4230-816a-d6f34e82b857,Residential,R2153_1_1,2,400,200,200,400,0,19.2,513.94452,23.52504,556.66956,0,280844,302.8,212598.908,111.61128,213013.3193,-1500,2,-195,-5,0,-200,50,-20,-49,-1,0,-50,0,1,-2,-28,0,-30,25,-50,-1,-9,0,-10,0,1,2,8,0,10,10,30,1,1,0,2,-75,2,-40,0,0,-40,200,-50,0,0,-50,25,1,30,10,-50,-10,200,5,30,20,5,-50,-25
f86af9d2-270d-43a0-8316-675854948c8f,Residential,R338_1_1,2,400,200,200,400,0,19.2,513.94452,23.52504,556.66956,0,280844,302.8,212598.908,111.61128,213013.3193,-1500,2,-195,-5,0,-200,50,-20,-49,-1,0,-50,0,1,-2,-28,0,-30,25,-50,-1,-9,0,-10,0,1,2,8,0,10,10,30,1,1,0,2,-75,2,-40,0,0,-40,200,-50,0,0,-50,25,1,30,10,-50,-10,200,5,30,20,5,-50,-25
05a053cb-e017-4b34-b155-83ed8f9a26aa,Residential,R1603_1_1,2,400,200,200,400,0,19.2,513.94452,23.52504,556.66956,0,280844,302.8,212598.908,111.61128,213013.3193,-1500,2,-195,-5,0,-200,50,-20,-49,-1,0,-50,0,1,-2,-28,0,-30,25,-50,-1,-9,0,-10,0,1,2,8,0,10,10,30,1,1,0,2,-75,2,-40,0,0,-40,200,-50,0,0,-50,25,1,30,10,-50,-10,200,5,30,20,5,-50,-25
fd257d63-a923-4857-9e2f-ae1f3bb8ebb4,Residential,R1226_1_1,2,400,200,200,400,0,19.2,513.94452,23.52504,556.66956,0,280844,302.8,212598.908,111.61128,213013.3193,-1500,2,-195,-5,0,-200,50,-20,-49,-1,0,-50,0,1,-2,-28,0,-30,25,-50,-1,-9,0,-10,0,1,2,8,0,10,10,30,1,1,0,2,-75,2,-40,0,0,-40,200,-50,0,0,-50,25,1,30,10,-50,-10,200,5,30,20,5,-50,-25
0657a1b6-5a3e-4b70-95ea-193eaeb7c27b,Residential,R1074_1_1,2,400,200,200,400,0,19.2,513.94452,23.52504,556.66956,0,280844,302.8,212598.908,111.61128,213013.3193,-1500,2,-195,-5,0,-200,50,-20,-49,-1,0,-50,0,1,-2,-28,0,-30,25,-50,-1,-9,0,-10,0,1,2,8,0,10,10,30,1,1,0,2,-75,2,-40,0,0,-40,200,-50,0,0,-50,25,1,30,10,-50,-10,200,5,30,20,5,-50,-25
9d329293-41d9-4e3d-a91c-3935c930273d,Residential,R889_1_1,2,400,200,200,400,0,19.2,513.94452,23.52504,556.66956,0,280844,302.8,212598.908,111.61128,213013.3193,-1500,2,-195,-5,0,-200,50,-20,-49,-1,0,-50,0,1,-2,-28,0,-30,25,-50,-1,-9,0,-10,0,1,2,8,0,10,10,30,1,1,0,2,-75,2,-40,0,0,-40,200,-50,0,0,-50,25,1,30,10,-50,-10,200,5,30,20,5,-50,-25
c30f1d94-4e53-49c3-9986-12be3766f24d,Residential,R279_1_1,2,400,200,200,400,0,19.2,513.94452,23.52504,556.66956,0,280844,302.8,212598.908,111.61128,213013.3193,-1500,2,-195,-5,0,-200,50,-20,-49,-1,0,-50,0,1,-2,-28,0,-30,25,-50,-1,-9,0,-10,0,1,2,8,0,10,10,30,1,1,0,2,-75,2,-40,0,0,-40,200,-50,0,0,-50,25,1,30,10,-50,-10,200,5,30,20,5,-50,-25
c74c9d2b-21ce-4897-a5e0-0c8aec68d904,Residential,R1485_1_1,2,400,200,200,400,0,19.2,513.94452,23.52504,556.66956,0,280844,302.8,212598.908,111.61128,213013.3193,-1500,2,-195,-5,0,-200,50,-20,-49,-1,0,-50,0,1,-2,-28,0,-30,25,-50,-1,-9,0,-10,0,1,2,8,0,10,10,30,1,1,0,2,-75,2,-40,0,0,-40,200,-50,0,0,-50,25,1,30,10,-50,-10,200,5,30,20,5,-50,-25
5af793e0-4d33-4ef3-bb83-57167568fa70,Residential,R100_1_1,2,400,200,200,400,0,19.2,513.94452,23.52504,556.66956,0,280844,302.8,212598.908,111.61128,213013.3193,-1500,2,-195,-5,0,-200,50,-20,-49,-1,0,-50,0,1,-2,-28,0,-30,25,-50,-1,-9,0,-10,0,1,2,8,0,10,10,30,1,1,0,2,-75,2,-40,0,0,-40,200,-50,0,0,-50,25,1,30,10,-50,-10,200,5,30,20,5,-50,-25
a6f1cd4d-c7ba-428a-b506-e1bf5ce6f226,Residential,R2079_1_1,2,400,200,200,400,0,19.2,513.94452,23.52504,556.66956,0,280844,302.8,212598.908,111.61128,213013.3193,-1500,2,-195,-5,0,-200,50,-20,-49,-1,0,-50,0,1,-2,-28,0,-30,25,-50,-1,-9,0,-10,0,1,2,8,0,10,10,30,1,1,0,2,-75,2,-40,0,0,-40,200,-50,0,0,-50,25,1,30,10,-50,-10,200,5,30,20,5,-50,-25
1a7be545-86c4-4b84-9448-80adc33c1073,Residential,R997_1_1,2,400,200,200,400,0,19.2,513.94452,23.52504,556.66956,0,280844,302.8,212598.908,111.61128,213013.3193,-1500,2,-195,-5,0,-200,50,-20,-49,-1,0,-50,0,1,-2,-28,0,-30,25,-50,-1,-9,0,-10,0,1,2,8,0,10,10,30,1,1,0,2,-75,2,-40,0,0,-40,200,-50,0,0,-50,25,1,30,10,-50,-10,200,5,30,20,5,-50,-25
9fb7b51c-b98d-449c-be3d-8c32b8622203,Residential,R2016_1_1,2,400,200,200,400,0,19.2,513.94452,23.52504,556.66956,0,280844,302.8,212598.908,111.61128,213013.3193,-1500,2,-195,-5,0,-200,50,-20,-49,-1,0,-50,0,1,-2,-28,0,-30,25,-50,-1,-9,0,-10,0,1,2,8,0,10,10,30,1,1,0,2,-75,2,-40,0,0,-40,200,-50,0,0,-50,25,1,30,10,-50,-10,200,5,30,20,5,-50,-25
05d377d6-2d66-4beb-93a6-811941adfba2,Residential,R2194_1_1,2,400,200,200,400,0,19.2,513.94452,23.52504,556.66956,0,280844,302.8,212598.908,111.61128,213013.3193,-1500,2,-195,-5,0,-200,50,-20,-49,-1,0,-50,0,1,-2,-28,0,-30,25,-50,-1,-9,0,-10,0,1,2,8,0,10,10,30,1,1,0,2,-75,2,-40,0,0,-40,200,-50,0,0,-50,25,1,30,10,-50,-10,200,5,30,20,5,-50,-25
464e9ed2-2fbd-4017-8ebe-70b8c60d63fa,Residential,R1970_1_1,2,400,200,200,400,0,19.2,513.94452,23.52504,556.66956,0,280844,302.8,212598.908,111.61128,213013.3193,-1500,2,-195,-5,0,-200,50,-20,-49,-1,0,-50,0,1,-2,-28,0,-30,25,-50,-1,-9,0,-10,0,1,2,8,0,10,10,30,1,1,0,2,-75,2,-40,0,0,-40,200,-50,0,0,-50,25,1,30,10,-50,-10,200,5,30,20,5,-50,-25
37d30ab6-55bf-4f32-b40f-eded27f78e19,Residential,R1445_1_1,2,400,200,200,400,0,19.2,513.94452,23.52504,556.66956,0,280844,302.8,212598.908,111.61128,213013.3193,-1500,2,-195,-5,0,-200,50,-20,-49,-1,0,-50,0,1,-2,-28,0,-30,25,-50,-1,-9,0,-10,0,1,2,8,0,10,10,30,1,1,0,2,-75,2,-40,0,0,-40,200,-50,0,0,-50,25,1,30,10,-50,-10,200,5,30,20,5,-50,-25
2cd4746c-98ba-42fb-ba64-1f4eb5580b7c,Residential,R1273_1_1,2,400,200,200,400,0,19.2,513.94452,23.52504,556.66956,0,280844,302.8,212598.908,111.61128,213013.3193,-1500,2,-195,-5,0,-200,50,-20,-49,-1,0,-50,0,1,-2,-28,0,-30,25,-50,-1,-9,0,-10,0,1,2,8,0,10,10,30,1,1,0,2,-75,2,-40,0,0,-40,200,-50,0,0,-50,25,1,30,10,-50,-10,200,5,30,20,5,-50,-25
55dfd39a-6e79-4db3-aa7d-7bc9189ae3cb,Residential,R1133_1_1,2,400,200,200,400,0,19.2,513.94452,23.52504,556.66956,0,280844,302.8,212598.908,111.61128,213013.3193,-1500,2,-195,-5,0,-200,50,-20,-49,-1,0,-50,0,1,-2,-28,0,-30,25,-50,-1,-9,0,-10,0,1,2,8,0,10,10,30,1,1,0,2,-75,2,-40,0,0,-40,200,-50,0,0,-50,25,1,30,10,-50,-10,200,5,30,20,5,-50,-25
e9c58c24-d361-4670-9289-deef5d69a4b6,Residential,R642_1_1,2,400,200,200,400,0,19.2,513.94452,23.52504,556.66956,0,280844,302.8,212598.908,111.61128,213013.3193,-1500,2,-195,-5,0,-200,50,-20,-49,-1,0,-50,0,1,-2,-28,0,-30,25,-50,-1,-9,0,-10,0,1,2,8,0,10,10,30,1,1,0,2,-75,2,-40,0,0,-40,200,-50,0,0,-50,25,1,30,10,-50,-10,200,5,30,20,5,-50,-25
71492a7e-c259-4fac-8f8c-a37145d7cadb,Residential,R306_1_1,2,400,200,200,400,0,19.2,513.94452,23.52504,556.66956,0,280844,302.8,212598.908,111.61128,213013.3193,-1500,2,-195,-5,0,-200,50,-20,-49,-1,0,-50,0,1,-2,-28,0,-30,25,-50,-1,-9,0,-10,0,1,2,8,0,10,10,30,1,1,0,2,-75,2,-40,0,0,-40,200,-50,0,0,-50,25,1,30,10,-50,-10,200,5,30,20,5,-50,-25
78c9756e-6790-47c2-bbc7-06ccdfa16ed2,Residential,R1176_1_1,2,400,200,200,400,0,19.2,513.94452,23.52504,556.66956,0,280844,302.8,212598.908,111.61128,213013.3193,-1500,2,-195,-5,0,-200,50,-20,-49,-1,0,-50,0,1,-2,-28,0,-30,25,-50,-1,-9,0,-10,0,1,2,8,0,10,10,30,1,1,0,2,-75,2,-40,0,0,-40,200,-50,0,0,-50,25,1,30,10,-50,-10,200,5,30,20,5,-50,-25
e2badc95-905e-4293-a9d5-f902d8f4ceac,Residential,R696_1_1,2,400,200,200,400,0,19.2,513.94452,23.52504,556.66956,0,280844,302.8,212598.908,111.61128,213013.3193,-1500,2,-195,-5,0,-200,50,-20,-49,-1,0,-50,0,1,-2,-28,0,-30,25,-50,-1,-9,0,-10,0,1,2,8,0,10,10,30,1,1,0,2,-75,2,-40,0,0,-40,200,-50,0,0,-50,25,1,30,10,-50,-10,200,5,30,20,5,-50,-25
aa7cb77c-e28e-4e5d-bd2a-b8645f0b3ae0,Residential,R1699_1_1,2,400,200,200,400,0,19.2,513.94452,23.52504,556.66956,0,280844,302.8,212598.908,111.61128,213013.3193,-1500,2,-195,-5,0,-200,50,-20,-49,-1,0,-50,0,1,-2,-28,0,-30,25,-50,-1,-9,0,-10,0,1,2,8,0,10,10,30,1,1,0,2,-75,2,-40,0,0,-40,200,-50,0,0,-50,25,1,30,10,-50,-10,200,5,30,20,5,-50,-25
78bd667a-d6dd-4ac4-87db-ac298baadbe0,Residential,R404_1_1,2,400,200,200,400,0,19.2,513.94452,23.52504,556.66956,0,280844,302.8,212598.908,111.61128,213013.3193,-1500,2,-195,-5,0,-200,50,-20,-49,-1,0,-50,0,1,-2,-28,0,-30,25,-50,-1,-9,0,-10,0,1,2,8,0,10,10,30,1,1,0,2,-75,2,-40,0,0,-40,200,-50,0,0,-50,25,1,30,10,-50,-10,200,5,30,20,5,-50,-25
fdfd5376-fc5a-4483-8dac-b7db9179e211,Residential,R218_1_1,2,400,200,200,400,0,19.2,513.94452,23.52504,556.66956,0,280844,302.8,212598.908,111.61128,213013.3193,-1500,2,-195,-5,0,-200,50,-20,-49,-1,0,-50,0,1,-2,-28,0,-30,25,-50,-1,-9,0,-10,0,1,2,8,0,10,10,30,1,1,0,2,-75,2,-40,0,0,-40,200,-50,0,0,-50,25,1,30,10,-50,-10,200,5,30,20,5,-50,-25
9e8f3227-4af5-4bfd-86e9-f0e5bc193635,Residential,R1230_1_1,2,400,200,200,400,0,19.2,513.94452,23.52504,556.66956,0,280844,302.8,212598.908,111.61128,213013.3193,-1500,2,-195,-5,0,-200,50,-20,-49,-1,0,-50,0,1,-2,-28,0,-30,25,-50,-1,-9,0,-10,0,1,2,8,0,10,10,30,1,1,0,2,-75,2,-40,0,0,-40,200,-50,0,0,-50,25,1,30,10,-50,-10,200,5,30,20,5,-50,-25
5bf6d659-2f8a-483e-890a-721dddee8b6b,Residential,R2129_1_1,2,400,200,200,400,0,19.2,513.94452,23.52504,556.66956,0,280844,302.8,212598.908,111.61128,213013.3193,-1500,2,-195,-5,0,-200,50,-20,-49,-1,0,-50,0,1,-2,-28,0,-30,25,-50,-1,-9,0,-10,0,1,2,8,0,10,10,30,1,1,0,2,-75,2,-40,0,0,-40,200,-50,0,0,-50,25,1,30,10,-50,-10,200,5,30,20,5,-50,-25
ca8df32d-da96-4938-ae1e-a469d8848c35,Residential,R1016_1_1,2,400,200,200,400,0,19.2,513.94452,23.52504,556.66956,0,280844,302.8,212598.908,111.61128,213013.3193,-1500,2,-195,-5,0,-200,50,-20,-49,-1,0,-50,0,1,-2,-28,0,-30,25,-50,-1,-9,0,-10,0,1,2,8,0,10,10,30,1,1,0,2,-75,2,-40,0,0,-40,200,-50,0,0,-50,25,1,30,10,-50,-10,200,5,30,20,5,-50,-25
435bca6e-3849-4541-954f-edc0a0a6e4cf,Residential,R633_1_1,2,400,200,200,400,0,19.2,513.94452,23.52504,556.66956,0,280844,302.8,212598.908,111.61128,213013.3193,-1500,2,-195,-5,0,-200,50,-20,-49,-1,0,-50,0,1,-2,-28,0,-30,25,-50,-1,-9,0,-10,0,1,2,8,0,10,10,30,1,1,0,2,-75,2,-40,0,0,-40,200,-50,0,0,-50,25,1,30,10,-50,-10,200,5,30,20,5,-50,-25
6adf398d-f6de-4f68-9af9-543537e152a3,Residential,R1929_1_1,2,400,200,200,400,0,19.2,513.94452,23.52504,556.66956,0,280844,302.8,212598.908,111.61128,213013.3193,-1500,2,-195,-5,0,-200,50,-20,-49,-1,0,-50,0,1,-2,-28,0,-30,25,-50,-1,-9,0,-10,0,1,2,8,0,10,10,30,1,1,0,2,-75,2,-40,0,0,-40,200,-50,0,0,-50,25,1,30,10,-50,-10,200,5,30,20,5,-50,-25
3c2ddf09-8a15-41b6-a52e-7e7e6aacce12,Residential,R250_1_1,2,400,200,200,400,0,19.2,513.94452,23.52504,556.66956,0,280844,302.8,212598.908,111.61128,213013.3193,-1500,2,-195,-5,0,-200,50,-20,-49,-1,0,-50,0,1,-2,-28,0,-30,25,-50,-1,-9,0,-10,0,1,2,8,0,10,10,30,1,1,0,2,-75,2,-40,0,0,-40,200,-50,0,0,-50,25,1,30,10,-50,-10,200,5,30,20,5,-50,-25
df3afb7d-b768-4877-a080-63715054408c,Residential,R831_1_1,2,400,200,200,400,0,19.2,513.94452,23.52504,556.66956,0,280844,302.8,212598.908,111.61128,213013.3193,-1500,2,-195,-5,0,-200,50,-20,-49,-1,0,-50,0,1,-2,-28,0,-30,25,-50,-1,-9,0,-10,0,1,2,8,0,10,10,30,1,1,0,2,-75,2,-40,0,0,-40,200,-50,0,0,-50,25,1,30,10,-50,-10,200,5,30,20,5,-50,-25
20267444-f073-4153-8d5f-de71f04949d4,Residential,R1852_1_1,2,400,200,200,400,0,19.2,513.94452,23.52504,556.66956,0,280844,302.8,212598.908,111.61128,213013.3193,-1500,2,-195,-5,0,-200,50,-20,-49,-1,0,-50,0,1,-2,-28,0,-30,25,-50,-1,-9,0,-10,0,1,2,8,0,10,10,30,1,1,0,2,-75,2,-40,0,0,-40,200,-50,0,0,-50,25,1,30,10,-50,-10,200,5,30,20,5,-50,-25
d241cb81-10a0-4317-8581-30464f1ac096,Residential,R176_1_1,2,400,200,200,400,0,19.2,513.94452,23.52504,556.66956,0,280844,302.8,212598.908,111.61128,213013.3193,-1500,2,-195,-5,0,-200,50,-20,-49,-1,0,-50,0,1,-2,-28,0,-30,25,-50,-1,-9,0,-10,0,1,2,8,0,10,10,30,1,1,0,2,-75,2,-40,0,0,-40,200,-50,0,0,-50,25,1,30,10,-50,-10,200,5,30,20,5,-50,-25
faa97b2f-545b-45be-963d-68c62efce692,Residential,R1742_1_1,2,400,200,200,400,0,19.2,513.94452,23.52504,556.66956,0,280844,302.8,212598.908,111.61128,213013.3193,-1500,2,-195,-5,0,-200,50,-20,-49,-1,0,-50,0,1,-2,-28,0,-30,25,-50,-1,-9,0,-10,0,1,2,8,0,10,10,30,1,1,0,2,-75,2,-40,0,0,-40,200,-50,0,0,-50,25,1,30,10,-50,-10,200,5,30,20,5,-50,-25
b9655bef-614a-4bd0-a60f-2e081a19f210,Residential,R1235_1_1,2,400,200,200,400,0,19.2,513.94452,23.52504,556.66956,0,280844,302.8,212598.908,111.61128,213013.3193,-1500,2,-195,-5,0,-200,50,-20,-49,-1,0,-50,0,1,-2,-28,0,-30,25,-50,-1,-9,0,-10,0,1,2,8,0,10,10,30,1,1,0,2,-75,2,-40,0,0,-40,200,-50,0,0,-50,25,1,30,10,-50,-10,200,5,30,20,5,-50,-25
1ec71dec-ae58-4ceb-b7a6-ba5f16822980,Residential,R2161_1_1,2,400,200,200,400,0,19.2,513.94452,23.52504,556.66956,0,280844,302.8,212598.908,111.61128,213013.3193,-1500,2,-195,-5,0,-200,50,-20,-49,-1,0,-50,0,1,-2,-28,0,-30,25,-50,-1,-9,0,-10,0,1,2,8,0,10,10,30,1,1,0,2,-75,2,-40,0,0,-40,200,-50,0,0,-50,25,1,30,10,-50,-10,200,5,30,20,5,-50,-25
a754dc83-6efd-43d8-bb89-e21447eb3e3c,Residential,R148_1_1,2,400,200,200,400,0,19.2,513.94452,23.52504,556.66956,0,280844,302.8,212598.908,111.61128,213013.3193,-1500,2,-195,-5,0,-200,50,-20,-49,-1,0,-50,0,1,-2,-28,0,-30,25,-50,-1,-9,0,-10,0,1,2,8,0,10,10,30,1,1,0,2,-75,2,-40,0,0,-40,200,-50,0,0,-50,25,1,30,10,-50,-10,200,5,30,20,5,-50,-25
4a55b4e3-2753-4f38-a49b-af16951cbf18,Residential,R255_1_1,2,400,200,200,400,0,19.2,513.94452,23.52504,556.66956,0,280844,302.8,212598.908,111.61128,213013.3193,-1500,2,-195,-5,0,-200,50,-20,-49,-1,0,-50,0,1,-2,-28,0,-30,25,-50,-1,-9,0,-10,0,1,2,8,0,10,10,30,1,1,0,2,-75,2,-40,0,0,-40,200,-50,0,0,-50,25,1,30,10,-50,-10,200,5,30,20,5,-50,-25
9fa89044-113d-4d12-9f92-a7d8c4e090f0,Residential,R123_1_1,2,400,200,200,400,0,19.2,513.94452,23.52504,556.66956,0,280844,302.8,212598.908,111.61128,213013.3193,-1500,2,-195,-5,0,-200,50,-20,-49,-1,0,-50,0,1,-2,-28,0,-30,25,-50,-1,-9,0,-10,0,1,2,8,0,10,10,30,1,1,0,2,-75,2,-40,0,0,-40,200,-50,0,0,-50,25,1,30,10,-50,-10,200,5,30,20,5,-50,-25
36d758bf-83ba-4e83-97d2-3aa98f02622a,Residential,R1650_1_1,2,400,200,200,400,0,19.2,513.94452,23.52504,556.66956,0,280844,302.8,212598.908,111.61128,213013.3193,-1500,2,-195,-5,0,-200,50,-20,-49,-1,0,-50,0,1,-2,-28,0,-30,25,-50,-1,-9,0,-10,0,1,2,8,0,10,10,30,1,1,0,2,-75,2,-40,0,0,-40,200,-50,0,0,-50,25,1,30,10,-50,-10,200,5,30,20,5,-50,-25
bbe5cabd-5028-4d01-84b6-0c5cb427065e,Residential,R857_1_1,2,400,200,200,400,0,19.2,513.94452,23.52504,556.66956,0,280844,302.8,212598.908,111.61128,213013.3193,-1500,2,-195,-5,0,-200,50,-20,-49,-1,0,-50,0,1,-2,-28,0,-30,25,-50,-1,-9,0,-10,0,1,2,8,0,10,10,30,1,1,0,2,-75,2,-40,0,0,-40,200,-50,0,0,-50,25,1,30,10,-50,-10,200,5,30,20,5,-50,-25
915bf844-589b-46aa-ad25-2f91e029fca8,Residential,R1089_1_1,2,400,200,200,400,0,19.2,513.94452,23.52504,556.66956,0,280844,302.8,212598.908,111.61128,213013.3193,-1500,2,-195,-5,0,-200,50,-20,-49,-1,0,-50,0,1,-2,-28,0,-30,25,-50,-1,-9,0,-10,0,1,2,8,0,10,10,30,1,1,0,2,-75,2,-40,0,0,-40,200,-50,0,0,-50,25,1,30,10,-50,-10,200,5,30,20,5,-50,-25
ddac110a-9d07-4fdf-994a-1c1381fb5470,Residential,R852_1_1,2,400,200,200,400,0,19.2,513.94452,23.52504,556.66956,0,280844,302.8,212598.908,111.61128,213013.3193,-1500,2,-195,-5,0,-200,50,-20,-49,-1,0,-50,0,1,-2,-28,0,-30,25,-50,-1,-9,0,-10,0,1,2,8,0,10,10,30,1,1,0,2,-75,2,-40,0,0,-40,200,-50,0,0,-50,25,1,30,10,-50,-10,200,5,30,20,5,-50,-25
d8f6f0dc-6a04-4c74-b394-1f7ceed00d83,Residential,R601_1_1,2,400,200,200,400,0,19.2,513.94452,23.52504,556.66956,0,280844,302.8,212598.908,111.61128,213013.3193,-1500,2,-195,-5,0,-200,50,-20,-49,-1,0,-50,0,1,-2,-28,0,-30,25,-50,-1,-9,0,-10,0,1,2,8,0,10,10,30,1,1,0,2,-75,2,-40,0,0,-40,200,-50,0,0,-50,25,1,30,10,-50,-10,200,5,30,20,5,-50,-25
0e7f1c39-513a-4ac5-9613-052727db324f,Residential,R607_1_1,2,400,200,200,400,0,19.2,513.94452,23.52504,556.66956,0,280844,302.8,212598.908,111.61128,213013.3193,-1500,2,-195,-5,0,-200,50,-20,-49,-1,0,-50,0,1,-2,-28,0,-30,25,-50,-1,-9,0,-10,0,1,2,8,0,10,10,30,1,1,0,2,-75,2,-40,0,0,-40,200,-50,0,0,-50,25,1,30,10,-50,-10,200,5,30,20,5,-50,-25
3d0eda75-1d39-49ff-a8e8-55efdc1a10db,Residential,R1798_1_1,2,400,200,200,400,0,19.2,513.94452,23.52504,556.66956,0,280844,302.8,212598.908,111.61128,213013.3193,-1500,2,-195,-5,0,-200,50,-20,-49,-1,0,-50,0,1,-2,-28,0,-30,25,-50,-1,-9,0,-10,0,1,2,8,0,10,10,30,1,1,0,2,-75,2,-40,0,0,-40,200,-50,0,0,-50,25,1,30,10,-50,-10,200,5,30,20,5,-50,-25
865260c4-024f-4a8c-a2c8-e340103261d7,Residential,R1697_1_1,2,400,200,200,400,0,19.2,513.94452,23.52504,556.66956,0,280844,302.8,212598.908,111.61128,213013.3193,-1500,2,-195,-5,0,-200,50,-20,-49,-1,0,-50,0,1,-2,-28,0,-30,25,-50,-1,-9,0,-10,0,1,2,8,0,10,10,30,1,1,0,2,-75,2,-40,0,0,-40,200,-50,0,0,-50,25,1,30,10,-50,-10,200,5,30,20,5,-50,-25
0cf4b6aa-d600-4acc-9b33-1e7d66e23486,Residential,R999_1_1,2,400,200,200,400,0,19.2,513.94452,23.52504,556.66956,0,280844,302.8,212598.908,111.61128,213013.3193,-1500,2,-195,-5,0,-200,50,-20,-49,-1,0,-50,0,1,-2,-28,0,-30,25,-50,-1,-9,0,-10,0,1,2,8,0,10,10,30,1,1,0,2,-75,2,-40,0,0,-40,200,-50,0,0,-50,25,1,30,10,-50,-10,200,5,30,20,5,-50,-25
fa49ad33-c1b4-49d1-b6f4-d4c01cd873ad,Residential,R345_1_1,2,400,200,200,400,0,19.2,513.94452,23.52504,556.66956,0,280844,302.8,212598.908,111.61128,213013.3193,-1500,2,-195,-5,0,-200,50,-20,-49,-1,0,-50,0,1,-2,-28,0,-30,25,-50,-1,-9,0,-10,0,1,2,8,0,10,10,30,1,1,0,2,-75,2,-40,0,0,-40,200,-50,0,0,-50,25,1,30,10,-50,-10,200,5,30,20,5,-50,-25
1c9864d1-b615-45c3-8177-6ab17d93a021,Residential,R1446_1_1,2,400,200,200,400,0,19.2,513.94452,23.52504,556.66956,0,280844,302.8,212598.908,111.61128,213013.3193,-1500,2,-195,-5,0,-200,50,-20,-49,-1,0,-50,0,1,-2,-28,0,-30,25,-50,-1,-9,0,-10,0,1,2,8,0,10,10,30,1,1,0,2,-75,2,-40,0,0,-40,200,-50,0,0,-50,25,1,30,10,-50,-10,200,5,30,20,5,-50,-25
b0751339-e366-4279-88cb-21a39160fa65,Residential,R2202_1_1,2,400,200,200,400,0,19.2,513.94452,23.52504,556.66956,0,280844,302.8,212598.908,111.61128,213013.3193,-1500,2,-195,-5,0,-200,50,-20,-49,-1,0,-50,0,1,-2,-28,0,-30,25,-50,-1,-9,0,-10,0,1,2,8,0,10,10,30,1,1,0,2,-75,2,-40,0,0,-40,200,-50,0,0,-50,25,1,30,10,-50,-10,200,5,30,20,5,-50,-25
57d61a4f-b06f-43cc-8ae7-877d0b129784,Residential,R1534_1_1,2,400,200,200,400,0,19.2,513.94452,23.52504,556.66956,0,280844,302.8,212598.908,111.61128,213013.3193,-1500,2,-195,-5,0,-200,50,-20,-49,-1,0,-50,0,1,-2,-28,0,-30,25,-50,-1,-9,0,-10,0,1,2,8,0,10,10,30,1,1,0,2,-75,2,-40,0,0,-40,200,-50,0,0,-50,25,1,30,10,-50,-10,200,5,30,20,5,-50,-25
39857581-0a7b-465d-8556-d923d1059c95,Residential,R501_1_1,2,400,200,200,400,0,19.2,513.94452,23.52504,556.66956,0,280844,302.8,212598.908,111.61128,213013.3193,-1500,2,-195,-5,0,-200,50,-20,-49,-1,0,-50,0,1,-2,-28,0,-30,25,-50,-1,-9,0,-10,0,1,2,8,0,10,10,30,1,1,0,2,-75,2,-40,0,0,-40,200,-50,0,0,-50,25,1,30,10,-50,-10,200,5,30,20,5,-50,-25
f95a22e3-178a-486e-98c8-5596bad7d3e2,Residential,R639_1_1,2,400,200,200,400,0,19.2,513.94452,23.52504,556.66956,0,280844,302.8,212598.908,111.61128,213013.3193,-1500,2,-195,-5,0,-200,50,-20,-49,-1,0,-50,0,1,-2,-28,0,-30,25,-50,-1,-9,0,-10,0,1,2,8,0,10,10,30,1,1,0,2,-75,2,-40,0,0,-40,200,-50,0,0,-50,25,1,30,10,-50,-10,200,5,30,20,5,-50,-25
d7caa6cc-df88-413b-b749-41409c6112cf,Residential,R110_1_1,2,400,200,200,400,0,19.2,513.94452,23.52504,556.66956,0,280844,302.8,212598.908,111.61128,213013.3193,-1500,2,-195,-5,0,-200,50,-20,-49,-1,0,-50,0,1,-2,-28,0,-30,25,-50,-1,-9,0,-10,0,1,2,8,0,10,10,30,1,1,0,2,-75,2,-40,0,0,-40,200,-50,0,0,-50,25,1,30,10,-50,-10,200,5,30,20,5,-50,-25
49714413-e871-4bce-bf94-acadb03ef8f1,Residential,R2032_1_1,2,400,200,200,400,0,19.2,513.94452,23.52504,556.66956,0,280844,302.8,212598.908,111.61128,213013.3193,-1500,2,-195,-5,0,-200,50,-20,-49,-1,0,-50,0,1,-2,-28,0,-30,25,-50,-1,-9,0,-10,0,1,2,8,0,10,10,30,1,1,0,2,-75,2,-40,0,0,-40,200,-50,0,0,-50,25,1,30,10,-50,-10,200,5,30,20,5,-50,-25
a67e834a-f0da-4d7a-9060-90b6bec592a8,Residential,R1352_1_1,2,400,200,200,400,0,19.2,513.94452,23.52504,556.66956,0,280844,302.8,212598.908,111.61128,213013.3193,-1500,2,-195,-5,0,-200,50,-20,-49,-1,0,-50,0,1,-2,-28,0,-30,25,-50,-1,-9,0,-10,0,1,2,8,0,10,10,30,1,1,0,2,-75,2,-40,0,0,-40,200,-50,0,0,-50,25,1,30,10,-50,-10,200,5,30,20,5,-50,-25
d2563f77-eae0-4cf7-a96b-5bd215884066,Residential,R1436_1_1,2,400,200,200,400,0,19.2,513.94452,23.52504,556.66956,0,280844,302.8,212598.908,111.61128,213013.3193,-1500,2,-195,-5,0,-200,50,-20,-49,-1,0,-50,0,1,-2,-28,0,-30,25,-50,-1,-9,0,-10,0,1,2,8,0,10,10,30,1,1,0,2,-75,2,-40,0,0,-40,200,-50,0,0,-50,25,1,30,10,-50,-10,200,5,30,20,5,-50,-25
6a42ed59-97d5-4782-8502-7936fa4d7cca,Residential,R2147_1_1,2,400,200,200,400,0,19.2,513.94452,23.52504,556.66956,0,280844,302.8,212598.908,111.61128,213013.3193,-1500,2,-195,-5,0,-200,50,-20,-49,-1,0,-50,0,1,-2,-28,0,-30,25,-50,-1,-9,0,-10,0,1,2,8,0,10,10,30,1,1,0,2,-75,2,-40,0,0,-40,200,-50,0,0,-50,25,1,30,10,-50,-10,200,5,30,20,5,-50,-25
f6b1bde9-7c30-405f-abbf-56aa0d28633c,Residential,R556_1_1,2,400,200,200,400,0,19.2,513.94452,23.52504,556.66956,0,280844,302.8,212598.908,111.61128,213013.3193,-1500,2,-195,-5,0,-200,50,-20,-49,-1,0,-50,0,1,-2,-28,0,-30,25,-50,-1,-9,0,-10,0,1,2,8,0,10,10,30,1,1,0,2,-75,2,-40,0,0,-40,200,-50,0,0,-50,25,1,30,10,-50,-10,200,5,30,20,5,-50,-25
c4d2c4ab-f4cf-4143-8317-426732cf0527,Residential,R33_1_1,2,400,200,200,400,0,19.2,513.94452,23.52504,556.66956,0,280844,302.8,212598.908,111.61128,213013.3193,-1500,2,-195,-5,0,-200,50,-20,-49,-1,0,-50,0,1,-2,-28,0,-30,25,-50,-1,-9,0,-10,0,1,2,8,0,10,10,30,1,1,0,2,-75,2,-40,0,0,-40,200,-50,0,0,-50,25,1,30,10,-50,-10,200,5,30,20,5,-50,-25
efe2c744-0905-406e-84ed-551e5652a647,Residential,R157_1_1,2,400,200,200,400,0,19.2,513.94452,23.52504,556.66956,0,280844,302.8,212598.908,111.61128,213013.3193,-1500,2,-195,-5,0,-200,50,-20,-49,-1,0,-50,0,1,-2,-28,0,-30,25,-50,-1,-9,0,-10,0,1,2,8,0,10,10,30,1,1,0,2,-75,2,-40,0,0,-40,200,-50,0,0,-50,25,1,30,10,-50,-10,200,5,30,20,5,-50,-25
67d6354d-5199-4572-931b-68b0828b1775,Residential,R774_1_1,2,400,200,200,400,0,19.2,513.94452,23.52504,556.66956,0,280844,302.8,212598.908,111.61128,213013.3193,-1500,2,-195,-5,0,-200,50,-20,-49,-1,0,-50,0,1,-2,-28,0,-30,25,-50,-1,-9,0,-10,0,1,2,8,0,10,10,30,1,1,0,2,-75,2,-40,0,0,-40,200,-50,0,0,-50,25,1,30,10,-50,-10,200,5,30,20,5,-50,-25
95017e28-51d4-4e9a-bcee-e3de4f978c60,Residential,R621_1_1,2,400,200,200,400,0,19.2,513.94452,23.52504,556.66956,0,280844,302.8,212598.908,111.61128,213013.3193,-1500,2,-195,-5,0,-200,50,-20,-49,-1,0,-50,0,1,-2,-28,0,-30,25,-50,-1,-9,0,-10,0,1,2,8,0,10,10,30,1,1,0,2,-75,2,-40,0,0,-40,200,-50,0,0,-50,25,1,30,10,-50,-10,200,5,30,20,5,-50,-25
4f4bf20d-4219-4201-9023-a98296ef8cb4,Residential,R1191_1_1,2,400,200,200,400,0,19.2,513.94452,23.52504,556.66956,0,280844,302.8,212598.908,111.61128,213013.3193,-1500,2,-195,-5,0,-200,50,-20,-49,-1,0,-50,0,1,-2,-28,0,-30,25,-50,-1,-9,0,-10,0,1,2,8,0,10,10,30,1,1,0,2,-75,2,-40,0,0,-40,200,-50,0,0,-50,25,1,30,10,-50,-10,200,5,30,20,5,-50,-25
148bc83b-5533-4e8f-a07f-2006ab7395f8,Residential,R165_1_1,2,400,200,200,400,0,19.2,513.94452,23.52504,556.66956,0,280844,302.8,212598.908,111.61128,213013.3193,-1500,2,-195,-5,0,-200,50,-20,-49,-1,0,-50,0,1,-2,-28,0,-30,25,-50,-1,-9,0,-10,0,1,2,8,0,10,10,30,1,1,0,2,-75,2,-40,0,0,-40,200,-50,0,0,-50,25,1,30,10,-50,-10,200,5,30,20,5,-50,-25
18c462fc-d4b4-4198-a9b2-89181e6580bd,Residential,R2122_1_1,2,400,200,200,400,0,19.2,513.94452,23.52504,556.66956,0,280844,302.8,212598.908,111.61128,213013.3193,-1500,2,-195,-5,0,-200,50,-20,-49,-1,0,-50,0,1,-2,-28,0,-30,25,-50,-1,-9,0,-10,0,1,2,8,0,10,10,30,1,1,0,2,-75,2,-40,0,0,-40,200,-50,0,0,-50,25,1,30,10,-50,-10,200,5,30,20,5,-50,-25
61be5f16-4907-481a-b455-4cd9da54be2b,Residential,R892_1_1,2,400,200,200,400,0,19.2,513.94452,23.52504,556.66956,0,280844,302.8,212598.908,111.61128,213013.3193,-1500,2,-195,-5,0,-200,50,-20,-49,-1,0,-50,0,1,-2,-28,0,-30,25,-50,-1,-9,0,-10,0,1,2,8,0,10,10,30,1,1,0,2,-75,2,-40,0,0,-40,200,-50,0,0,-50,25,1,30,10,-50,-10,200,5,30,20,5,-50,-25
d1af09d5-ab71-428f-98b7-b006525064f2,Residential,R604_1_1,2,400,200,200,400,0,19.2,513.94452,23.52504,556.66956,0,280844,302.8,212598.908,111.61128,213013.3193,-1500,2,-195,-5,0,-200,50,-20,-49,-1,0,-50,0,1,-2,-28,0,-30,25,-50,-1,-9,0,-10,0,1,2,8,0,10,10,30,1,1,0,2,-75,2,-40,0,0,-40,200,-50,0,0,-50,25,1,30,10,-50,-10,200,5,30,20,5,-50,-25
1b390f7b-3085-46b4-82a3-69047e6dfd18,Residential,R1789_1_1,2,400,200,200,400,0,19.2,513.94452,23.52504,556.66956,0,280844,302.8,212598.908,111.61128,213013.3193,-1500,2,-195,-5,0,-200,50,-20,-49,-1,0,-50,0,1,-2,-28,0,-30,25,-50,-1,-9,0,-10,0,1,2,8,0,10,10,30,1,1,0,2,-75,2,-40,0,0,-40,200,-50,0,0,-50,25,1,30,10,-50,-10,200,5,30,20,5,-50,-25
535d5d5c-6698-4184-a8f3-379df3130458,Residential,R1781_1_1,2,400,200,200,400,0,19.2,513.94452,23.52504,556.66956,0,280844,302.8,212598.908,111.61128,213013.3193,-1500,2,-195,-5,0,-200,50,-20,-49,-1,0,-50,0,1,-2,-28,0,-30,25,-50,-1,-9,0,-10,0,1,2,8,0,10,10,30,1,1,0,2,-75,2,-40,0,0,-40,200,-50,0,0,-50,25,1,30,10,-50,-10,200,5,30,20,5,-50,-25
7610d53f-a7d6-4988-9afa-4177eaa536e1,Residential,R846_1_1,2,400,200,200,400,0,19.2,513.94452,23.52504,556.66956,0,280844,302.8,212598.908,111.61128,213013.3193,-1500,2,-195,-5,0,-200,50,-20,-49,-1,0,-50,0,1,-2,-28,0,-30,25,-50,-1,-9,0,-10,0,1,2,8,0,10,10,30,1,1,0,2,-75,2,-40,0,0,-40,200,-50,0,0,-50,25,1,30,10,-50,-10,200,5,30,20,5,-50,-25
94cdae8d-d9ff-442e-8fe8-ad84bc0cb776,Residential,R2177_1_1,2,400,200,200,400,0,19.2,513.94452,23.52504,556.66956,0,280844,302.8,212598.908,111.61128,213013.3193,-1500,2,-195,-5,0,-200,50,-20,-49,-1,0,-50,0,1,-2,-28,0,-30,25,-50,-1,-9,0,-10,0,1,2,8,0,10,10,30,1,1,0,2,-75,2,-40,0,0,-40,200,-50,0,0,-50,25,1,30,10,-50,-10,200,5,30,20,5,-50,-25
f3f2e542-f698-4601-9188-836b2036e579,Residential,R190_1_1,2,400,200,200,400,0,19.2,513.94452,23.52504,556.66956,0,280844,302.8,212598.908,111.61128,213013.3193,-1500,2,-195,-5,0,-200,50,-20,-49,-1,0,-50,0,1,-2,-28,0,-30,25,-50,-1,-9,0,-10,0,1,2,8,0,10,10,30,1,1,0,2,-75,2,-40,0,0,-40,200,-50,0,0,-50,25,1,30,10,-50,-10,200,5,30,20,5,-50,-25
f1f9ad0f-8e6b-4fa4-b7b6-59c50eaeed24,Residential,R68_1_1,2,400,200,200,400,0,19.2,513.94452,23.52504,556.66956,0,280844,302.8,212598.908,111.61128,213013.3193,-1500,2,-195,-5,0,-200,50,-20,-49,-1,0,-50,0,1,-2,-28,0,-30,25,-50,-1,-9,0,-10,0,1,2,8,0,10,10,30,1,1,0,2,-75,2,-40,0,0,-40,200,-50,0,0,-50,25,1,30,10,-50,-10,200,5,30,20,5,-50,-25
86af53eb-a340-43ac-a5c2-e5a0c1fa9adb,Residential,R1925_1_1,2,400,200,200,400,0,19.2,513.94452,23.52504,556.66956,0,280844,302.8,212598.908,111.61128,213013.3193,-1500,2,-195,-5,0,-200,50,-20,-49,-1,0,-50,0,1,-2,-28,0,-30,25,-50,-1,-9,0,-10,0,1,2,8,0,10,10,30,1,1,0,2,-75,2,-40,0,0,-40,200,-50,0,0,-50,25,1,30,10,-50,-10,200,5,30,20,5,-50,-25
7f966f10-745a-40bd-81f7-bf88d482bb45,Residential,R1045_1_1,2,400,200,200,400,0,19.2,513.94452,23.52504,556.66956,0,280844,302.8,212598.908,111.61128,213013.3193,-1500,2,-195,-5,0,-200,50,-20,-49,-1,0,-50,0,1,-2,-28,0,-30,25,-50,-1,-9,0,-10,0,1,2,8,0,10,10,30,1,1,0,2,-75,2,-40,0,0,-40,200,-50,0,0,-50,25,1,30,10,-50,-10,200,5,30,20,5,-50,-25
7091675a-247a-454d-9cf6-cc472bb11d2f,Residential,R1170_1_1,2,400,200,200,400,0,19.2,513.94452,23.52504,556.66956,0,280844,302.8,212598.908,111.61128,213013.3193,-1500,2,-195,-5,0,-200,50,-20,-49,-1,0,-50,0,1,-2,-28,0,-30,25,-50,-1,-9,0,-10,0,1,2,8,0,10,10,30,1,1,0,2,-75,2,-40,0,0,-40,200,-50,0,0,-50,25,1,30,10,-50,-10,200,5,30,20,5,-50,-25
704e18a9-7e18-4598-947c-e94e757ddb0a,Residential,R372_1_1,2,400,200,200,400,0,19.2,513.94452,23.52504,556.66956,0,280844,302.8,212598.908,111.61128,213013.3193,-1500,2,-195,-5,0,-200,50,-20,-49,-1,0,-50,0,1,-2,-28,0,-30,25,-50,-1,-9,0,-10,0,1,2,8,0,10,10,30,1,1,0,2,-75,2,-40,0,0,-40,200,-50,0,0,-50,25,1,30,10,-50,-10,200,5,30,20,5,-50,-25
fe2e7c60-37f6-45d3-a582-d69a3efbe21c,Residential,R258_1_1,2,400,200,200,400,0,19.2,513.94452,23.52504,556.66956,0,280844,302.8,212598.908,111.61128,213013.3193,-1500,2,-195,-5,0,-200,50,-20,-49,-1,0,-50,0,1,-2,-28,0,-30,25,-50,-1,-9,0,-10,0,1,2,8,0,10,10,30,1,1,0,2,-75,2,-40,0,0,-40,200,-50,0,0,-50,25,1,30,10,-50,-10,200,5,30,20,5,-50,-25
dd028feb-e48b-44ca-b445-26047aecef56,Residential,R608_1_1,2,400,200,200,400,0,19.2,513.94452,23.52504,556.66956,0,280844,302.8,212598.908,111.61128,213013.3193,-1500,2,-195,-5,0,-200,50,-20,-49,-1,0,-50,0,1,-2,-28,0,-30,25,-50,-1,-9,0,-10,0,1,2,8,0,10,10,30,1,1,0,2,-75,2,-40,0,0,-40,200,-50,0,0,-50,25,1,30,10,-50,-10,200,5,30,20,5,-50,-25
561eec67-f3f9-40c3-be81-30e1f409b4e4,Residential,R1438_1_1,2,400,200,200,400,0,19.2,513.94452,23.52504,556.66956,0,280844,302.8,212598.908,111.61128,213013.3193,-1500,2,-195,-5,0,-200,50,-20,-49,-1,0,-50,0,1,-2,-28,0,-30,25,-50,-1,-9,0,-10,0,1,2,8,0,10,10,30,1,1,0,2,-75,2,-40,0,0,-40,200,-50,0,0,-50,25,1,30,10,-50,-10,200,5,30,20,5,-50,-25
b64d9140-ab67-4fd8-8a77-4b2b78e7b496,Residential,R938_1_1,2,400,200,200,400,0,19.2,513.94452,23.52504,556.66956,0,280844,302.8,212598.908,111.61128,213013.3193,-1500,2,-195,-5,0,-200,50,-20,-49,-1,0,-50,0,1,-2,-28,0,-30,25,-50,-1,-9,0,-10,0,1,2,8,0,10,10,30,1,1,0,2,-75,2,-40,0,0,-40,200,-50,0,0,-50,25,1,30,10,-50,-10,200,5,30,20,5,-50,-25
75a52e69-fcbb-461e-bf85-f0eb29fa2c79,Residential,R1007_1_1,2,400,200,200,400,0,19.2,513.94452,23.52504,556.66956,0,280844,302.8,212598.908,111.61128,213013.3193,-1500,2,-195,-5,0,-200,50,-20,-49,-1,0,-50,0,1,-2,-28,0,-30,25,-50,-1,-9,0,-10,0,1,2,8,0,10,10,30,1,1,0,2,-75,2,-40,0,0,-40,200,-50,0,0,-50,25,1,30,10,-50,-10,200,5,30,20,5,-50,-25
9d465279-0c19-4414-aa30-5066028d9ff9,Residential,R1755_1_1,2,400,200,200,400,0,19.2,513.94452,23.52504,556.66956,0,280844,302.8,212598.908,111.61128,213013.3193,-1500,2,-195,-5,0,-200,50,-20,-49,-1,0,-50,0,1,-2,-28,0,-30,25,-50,-1,-9,0,-10,0,1,2,8,0,10,10,30,1,1,0,2,-75,2,-40,0,0,-40,200,-50,0,0,-50,25,1,30,10,-50,-10,200,5,30,20,5,-50,-25
4d02ef28-8132-46d6-8feb-e110f42f11cc,Residential,R1391_1_1,2,400,200,200,400,0,19.2,513.94452,23.52504,556.66956,0,280844,302.8,212598.908,111.61128,213013.3193,-1500,2,-195,-5,0,-200,50,-20,-49,-1,0,-50,0,1,-2,-28,0,-30,25,-50,-1,-9,0,-10,0,1,2,8,0,10,10,30,1,1,0,2,-75,2,-40,0,0,-40,200,-50,0,0,-50,25,1,30,10,-50,-10,200,5,30,20,5,-50,-25
c3e207ef-d027-4ade-af58-b3c44d0acddd,Residential,R101_1_1,2,400,200,200,400,0,19.2,513.94452,23.52504,556.66956,0,280844,302.8,212598.908,111.61128,213013.3193,-1500,2,-195,-5,0,-200,50,-20,-49,-1,0,-50,0,1,-2,-28,0,-30,25,-50,-1,-9,0,-10,0,1,2,8,0,10,10,30,1,1,0,2,-75,2,-40,0,0,-40,200,-50,0,0,-50,25,1,30,10,-50,-10,200,5,30,20,5,-50,-25
54cd6d95-ffc8-4783-9994-4d155822554f,Residential,R502_1_1,2,400,200,200,400,0,19.2,513.94452,23.52504,556.66956,0,280844,302.8,212598.908,111.61128,213013.3193,-1500,2,-195,-5,0,-200,50,-20,-49,-1,0,-50,0,1,-2,-28,0,-30,25,-50,-1,-9,0,-10,0,1,2,8,0,10,10,30,1,1,0,2,-75,2,-40,0,0,-40,200,-50,0,0,-50,25,1,30,10,-50,-10,200,5,30,20,5,-50,-25
40735c95-0a0a-47e2-8bcb-01e6b77778ee,Residential,R1112_1_1,2,400,200,200,400,0,19.2,513.94452,23.52504,556.66956,0,280844,302.8,212598.908,111.61128,213013.3193,-1500,2,-195,-5,0,-200,50,-20,-49,-1,0,-50,0,1,-2,-28,0,-30,25,-50,-1,-9,0,-10,0,1,2,8,0,10,10,30,1,1,0,2,-75,2,-40,0,0,-40,200,-50,0,0,-50,25,1,30,10,-50,-10,200,5,30,20,5,-50,-25
e52683fb-a1a5-4f0d-89cb-61d7191f4700,Residential,R2179_1_1,2,400,200,200,400,0,19.2,513.94452,23.52504,556.66956,0,280844,302.8,212598.908,111.61128,213013.3193,-1500,2,-195,-5,0,-200,50,-20,-49,-1,0,-50,0,1,-2,-28,0,-30,25,-50,-1,-9,0,-10,0,1,2,8,0,10,10,30,1,1,0,2,-75,2,-40,0,0,-40,200,-50,0,0,-50,25,1,30,10,-50,-10,200,5,30,20,5,-50,-25
9b47ba32-dc42-4e0f-b806-26ed8f1ddf67,Residential,R508_1_1,2,400,200,200,400,0,19.2,513.94452,23.52504,556.66956,0,280844,302.8,212598.908,111.61128,213013.3193,-1500,2,-195,-5,0,-200,50,-20,-49,-1,0,-50,0,1,-2,-28,0,-30,25,-50,-1,-9,0,-10,0,1,2,8,0,10,10,30,1,1,0,2,-75,2,-40,0,0,-40,200,-50,0,0,-50,25,1,30,10,-50,-10,200,5,30,20,5,-50,-25
c17dd51d-70ed-4d42-b9f2-59439e13b384,Residential,R1598_1_1,2,400,200,200,400,0,19.2,513.94452,23.52504,556.66956,0,280844,302.8,212598.908,111.61128,213013.3193,-1500,2,-195,-5,0,-200,50,-20,-49,-1,0,-50,0,1,-2,-28,0,-30,25,-50,-1,-9,0,-10,0,1,2,8,0,10,10,30,1,1,0,2,-75,2,-40,0,0,-40,200,-50,0,0,-50,25,1,30,10,-50,-10,200,5,30,20,5,-50,-25
52098ac1-ea81-44ce-855b-ed37bcce6bb4,Residential,R1609_1_1,2,400,200,200,400,0,19.2,513.94452,23.52504,556.66956,0,280844,302.8,212598.908,111.61128,213013.3193,-1500,2,-195,-5,0,-200,50,-20,-49,-1,0,-50,0,1,-2,-28,0,-30,25,-50,-1,-9,0,-10,0,1,2,8,0,10,10,30,1,1,0,2,-75,2,-40,0,0,-40,200,-50,0,0,-50,25,1,30,10,-50,-10,200,5,30,20,5,-50,-25
03f0df96-8335-4982-bed4-494d24e3b8d8,Residential,R2125_1_1,2,400,200,200,400,0,19.2,513.94452,23.52504,556.66956,0,280844,302.8,212598.908,111.61128,213013.3193,-1500,2,-195,-5,0,-200,50,-20,-49,-1,0,-50,0,1,-2,-28,0,-30,25,-50,-1,-9,0,-10,0,1,2,8,0,10,10,30,1,1,0,2,-75,2,-40,0,0,-40,200,-50,0,0,-50,25,1,30,10,-50,-10,200,5,30,20,5,-50,-25
c4c2b054-6a53-4e06-92c4-38a016386b13,Residential,R2071_1_1,2,400,200,200,400,0,19.2,513.94452,23.52504,556.66956,0,280844,302.8,212598.908,111.61128,213013.3193,-1500,2,-195,-5,0,-200,50,-20,-49,-1,0,-50,0,1,-2,-28,0,-30,25,-50,-1,-9,0,-10,0,1,2,8,0,10,10,30,1,1,0,2,-75,2,-40,0,0,-40,200,-50,0,0,-50,25,1,30,10,-50,-10,200,5,30,20,5,-50,-25
fe2d7d00-6940-460a-8ceb-915ed6d529e4,Residential,R564_1_1,2,400,200,200,400,0,19.2,513.94452,23.52504,556.66956,0,280844,302.8,212598.908,111.61128,213013.3193,-1500,2,-195,-5,0,-200,50,-20,-49,-1,0,-50,0,1,-2,-28,0,-30,25,-50,-1,-9,0,-10,0,1,2,8,0,10,10,30,1,1,0,2,-75,2,-40,0,0,-40,200,-50,0,0,-50,25,1,30,10,-50,-10,200,5,30,20,5,-50,-25
8f29d7bf-99b9-4e86-94c6-b7706857a73c,Residential,R25_1_1,2,400,200,200,400,0,19.2,513.94452,23.52504,556.66956,0,280844,302.8,212598.908,111.61128,213013.3193,-1500,2,-195,-5,0,-200,50,-20,-49,-1,0,-50,0,1,-2,-28,0,-30,25,-50,-1,-9,0,-10,0,1,2,8,0,10,10,30,1,1,0,2,-75,2,-40,0,0,-40,200,-50,0,0,-50,25,1,30,10,-50,-10,200,5,30,20,5,-50,-25
a80f9672-565d-4ca5-9073-707c1ee854dd,Residential,R1057_1_1,2,400,200,200,400,0,19.2,513.94452,23.52504,556.66956,0,280844,302.8,212598.908,111.61128,213013.3193,-1500,2,-195,-5,0,-200,50,-20,-49,-1,0,-50,0,1,-2,-28,0,-30,25,-50,-1,-9,0,-10,0,1,2,8,0,10,10,30,1,1,0,2,-75,2,-40,0,0,-40,200,-50,0,0,-50,25,1,30,10,-50,-10,200,5,30,20,5,-50,-25
0cf873ef-f4c5-425c-b9a2-656aff0f00c1,Residential,R192_1_1,2,400,200,200,400,0,19.2,513.94452,23.52504,556.66956,0,280844,302.8,212598.908,111.61128,213013.3193,-1500,2,-195,-5,0,-200,50,-20,-49,-1,0,-50,0,1,-2,-28,0,-30,25,-50,-1,-9,0,-10,0,1,2,8,0,10,10,30,1,1,0,2,-75,2,-40,0,0,-40,200,-50,0,0,-50,25,1,30,10,-50,-10,200,5,30,20,5,-50,-25
4accf56d-710c-41e3-b80b-933c30bc457b,Residential,R168_1_1,2,400,200,200,400,0,19.2,513.94452,23.52504,556.66956,0,280844,302.8,212598.908,111.61128,213013.3193,-1500,2,-195,-5,0,-200,50,-20,-49,-1,0,-50,0,1,-2,-28,0,-30,25,-50,-1,-9,0,-10,0,1,2,8,0,10,10,30,1,1,0,2,-75,2,-40,0,0,-40,200,-50,0,0,-50,25,1,30,10,-50,-10,200,5,30,20,5,-50,-25
172c820b-37b4-47e0-b091-d91f496eef88,Residential,R1605_1_1,2,400,200,200,400,0,19.2,513.94452,23.52504,556.66956,0,280844,302.8,212598.908,111.61128,213013.3193,-1500,2,-195,-5,0,-200,50,-20,-49,-1,0,-50,0,1,-2,-28,0,-30,25,-50,-1,-9,0,-10,0,1,2,8,0,10,10,30,1,1,0,2,-75,2,-40,0,0,-40,200,-50,0,0,-50,25,1,30,10,-50,-10,200,5,30,20,5,-50,-25
28882e18-e15d-40ae-9dd1-449b4876a14c,Residential,R1533_1_1,2,400,200,200,400,0,19.2,513.94452,23.52504,556.66956,0,280844,302.8,212598.908,111.61128,213013.3193,-1500,2,-195,-5,0,-200,50,-20,-49,-1,0,-50,0,1,-2,-28,0,-30,25,-50,-1,-9,0,-10,0,1,2,8,0,10,10,30,1,1,0,2,-75,2,-40,0,0,-40,200,-50,0,0,-50,25,1,30,10,-50,-10,200,5,30,20,5,-50,-25
ce02b6dd-f381-4da5-b4c2-6d2c0fb4a9dd,Residential,R690_1_1,2,400,200,200,400,0,19.2,513.94452,23.52504,556.66956,0,280844,302.8,212598.908,111.61128,213013.3193,-1500,2,-195,-5,0,-200,50,-20,-49,-1,0,-50,0,1,-2,-28,0,-30,25,-50,-1,-9,0,-10,0,1,2,8,0,10,10,30,1,1,0,2,-75,2,-40,0,0,-40,200,-50,0,0,-50,25,1,30,10,-50,-10,200,5,30,20,5,-50,-25
106f86fa-4f93-417d-8980-7456298c8b01,Residential,R660_1_1,2,400,200,200,400,0,19.2,513.94452,23.52504,556.66956,0,280844,302.8,212598.908,111.61128,213013.3193,-1500,2,-195,-5,0,-200,50,-20,-49,-1,0,-50,0,1,-2,-28,0,-30,25,-50,-1,-9,0,-10,0,1,2,8,0,10,10,30,1,1,0,2,-75,2,-40,0,0,-40,200,-50,0,0,-50,25,1,30,10,-50,-10,200,5,30,20,5,-50,-25
5e8b27a1-c1f3-4cc6-918e-6338726b41a6,Residential,R1317_1_1,2,400,200,200,400,0,19.2,513.94452,23.52504,556.66956,0,280844,302.8,212598.908,111.61128,213013.3193,-1500,2,-195,-5,0,-200,50,-20,-49,-1,0,-50,0,1,-2,-28,0,-30,25,-50,-1,-9,0,-10,0,1,2,8,0,10,10,30,1,1,0,2,-75,2,-40,0,0,-40,200,-50,0,0,-50,25,1,30,10,-50,-10,200,5,30,20,5,-50,-25
88042d44-d223-43d9-bcfc-dca3821d90b4,Residential,R1439_1_1,2,400,200,200,400,0,19.2,513.94452,23.52504,556.66956,0,280844,302.8,212598.908,111.61128,213013.3193,-1500,2,-195,-5,0,-200,50,-20,-49,-1,0,-50,0,1,-2,-28,0,-30,25,-50,-1,-9,0,-10,0,1,2,8,0,10,10,30,1,1,0,2,-75,2,-40,0,0,-40,200,-50,0,0,-50,25,1,30,10,-50,-10,200,5,30,20,5,-50,-25
378364e2-d466-413e-93b5-f058b0a54e0a,Residential,R542_1_1,2,400,200,200,400,0,19.2,513.94452,23.52504,556.66956,0,280844,302.8,212598.908,111.61128,213013.3193,-1500,2,-195,-5,0,-200,50,-20,-49,-1,0,-50,0,1,-2,-28,0,-30,25,-50,-1,-9,0,-10,0,1,2,8,0,10,10,30,1,1,0,2,-75,2,-40,0,0,-40,200,-50,0,0,-50,25,1,30,10,-50,-10,200,5,30,20,5,-50,-25
59762278-3aad-4f28-89fb-8363b51cbeae,Residential,R688_1_1,2,400,200,200,400,0,19.2,513.94452,23.52504,556.66956,0,280844,302.8,212598.908,111.61128,213013.3193,-1500,2,-195,-5,0,-200,50,-20,-49,-1,0,-50,0,1,-2,-28,0,-30,25,-50,-1,-9,0,-10,0,1,2,8,0,10,10,30,1,1,0,2,-75,2,-40,0,0,-40,200,-50,0,0,-50,25,1,30,10,-50,-10,200,5,30,20,5,-50,-25
ee5007ab-611d-45bd-a5c5-345eb4c8993c,Residential,R291_1_1,2,400,200,200,400,0,19.2,513.94452,23.52504,556.66956,0,280844,302.8,212598.908,111.61128,213013.3193,-1500,2,-195,-5,0,-200,50,-20,-49,-1,0,-50,0,1,-2,-28,0,-30,25,-50,-1,-9,0,-10,0,1,2,8,0,10,10,30,1,1,0,2,-75,2,-40,0,0,-40,200,-50,0,0,-50,25,1,30,10,-50,-10,200,5,30,20,5,-50,-25
766b5736-de76-4974-af1f-5bbc4e8c67c9,Residential,R1484_1_1,2,400,200,200,400,0,19.2,513.94452,23.52504,556.66956,0,280844,302.8,212598.908,111.61128,213013.3193,-1500,2,-195,-5,0,-200,50,-20,-49,-1,0,-50,0,1,-2,-28,0,-30,25,-50,-1,-9,0,-10,0,1,2,8,0,10,10,30,1,1,0,2,-75,2,-40,0,0,-40,200,-50,0,0,-50,25,1,30,10,-50,-10,200,5,30,20,5,-50,-25
d60afa24-2e3d-48d1-ba62-3566bb2edaa6,Residential,R440_1_1,2,400,200,200,400,0,19.2,513.94452,23.52504,556.66956,0,280844,302.8,212598.908,111.61128,213013.3193,-1500,2,-195,-5,0,-200,50,-20,-49,-1,0,-50,0,1,-2,-28,0,-30,25,-50,-1,-9,0,-10,0,1,2,8,0,10,10,30,1,1,0,2,-75,2,-40,0,0,-40,200,-50,0,0,-50,25,1,30,10,-50,-10,200,5,30,20,5,-50,-25
416817d3-6e69-495c-99a4-33a97015c0f9,Residential,R60_1_1,2,400,200,200,400,0,19.2,513.94452,23.52504,556.66956,0,280844,302.8,212598.908,111.61128,213013.3193,-1500,2,-195,-5,0,-200,50,-20,-49,-1,0,-50,0,1,-2,-28,0,-30,25,-50,-1,-9,0,-10,0,1,2,8,0,10,10,30,1,1,0,2,-75,2,-40,0,0,-40,200,-50,0,0,-50,25,1,30,10,-50,-10,200,5,30,20,5,-50,-25
58d8b60f-6e8a-47fa-8984-261b0282498e,Residential,R1912_1_1,2,400,200,200,400,0,19.2,513.94452,23.52504,556.66956,0,280844,302.8,212598.908,111.61128,213013.3193,-1500,2,-195,-5,0,-200,50,-20,-49,-1,0,-50,0,1,-2,-28,0,-30,25,-50,-1,-9,0,-10,0,1,2,8,0,10,10,30,1,1,0,2,-75,2,-40,0,0,-40,200,-50,0,0,-50,25,1,30,10,-50,-10,200,5,30,20,5,-50,-25
6060430a-aa38-4845-9139-26ef9699c31b,Residential,R1071_1_1,2,400,200,200,400,0,19.2,513.94452,23.52504,556.66956,0,280844,302.8,212598.908,111.61128,213013.3193,-1500,2,-195,-5,0,-200,50,-20,-49,-1,0,-50,0,1,-2,-28,0,-30,25,-50,-1,-9,0,-10,0,1,2,8,0,10,10,30,1,1,0,2,-75,2,-40,0,0,-40,200,-50,0,0,-50,25,1,30,10,-50,-10,200,5,30,20,5,-50,-25
9a4dd188-7619-4ffc-a77a-7777b1bb2e7d,Residential,R215_1_1,2,400,200,200,400,0,19.2,513.94452,23.52504,556.66956,0,280844,302.8,212598.908,111.61128,213013.3193,-1500,2,-195,-5,0,-200,50,-20,-49,-1,0,-50,0,1,-2,-28,0,-30,25,-50,-1,-9,0,-10,0,1,2,8,0,10,10,30,1,1,0,2,-75,2,-40,0,0,-40,200,-50,0,0,-50,25,1,30,10,-50,-10,200,5,30,20,5,-50,-25
1ddbe49d-dcee-4afa-8646-cdabe3aa789c,Residential,R453_1_1,2,400,200,200,400,0,19.2,513.94452,23.52504,556.66956,0,280844,302.8,212598.908,111.61128,213013.3193,-1500,2,-195,-5,0,-200,50,-20,-49,-1,0,-50,0,1,-2,-28,0,-30,25,-50,-1,-9,0,-10,0,1,2,8,0,10,10,30,1,1,0,2,-75,2,-40,0,0,-40,200,-50,0,0,-50,25,1,30,10,-50,-10,200,5,30,20,5,-50,-25
6554de16-e433-4ef1-80fa-0f518e41033f,Residential,R1002_1_1,2,400,200,200,400,0,19.2,513.94452,23.52504,556.66956,0,280844,302.8,212598.908,111.61128,213013.3193,-1500,2,-195,-5,0,-200,50,-20,-49,-1,0,-50,0,1,-2,-28,0,-30,25,-50,-1,-9,0,-10,0,1,2,8,0,10,10,30,1,1,0,2,-75,2,-40,0,0,-40,200,-50,0,0,-50,25,1,30,10,-50,-10,200,5,30,20,5,-50,-25
8eda8b1e-f7d5-4b8b-a81e-085a559f020a,Residential,R1641_1_1,2,400,200,200,400,0,19.2,513.94452,23.52504,556.66956,0,280844,302.8,212598.908,111.61128,213013.3193,-1500,2,-195,-5,0,-200,50,-20,-49,-1,0,-50,0,1,-2,-28,0,-30,25,-50,-1,-9,0,-10,0,1,2,8,0,10,10,30,1,1,0,2,-75,2,-40,0,0,-40,200,-50,0,0,-50,25,1,30,10,-50,-10,200,5,30,20,5,-50,-25
2e86c84a-b4d8-47d9-98d0-7371d01cbff2,Residential,R2084_1_1,2,400,200,200,400,0,19.2,513.94452,23.52504,556.66956,0,280844,302.8,212598.908,111.61128,213013.3193,-1500,2,-195,-5,0,-200,50,-20,-49,-1,0,-50,0,1,-2,-28,0,-30,25,-50,-1,-9,0,-10,0,1,2,8,0,10,10,30,1,1,0,2,-75,2,-40,0,0,-40,200,-50,0,0,-50,25,1,30,10,-50,-10,200,5,30,20,5,-50,-25
2ffb0810-09dc-4e49-a498-5754570e0a55,Residential,R1921_1_1,2,400,200,200,400,0,19.2,513.94452,23.52504,556.66956,0,280844,302.8,212598.908,111.61128,213013.3193,-1500,2,-195,-5,0,-200,50,-20,-49,-1,0,-50,0,1,-2,-28,0,-30,25,-50,-1,-9,0,-10,0,1,2,8,0,10,10,30,1,1,0,2,-75,2,-40,0,0,-40,200,-50,0,0,-50,25,1,30,10,-50,-10,200,5,30,20,5,-50,-25
92a7f35f-8762-445a-bc8f-0d1012e09548,Residential,R980_1_1,2,400,200,200,400,0,19.2,513.94452,23.52504,556.66956,0,280844,302.8,212598.908,111.61128,213013.3193,-1500,2,-195,-5,0,-200,50,-20,-49,-1,0,-50,0,1,-2,-28,0,-30,25,-50,-1,-9,0,-10,0,1,2,8,0,10,10,30,1,1,0,2,-75,2,-40,0,0,-40,200,-50,0,0,-50,25,1,30,10,-50,-10,200,5,30,20,5,-50,-25
f9871f7a-77a0-4026-abf1-22c5d153f7e3,Residential,R353_1_1,2,400,200,200,400,0,19.2,513.94452,23.52504,556.66956,0,280844,302.8,212598.908,111.61128,213013.3193,-1500,2,-195,-5,0,-200,50,-20,-49,-1,0,-50,0,1,-2,-28,0,-30,25,-50,-1,-9,0,-10,0,1,2,8,0,10,10,30,1,1,0,2,-75,2,-40,0,0,-40,200,-50,0,0,-50,25,1,30,10,-50,-10,200,5,30,20,5,-50,-25
8132174e-81a7-47f1-b60f-18a7b13782d1,Residential,R1854_1_1,2,400,200,200,400,0,19.2,513.94452,23.52504,556.66956,0,280844,302.8,212598.908,111.61128,213013.3193,-1500,2,-195,-5,0,-200,50,-20,-49,-1,0,-50,0,1,-2,-28,0,-30,25,-50,-1,-9,0,-10,0,1,2,8,0,10,10,30,1,1,0,2,-75,2,-40,0,0,-40,200,-50,0,0,-50,25,1,30,10,-50,-10,200,5,30,20,5,-50,-25
cd8dbd92-2d6e-4720-a1ab-b8636aaa5285,Residential,R1621_1_1,2,400,200,200,400,0,19.2,513.94452,23.52504,556.66956,0,280844,302.8,212598.908,111.61128,213013.3193,-1500,2,-195,-5,0,-200,50,-20,-49,-1,0,-50,0,1,-2,-28,0,-30,25,-50,-1,-9,0,-10,0,1,2,8,0,10,10,30,1,1,0,2,-75,2,-40,0,0,-40,200,-50,0,0,-50,25,1,30,10,-50,-10,200,5,30,20,5,-50,-25
ee8fb17e-5053-428d-a2c7-aa5382751ef0,Residential,R2006_1_1,2,400,200,200,400,0,19.2,513.94452,23.52504,556.66956,0,280844,302.8,212598.908,111.61128,213013.3193,-1500,2,-195,-5,0,-200,50,-20,-49,-1,0,-50,0,1,-2,-28,0,-30,25,-50,-1,-9,0,-10,0,1,2,8,0,10,10,30,1,1,0,2,-75,2,-40,0,0,-40,200,-50,0,0,-50,25,1,30,10,-50,-10,200,5,30,20,5,-50,-25
6602d4e0-e897-4376-a84c-46af8f5b09f3,Residential,R843_1_1,2,400,200,200,400,0,19.2,513.94452,23.52504,556.66956,0,280844,302.8,212598.908,111.61128,213013.3193,-1500,2,-195,-5,0,-200,50,-20,-49,-1,0,-50,0,1,-2,-28,0,-30,25,-50,-1,-9,0,-10,0,1,2,8,0,10,10,30,1,1,0,2,-75,2,-40,0,0,-40,200,-50,0,0,-50,25,1,30,10,-50,-10,200,5,30,20,5,-50,-25
c0b0c1a0-dc90-431b-9a82-a3036dff04af,Residential,R1090_1_1,2,400,200,200,400,0,19.2,513.94452,23.52504,556.66956,0,280844,302.8,212598.908,111.61128,213013.3193,-1500,2,-195,-5,0,-200,50,-20,-49,-1,0,-50,0,1,-2,-28,0,-30,25,-50,-1,-9,0,-10,0,1,2,8,0,10,10,30,1,1,0,2,-75,2,-40,0,0,-40,200,-50,0,0,-50,25,1,30,10,-50,-10,200,5,30,20,5,-50,-25
cebe0685-5808-4b98-bd52-502523f84539,Residential,R1710_1_1,2,400,200,200,400,0,19.2,513.94452,23.52504,556.66956,0,280844,302.8,212598.908,111.61128,213013.3193,-1500,2,-195,-5,0,-200,50,-20,-49,-1,0,-50,0,1,-2,-28,0,-30,25,-50,-1,-9,0,-10,0,1,2,8,0,10,10,30,1,1,0,2,-75,2,-40,0,0,-40,200,-50,0,0,-50,25,1,30,10,-50,-10,200,5,30,20,5,-50,-25
6c2a16f4-17bc-4ead-9ce7-06bff41928d8,Residential,R620_1_1,2,400,200,200,400,0,19.2,513.94452,23.52504,556.66956,0,280844,302.8,212598.908,111.61128,213013.3193,-1500,2,-195,-5,0,-200,50,-20,-49,-1,0,-50,0,1,-2,-28,0,-30,25,-50,-1,-9,0,-10,0,1,2,8,0,10,10,30,1,1,0,2,-75,2,-40,0,0,-40,200,-50,0,0,-50,25,1,30,10,-50,-10,200,5,30,20,5,-50,-25
65e83531-6891-4038-a21b-d2fe9a310154,Residential,R1530_1_1,2,400,200,200,400,0,19.2,513.94452,23.52504,556.66956,0,280844,302.8,212598.908,111.61128,213013.3193,-1500,2,-195,-5,0,-200,50,-20,-49,-1,0,-50,0,1,-2,-28,0,-30,25,-50,-1,-9,0,-10,0,1,2,8,0,10,10,30,1,1,0,2,-75,2,-40,0,0,-40,200,-50,0,0,-50,25,1,30,10,-50,-10,200,5,30,20,5,-50,-25
14c90078-bf95-4b47-add0-f40697022555,Residential,R1966_1_1,2,400,200,200,400,0,19.2,513.94452,23.52504,556.66956,0,280844,302.8,212598.908,111.61128,213013.3193,-1500,2,-195,-5,0,-200,50,-20,-49,-1,0,-50,0,1,-2,-28,0,-30,25,-50,-1,-9,0,-10,0,1,2,8,0,10,10,30,1,1,0,2,-75,2,-40,0,0,-40,200,-50,0,0,-50,25,1,30,10,-50,-10,200,5,30,20,5,-50,-25
7e84654a-99c2-414c-837b-fecbc3476194,Residential,R677_1_1,2,400,200,200,400,0,19.2,513.94452,23.52504,556.66956,0,280844,302.8,212598.908,111.61128,213013.3193,-1500,2,-195,-5,0,-200,50,-20,-49,-1,0,-50,0,1,-2,-28,0,-30,25,-50,-1,-9,0,-10,0,1,2,8,0,10,10,30,1,1,0,2,-75,2,-40,0,0,-40,200,-50,0,0,-50,25,1,30,10,-50,-10,200,5,30,20,5,-50,-25
d270d426-9b34-48f4-993d-5aa714d52937,Residential,R1009_1_1,2,400,200,200,400,0,19.2,513.94452,23.52504,556.66956,0,280844,302.8,212598.908,111.61128,213013.3193,-1500,2,-195,-5,0,-200,50,-20,-49,-1,0,-50,0,1,-2,-28,0,-30,25,-50,-1,-9,0,-10,0,1,2,8,0,10,10,30,1,1,0,2,-75,2,-40,0,0,-40,200,-50,0,0,-50,25,1,30,10,-50,-10,200,5,30,20,5,-50,-25
b62b7b3e-8932-4d02-bbda-af74d6018281,Residential,R575_1_1,2,400,200,200,400,0,19.2,513.94452,23.52504,556.66956,0,280844,302.8,212598.908,111.61128,213013.3193,-1500,2,-195,-5,0,-200,50,-20,-49,-1,0,-50,0,1,-2,-28,0,-30,25,-50,-1,-9,0,-10,0,1,2,8,0,10,10,30,1,1,0,2,-75,2,-40,0,0,-40,200,-50,0,0,-50,25,1,30,10,-50,-10,200,5,30,20,5,-50,-25
c9afa22f-a270-4f85-bf6f-abed394c69c3,Residential,R2003_1_1,2,400,200,200,400,0,19.2,513.94452,23.52504,556.66956,0,280844,302.8,212598.908,111.61128,213013.3193,-1500,2,-195,-5,0,-200,50,-20,-49,-1,0,-50,0,1,-2,-28,0,-30,25,-50,-1,-9,0,-10,0,1,2,8,0,10,10,30,1,1,0,2,-75,2,-40,0,0,-40,200,-50,0,0,-50,25,1,30,10,-50,-10,200,5,30,20,5,-50,-25
75b29191-a2c8-40e0-98f5-6afecc90f1f8,Residential,R1805_1_1,2,400,200,200,400,0,19.2,513.94452,23.52504,556.66956,0,280844,302.8,212598.908,111.61128,213013.3193,-1500,2,-195,-5,0,-200,50,-20,-49,-1,0,-50,0,1,-2,-28,0,-30,25,-50,-1,-9,0,-10,0,1,2,8,0,10,10,30,1,1,0,2,-75,2,-40,0,0,-40,200,-50,0,0,-50,25,1,30,10,-50,-10,200,5,30,20,5,-50,-25
b5b4e765-694f-48e2-b830-5bc46a730ccc,Residential,R2101_1_1,2,400,200,200,400,0,19.2,513.94452,23.52504,556.66956,0,280844,302.8,212598.908,111.61128,213013.3193,-1500,2,-195,-5,0,-200,50,-20,-49,-1,0,-50,0,1,-2,-28,0,-30,25,-50,-1,-9,0,-10,0,1,2,8,0,10,10,30,1,1,0,2,-75,2,-40,0,0,-40,200,-50,0,0,-50,25,1,30,10,-50,-10,200,5,30,20,5,-50,-25
0f79bbec-0044-4f24-9294-ee0d02110cbb,Residential,R1062_1_1,2,400,200,200,400,0,19.2,513.94452,23.52504,556.66956,0,280844,302.8,212598.908,111.61128,213013.3193,-1500,2,-195,-5,0,-200,50,-20,-49,-1,0,-50,0,1,-2,-28,0,-30,25,-50,-1,-9,0,-10,0,1,2,8,0,10,10,30,1,1,0,2,-75,2,-40,0,0,-40,200,-50,0,0,-50,25,1,30,10,-50,-10,200,5,30,20,5,-50,-25
67edc69c-cebd-4aad-9ff1-e95d74022674,Residential,R1410_1_1,2,400,200,200,400,0,19.2,513.94452,23.52504,556.66956,0,280844,302.8,212598.908,111.61128,213013.3193,-1500,2,-195,-5,0,-200,50,-20,-49,-1,0,-50,0,1,-2,-28,0,-30,25,-50,-1,-9,0,-10,0,1,2,8,0,10,10,30,1,1,0,2,-75,2,-40,0,0,-40,200,-50,0,0,-50,25,1,30,10,-50,-10,200,5,30,20,5,-50,-25
9dabc89c-a136-44e2-b3da-80e04d531da6,Residential,R2145_1_1,2,400,200,200,400,0,19.2,513.94452,23.52504,556.66956,0,280844,302.8,212598.908,111.61128,213013.3193,-1500,2,-195,-5,0,-200,50,-20,-49,-1,0,-50,0,1,-2,-28,0,-30,25,-50,-1,-9,0,-10,0,1,2,8,0,10,10,30,1,1,0,2,-75,2,-40,0,0,-40,200,-50,0,0,-50,25,1,30,10,-50,-10,200,5,30,20,5,-50,-25
e3a864f3-0d34-4f33-b2cf-3f87e340da77,Residential,R1865_1_1,2,400,200,200,400,0,19.2,513.94452,23.52504,556.66956,0,280844,302.8,212598.908,111.61128,213013.3193,-1500,2,-195,-5,0,-200,50,-20,-49,-1,0,-50,0,1,-2,-28,0,-30,25,-50,-1,-9,0,-10,0,1,2,8,0,10,10,30,1,1,0,2,-75,2,-40,0,0,-40,200,-50,0,0,-50,25,1,30,10,-50,-10,200,5,30,20,5,-50,-25
1d3ea864-606d-45d2-a06c-2bc18f3ee06a,Residential,R1541_1_1,2,400,200,200,400,0,19.2,513.94452,23.52504,556.66956,0,280844,302.8,212598.908,111.61128,213013.3193,-1500,2,-195,-5,0,-200,50,-20,-49,-1,0,-50,0,1,-2,-28,0,-30,25,-50,-1,-9,0,-10,0,1,2,8,0,10,10,30,1,1,0,2,-75,2,-40,0,0,-40,200,-50,0,0,-50,25,1,30,10,-50,-10,200,5,30,20,5,-50,-25
fdbe12b8-3a69-4977-ae78-c5713bb6457d,Residential,R247_1_1,2,400,200,200,400,0,19.2,513.94452,23.52504,556.66956,0,280844,302.8,212598.908,111.61128,213013.3193,-1500,2,-195,-5,0,-200,50,-20,-49,-1,0,-50,0,1,-2,-28,0,-30,25,-50,-1,-9,0,-10,0,1,2,8,0,10,10,30,1,1,0,2,-75,2,-40,0,0,-40,200,-50,0,0,-50,25,1,30,10,-50,-10,200,5,30,20,5,-50,-25
3e15166e-4831-457c-8e67-34d4deb52e12,Residential,R1287_1_1,2,400,200,200,400,0,19.2,513.94452,23.52504,556.66956,0,280844,302.8,212598.908,111.61128,213013.3193,-1500,2,-195,-5,0,-200,50,-20,-49,-1,0,-50,0,1,-2,-28,0,-30,25,-50,-1,-9,0,-10,0,1,2,8,0,10,10,30,1,1,0,2,-75,2,-40,0,0,-40,200,-50,0,0,-50,25,1,30,10,-50,-10,200,5,30,20,5,-50,-25
4b79ebb9-4a7c-474c-81cb-b98270c54b55,Residential,R1115_1_1,2,400,200,200,400,0,19.2,513.94452,23.52504,556.66956,0,280844,302.8,212598.908,111.61128,213013.3193,-1500,2,-195,-5,0,-200,50,-20,-49,-1,0,-50,0,1,-2,-28,0,-30,25,-50,-1,-9,0,-10,0,1,2,8,0,10,10,30,1,1,0,2,-75,2,-40,0,0,-40,200,-50,0,0,-50,25,1,30,10,-50,-10,200,5,30,20,5,-50,-25
6a16972a-ca08-4695-87b6-80c72137a61c,Residential,R513_1_1,2,400,200,200,400,0,19.2,513.94452,23.52504,556.66956,0,280844,302.8,212598.908,111.61128,213013.3193,-1500,2,-195,-5,0,-200,50,-20,-49,-1,0,-50,0,1,-2,-28,0,-30,25,-50,-1,-9,0,-10,0,1,2,8,0,10,10,30,1,1,0,2,-75,2,-40,0,0,-40,200,-50,0,0,-50,25,1,30,10,-50,-10,200,5,30,20,5,-50,-25
44f1fc09-941a-4c53-9d75-b882ea42de43,Residential,R1073_1_1,2,400,200,200,400,0,19.2,513.94452,23.52504,556.66956,0,280844,302.8,212598.908,111.61128,213013.3193,-1500,2,-195,-5,0,-200,50,-20,-49,-1,0,-50,0,1,-2,-28,0,-30,25,-50,-1,-9,0,-10,0,1,2,8,0,10,10,30,1,1,0,2,-75,2,-40,0,0,-40,200,-50,0,0,-50,25,1,30,10,-50,-10,200,5,30,20,5,-50,-25
d5057ae1-ad66-48dc-a4e9-f66cc4510d6c,Residential,R235_1_1,2,400,200,200,400,0,19.2,513.94452,23.52504,556.66956,0,280844,302.8,212598.908,111.61128,213013.3193,-1500,2,-195,-5,0,-200,50,-20,-49,-1,0,-50,0,1,-2,-28,0,-30,25,-50,-1,-9,0,-10,0,1,2,8,0,10,10,30,1,1,0,2,-75,2,-40,0,0,-40,200,-50,0,0,-50,25,1,30,10,-50,-10,200,5,30,20,5,-50,-25
d41ed105-12cc-4d20-a6af-1f91a72cd2b6,Residential,R239_1_1,2,400,200,200,400,0,19.2,513.94452,23.52504,556.66956,0,280844,302.8,212598.908,111.61128,213013.3193,-1500,2,-195,-5,0,-200,50,-20,-49,-1,0,-50,0,1,-2,-28,0,-30,25,-50,-1,-9,0,-10,0,1,2,8,0,10,10,30,1,1,0,2,-75,2,-40,0,0,-40,200,-50,0,0,-50,25,1,30,10,-50,-10,200,5,30,20,5,-50,-25
68a6b733-d168-4291-b44a-41b9dd837168,Residential,R1008_1_1,2,400,200,200,400,0,19.2,513.94452,23.52504,556.66956,0,280844,302.8,212598.908,111.61128,213013.3193,-1500,2,-195,-5,0,-200,50,-20,-49,-1,0,-50,0,1,-2,-28,0,-30,25,-50,-1,-9,0,-10,0,1,2,8,0,10,10,30,1,1,0,2,-75,2,-40,0,0,-40,200,-50,0,0,-50,25,1,30,10,-50,-10,200,5,30,20,5,-50,-25
5b2e59b3-7d66-4572-a93a-c0055bafac51,Residential,R203_1_1,2,400,200,200,400,0,19.2,513.94452,23.52504,556.66956,0,280844,302.8,212598.908,111.61128,213013.3193,-1500,2,-195,-5,0,-200,50,-20,-49,-1,0,-50,0,1,-2,-28,0,-30,25,-50,-1,-9,0,-10,0,1,2,8,0,10,10,30,1,1,0,2,-75,2,-40,0,0,-40,200,-50,0,0,-50,25,1,30,10,-50,-10,200,5,30,20,5,-50,-25
dc410476-ee67-4c16-bb5d-bca27e9b8c31,Residential,R1709_1_1,2,400,200,200,400,0,19.2,513.94452,23.52504,556.66956,0,280844,302.8,212598.908,111.61128,213013.3193,-1500,2,-195,-5,0,-200,50,-20,-49,-1,0,-50,0,1,-2,-28,0,-30,25,-50,-1,-9,0,-10,0,1,2,8,0,10,10,30,1,1,0,2,-75,2,-40,0,0,-40,200,-50,0,0,-50,25,1,30,10,-50,-10,200,5,30,20,5,-50,-25
1da8b6fa-9060-4413-8430-b629227e5f68,Residential,R1760_1_1,2,400,200,200,400,0,19.2,513.94452,23.52504,556.66956,0,280844,302.8,212598.908,111.61128,213013.3193,-1500,2,-195,-5,0,-200,50,-20,-49,-1,0,-50,0,1,-2,-28,0,-30,25,-50,-1,-9,0,-10,0,1,2,8,0,10,10,30,1,1,0,2,-75,2,-40,0,0,-40,200,-50,0,0,-50,25,1,30,10,-50,-10,200,5,30,20,5,-50,-25
6fc53211-1ef0-4288-85a7-2bb6363136b5,Residential,R468_1_1,2,400,200,200,400,0,19.2,513.94452,23.52504,556.66956,0,280844,302.8,212598.908,111.61128,213013.3193,-1500,2,-195,-5,0,-200,50,-20,-49,-1,0,-50,0,1,-2,-28,0,-30,25,-50,-1,-9,0,-10,0,1,2,8,0,10,10,30,1,1,0,2,-75,2,-40,0,0,-40,200,-50,0,0,-50,25,1,30,10,-50,-10,200,5,30,20,5,-50,-25
e8214392-cf62-4872-9097-280efe6f40e3,Residential,R1313_1_1,2,400,200,200,400,0,19.2,513.94452,23.52504,556.66956,0,280844,302.8,212598.908,111.61128,213013.3193,-1500,2,-195,-5,0,-200,50,-20,-49,-1,0,-50,0,1,-2,-28,0,-30,25,-50,-1,-9,0,-10,0,1,2,8,0,10,10,30,1,1,0,2,-75,2,-40,0,0,-40,200,-50,0,0,-50,25,1,30,10,-50,-10,200,5,30,20,5,-50,-25
69141950-921e-425f-bf6c-7c8896ad6d12,Residential,R1740_1_1,2,400,200,200,400,0,19.2,513.94452,23.52504,556.66956,0,280844,302.8,212598.908,111.61128,213013.3193,-1500,2,-195,-5,0,-200,50,-20,-49,-1,0,-50,0,1,-2,-28,0,-30,25,-50,-1,-9,0,-10,0,1,2,8,0,10,10,30,1,1,0,2,-75,2,-40,0,0,-40,200,-50,0,0,-50,25,1,30,10,-50,-10,200,5,30,20,5,-50,-25
efeff24e-1901-4393-b029-9c09918b4b90,Residential,R2113_1_1,2,400,200,200,400,0,19.2,513.94452,23.52504,556.66956,0,280844,302.8,212598.908,111.61128,213013.3193,-1500,2,-195,-5,0,-200,50,-20,-49,-1,0,-50,0,1,-2,-28,0,-30,25,-50,-1,-9,0,-10,0,1,2,8,0,10,10,30,1,1,0,2,-75,2,-40,0,0,-40,200,-50,0,0,-50,25,1,30,10,-50,-10,200,5,30,20,5,-50,-25
7dfb628d-6a46-4fe1-9899-6eaf4bb18d5b,Residential,R691_1_1,2,400,200,200,400,0,19.2,513.94452,23.52504,556.66956,0,280844,302.8,212598.908,111.61128,213013.3193,-1500,2,-195,-5,0,-200,50,-20,-49,-1,0,-50,0,1,-2,-28,0,-30,25,-50,-1,-9,0,-10,0,1,2,8,0,10,10,30,1,1,0,2,-75,2,-40,0,0,-40,200,-50,0,0,-50,25,1,30,10,-50,-10,200,5,30,20,5,-50,-25
c96faa37-dfd6-4107-a62f-d39c8c4c5164,Residential,R1908_1_1,2,400,200,200,400,0,19.2,513.94452,23.52504,556.66956,0,280844,302.8,212598.908,111.61128,213013.3193,-1500,2,-195,-5,0,-200,50,-20,-49,-1,0,-50,0,1,-2,-28,0,-30,25,-50,-1,-9,0,-10,0,1,2,8,0,10,10,30,1,1,0,2,-75,2,-40,0,0,-40,200,-50,0,0,-50,25,1,30,10,-50,-10,200,5,30,20,5,-50,-25
f0312842-faf0-43a2-b989-0e2c8a1b3db8,Residential,R693_1_1,2,400,200,200,400,0,19.2,513.94452,23.52504,556.66956,0,280844,302.8,212598.908,111.61128,213013.3193,-1500,2,-195,-5,0,-200,50,-20,-49,-1,0,-50,0,1,-2,-28,0,-30,25,-50,-1,-9,0,-10,0,1,2,8,0,10,10,30,1,1,0,2,-75,2,-40,0,0,-40,200,-50,0,0,-50,25,1,30,10,-50,-10,200,5,30,20,5,-50,-25
568b350e-9ca5-4078-a8bd-9086116f31e1,Residential,R105_1_1,2,400,200,200,400,0,19.2,513.94452,23.52504,556.66956,0,280844,302.8,212598.908,111.61128,213013.3193,-1500,2,-195,-5,0,-200,50,-20,-49,-1,0,-50,0,1,-2,-28,0,-30,25,-50,-1,-9,0,-10,0,1,2,8,0,10,10,30,1,1,0,2,-75,2,-40,0,0,-40,200,-50,0,0,-50,25,1,30,10,-50,-10,200,5,30,20,5,-50,-25
f4aebda3-b130-49b9-81ba-915ff0a99fcd,Residential,R296_1_1,2,400,200,200,400,0,19.2,513.94452,23.52504,556.66956,0,280844,302.8,212598.908,111.61128,213013.3193,-1500,2,-195,-5,0,-200,50,-20,-49,-1,0,-50,0,1,-2,-28,0,-30,25,-50,-1,-9,0,-10,0,1,2,8,0,10,10,30,1,1,0,2,-75,2,-40,0,0,-40,200,-50,0,0,-50,25,1,30,10,-50,-10,200,5,30,20,5,-50,-25
3c82e443-4c4b-4738-a0f9-b55d211a27c3,Residential,R58_1_1,2,400,200,200,400,0,19.2,513.94452,23.52504,556.66956,0,280844,302.8,212598.908,111.61128,213013.3193,-1500,2,-195,-5,0,-200,50,-20,-49,-1,0,-50,0,1,-2,-28,0,-30,25,-50,-1,-9,0,-10,0,1,2,8,0,10,10,30,1,1,0,2,-75,2,-40,0,0,-40,200,-50,0,0,-50,25,1,30,10,-50,-10,200,5,30,20,5,-50,-25
f7b71b43-52b1-4f95-ad54-e7850042513c,Residential,R227_1_1,2,400,200,200,400,0,19.2,513.94452,23.52504,556.66956,0,280844,302.8,212598.908,111.61128,213013.3193,-1500,2,-195,-5,0,-200,50,-20,-49,-1,0,-50,0,1,-2,-28,0,-30,25,-50,-1,-9,0,-10,0,1,2,8,0,10,10,30,1,1,0,2,-75,2,-40,0,0,-40,200,-50,0,0,-50,25,1,30,10,-50,-10,200,5,30,20,5,-50,-25
460c6b31-1f74-4f3d-b860-cecbd17c3639,Residential,R187_1_1,2,400,200,200,400,0,19.2,513.94452,23.52504,556.66956,0,280844,302.8,212598.908,111.61128,213013.3193,-1500,2,-195,-5,0,-200,50,-20,-49,-1,0,-50,0,1,-2,-28,0,-30,25,-50,-1,-9,0,-10,0,1,2,8,0,10,10,30,1,1,0,2,-75,2,-40,0,0,-40,200,-50,0,0,-50,25,1,30,10,-50,-10,200,5,30,20,5,-50,-25
dbef8f95-b62e-4461-b7fc-2e43fd275ead,Residential,R1001_1_1,2,400,200,200,400,0,19.2,513.94452,23.52504,556.66956,0,280844,302.8,212598.908,111.61128,213013.3193,-1500,2,-195,-5,0,-200,50,-20,-49,-1,0,-50,0,1,-2,-28,0,-30,25,-50,-1,-9,0,-10,0,1,2,8,0,10,10,30,1,1,0,2,-75,2,-40,0,0,-40,200,-50,0,0,-50,25,1,30,10,-50,-10,200,5,30,20,5,-50,-25
4271bf7c-fb03-41e4-8eab-d26b612c7183,Residential,R529_1_1,2,400,200,200,400,0,19.2,513.94452,23.52504,556.66956,0,280844,302.8,212598.908,111.61128,213013.3193,-1500,2,-195,-5,0,-200,50,-20,-49,-1,0,-50,0,1,-2,-28,0,-30,25,-50,-1,-9,0,-10,0,1,2,8,0,10,10,30,1,1,0,2,-75,2,-40,0,0,-40,200,-50,0,0,-50,25,1,30,10,-50,-10,200,5,30,20,5,-50,-25
2e06e7d8-64c2-4d96-b553-d696dbe038ea,Residential,R1511_1_1,2,400,200,200,400,0,19.2,513.94452,23.52504,556.66956,0,280844,302.8,212598.908,111.61128,213013.3193,-1500,2,-195,-5,0,-200,50,-20,-49,-1,0,-50,0,1,-2,-28,0,-30,25,-50,-1,-9,0,-10,0,1,2,8,0,10,10,30,1,1,0,2,-75,2,-40,0,0,-40,200,-50,0,0,-50,25,1,30,10,-50,-10,200,5,30,20,5,-50,-25
d9f1aa17-41ea-4ba2-aae4-628230efa768,Residential,R2203_1_1,2,400,200,200,400,0,19.2,513.94452,23.52504,556.66956,0,280844,302.8,212598.908,111.61128,213013.3193,-1500,2,-195,-5,0,-200,50,-20,-49,-1,0,-50,0,1,-2,-28,0,-30,25,-50,-1,-9,0,-10,0,1,2,8,0,10,10,30,1,1,0,2,-75,2,-40,0,0,-40,200,-50,0,0,-50,25,1,30,10,-50,-10,200,5,30,20,5,-50,-25
f46a458f-4ac2-4975-80cb-cd52ec64680b,Residential,R566_1_1,2,400,200,200,400,0,19.2,513.94452,23.52504,556.66956,0,280844,302.8,212598.908,111.61128,213013.3193,-1500,2,-195,-5,0,-200,50,-20,-49,-1,0,-50,0,1,-2,-28,0,-30,25,-50,-1,-9,0,-10,0,1,2,8,0,10,10,30,1,1,0,2,-75,2,-40,0,0,-40,200,-50,0,0,-50,25,1,30,10,-50,-10,200,5,30,20,5,-50,-25
ae37a957-374c-4b16-835b-c0b92c915ea5,Residential,R106_1_1,2,400,200,200,400,0,19.2,513.94452,23.52504,556.66956,0,280844,302.8,212598.908,111.61128,213013.3193,-1500,2,-195,-5,0,-200,50,-20,-49,-1,0,-50,0,1,-2,-28,0,-30,25,-50,-1,-9,0,-10,0,1,2,8,0,10,10,30,1,1,0,2,-75,2,-40,0,0,-40,200,-50,0,0,-50,25,1,30,10,-50,-10,200,5,30,20,5,-50,-25
3eadb73a-5103-4cf9-9c3c-256b8f2e25d4,Residential,R2199_1_1,2,400,200,200,400,0,19.2,513.94452,23.52504,556.66956,0,280844,302.8,212598.908,111.61128,213013.3193,-1500,2,-195,-5,0,-200,50,-20,-49,-1,0,-50,0,1,-2,-28,0,-30,25,-50,-1,-9,0,-10,0,1,2,8,0,10,10,30,1,1,0,2,-75,2,-40,0,0,-40,200,-50,0,0,-50,25,1,30,10,-50,-10,200,5,30,20,5,-50,-25
46cca061-eb94-4ffb-9ebe-b5294fde8dc2,Residential,R460_1_1,2,400,200,200,400,0,19.2,513.94452,23.52504,556.66956,0,280844,302.8,212598.908,111.61128,213013.3193,-1500,2,-195,-5,0,-200,50,-20,-49,-1,0,-50,0,1,-2,-28,0,-30,25,-50,-1,-9,0,-10,0,1,2,8,0,10,10,30,1,1,0,2,-75,2,-40,0,0,-40,200,-50,0,0,-50,25,1,30,10,-50,-10,200,5,30,20,5,-50,-25
50f3f77d-a35f-413c-ac56-7ac4f6b3707e,Residential,R631_1_1,2,400,200,200,400,0,19.2,513.94452,23.52504,556.66956,0,280844,302.8,212598.908,111.61128,213013.3193,-1500,2,-195,-5,0,-200,50,-20,-49,-1,0,-50,0,1,-2,-28,0,-30,25,-50,-1,-9,0,-10,0,1,2,8,0,10,10,30,1,1,0,2,-75,2,-40,0,0,-40,200,-50,0,0,-50,25,1,30,10,-50,-10,200,5,30,20,5,-50,-25
20ff2bf0-6efd-4c90-a3d1-de381d4f4772,Residential,R739_1_1,2,400,200,200,400,0,19.2,513.94452,23.52504,556.66956,0,280844,302.8,212598.908,111.61128,213013.3193,-1500,2,-195,-5,0,-200,50,-20,-49,-1,0,-50,0,1,-2,-28,0,-30,25,-50,-1,-9,0,-10,0,1,2,8,0,10,10,30,1,1,0,2,-75,2,-40,0,0,-40,200,-50,0,0,-50,25,1,30,10,-50,-10,200,5,30,20,5,-50,-25
aefc4fc1-8bb0-402e-86e4-65e7db6e1019,Residential,R205_1_1,2,400,200,200,400,0,19.2,513.94452,23.52504,556.66956,0,280844,302.8,212598.908,111.61128,213013.3193,-1500,2,-195,-5,0,-200,50,-20,-49,-1,0,-50,0,1,-2,-28,0,-30,25,-50,-1,-9,0,-10,0,1,2,8,0,10,10,30,1,1,0,2,-75,2,-40,0,0,-40,200,-50,0,0,-50,25,1,30,10,-50,-10,200,5,30,20,5,-50,-25
58318840-fa5b-40bc-9150-a7356ba685f5,Residential,R102_1_1,2,400,200,200,400,0,19.2,513.94452,23.52504,556.66956,0,280844,302.8,212598.908,111.61128,213013.3193,-1500,2,-195,-5,0,-200,50,-20,-49,-1,0,-50,0,1,-2,-28,0,-30,25,-50,-1,-9,0,-10,0,1,2,8,0,10,10,30,1,1,0,2,-75,2,-40,0,0,-40,200,-50,0,0,-50,25,1,30,10,-50,-10,200,5,30,20,5,-50,-25
5f7b0069-d43c-410f-bb48-3925076c0b67,Residential,R1988_1_1,2,400,200,200,400,0,19.2,513.94452,23.52504,556.66956,0,280844,302.8,212598.908,111.61128,213013.3193,-1500,2,-195,-5,0,-200,50,-20,-49,-1,0,-50,0,1,-2,-28,0,-30,25,-50,-1,-9,0,-10,0,1,2,8,0,10,10,30,1,1,0,2,-75,2,-40,0,0,-40,200,-50,0,0,-50,25,1,30,10,-50,-10,200,5,30,20,5,-50,-25
a934195b-a9e2-46e4-ba7f-f3db937dc6ea,Residential,R1928_1_1,2,400,200,200,400,0,19.2,513.94452,23.52504,556.66956,0,280844,302.8,212598.908,111.61128,213013.3193,-1500,2,-195,-5,0,-200,50,-20,-49,-1,0,-50,0,1,-2,-28,0,-30,25,-50,-1,-9,0,-10,0,1,2,8,0,10,10,30,1,1,0,2,-75,2,-40,0,0,-40,200,-50,0,0,-50,25,1,30,10,-50,-10,200,5,30,20,5,-50,-25
5db883ed-9260-4447-a840-cd0825dd30a6,Residential,R1863_1_1,2,400,200,200,400,0,19.2,513.94452,23.52504,556.66956,0,280844,302.8,212598.908,111.61128,213013.3193,-1500,2,-195,-5,0,-200,50,-20,-49,-1,0,-50,0,1,-2,-28,0,-30,25,-50,-1,-9,0,-10,0,1,2,8,0,10,10,30,1,1,0,2,-75,2,-40,0,0,-40,200,-50,0,0,-50,25,1,30,10,-50,-10,200,5,30,20,5,-50,-25
41c3219c-2466-4e56-904c-c2502c3633f3,Residential,R2207_1_1,2,400,200,200,400,0,19.2,513.94452,23.52504,556.66956,0,280844,302.8,212598.908,111.61128,213013.3193,-1500,2,-195,-5,0,-200,50,-20,-49,-1,0,-50,0,1,-2,-28,0,-30,25,-50,-1,-9,0,-10,0,1,2,8,0,10,10,30,1,1,0,2,-75,2,-40,0,0,-40,200,-50,0,0,-50,25,1,30,10,-50,-10,200,5,30,20,5,-50,-25
48b87554-181b-4e30-8454-76bb7a910cf2,Residential,R433_1_1,2,400,200,200,400,0,19.2,513.94452,23.52504,556.66956,0,280844,302.8,212598.908,111.61128,213013.3193,-1500,2,-195,-5,0,-200,50,-20,-49,-1,0,-50,0,1,-2,-28,0,-30,25,-50,-1,-9,0,-10,0,1,2,8,0,10,10,30,1,1,0,2,-75,2,-40,0,0,-40,200,-50,0,0,-50,25,1,30,10,-50,-10,200,5,30,20,5,-50,-25
ee2c4f08-4226-4d62-a1bb-4b18c3ffa9af,Residential,R30_1_1,2,400,200,200,400,0,19.2,513.94452,23.52504,556.66956,0,280844,302.8,212598.908,111.61128,213013.3193,-1500,2,-195,-5,0,-200,50,-20,-49,-1,0,-50,0,1,-2,-28,0,-30,25,-50,-1,-9,0,-10,0,1,2,8,0,10,10,30,1,1,0,2,-75,2,-40,0,0,-40,200,-50,0,0,-50,25,1,30,10,-50,-10,200,5,30,20,5,-50,-25
0cbd3a89-1176-4559-a825-cf2d7c85aad2,Residential,R1420_1_1,2,400,200,200,400,0,19.2,513.94452,23.52504,556.66956,0,280844,302.8,212598.908,111.61128,213013.3193,-1500,2,-195,-5,0,-200,50,-20,-49,-1,0,-50,0,1,-2,-28,0,-30,25,-50,-1,-9,0,-10,0,1,2,8,0,10,10,30,1,1,0,2,-75,2,-40,0,0,-40,200,-50,0,0,-50,25,1,30,10,-50,-10,200,5,30,20,5,-50,-25
412ddff4-05ea-43e6-b7c6-76dca314be80,Residential,R2149_1_1,2,400,200,200,400,0,19.2,513.94452,23.52504,556.66956,0,280844,302.8,212598.908,111.61128,213013.3193,-1500,2,-195,-5,0,-200,50,-20,-49,-1,0,-50,0,1,-2,-28,0,-30,25,-50,-1,-9,0,-10,0,1,2,8,0,10,10,30,1,1,0,2,-75,2,-40,0,0,-40,200,-50,0,0,-50,25,1,30,10,-50,-10,200,5,30,20,5,-50,-25
dab7e4c3-d0e5-4450-b223-d9d904abf472,Residential,R1770_1_1,2,400,200,200,400,0,19.2,513.94452,23.52504,556.66956,0,280844,302.8,212598.908,111.61128,213013.3193,-1500,2,-195,-5,0,-200,50,-20,-49,-1,0,-50,0,1,-2,-28,0,-30,25,-50,-1,-9,0,-10,0,1,2,8,0,10,10,30,1,1,0,2,-75,2,-40,0,0,-40,200,-50,0,0,-50,25,1,30,10,-50,-10,200,5,30,20,5,-50,-25
dfeb2e83-42b0-44e0-85e4-1208ebaa407b,Residential,R1377_1_1,2,400,200,200,400,0,19.2,513.94452,23.52504,556.66956,0,280844,302.8,212598.908,111.61128,213013.3193,-1500,2,-195,-5,0,-200,50,-20,-49,-1,0,-50,0,1,-2,-28,0,-30,25,-50,-1,-9,0,-10,0,1,2,8,0,10,10,30,1,1,0,2,-75,2,-40,0,0,-40,200,-50,0,0,-50,25,1,30,10,-50,-10,200,5,30,20,5,-50,-25
c28566f5-1230-4692-a96a-826c65d4ed4e,Residential,R710_1_1,2,400,200,200,400,0,19.2,513.94452,23.52504,556.66956,0,280844,302.8,212598.908,111.61128,213013.3193,-1500,2,-195,-5,0,-200,50,-20,-49,-1,0,-50,0,1,-2,-28,0,-30,25,-50,-1,-9,0,-10,0,1,2,8,0,10,10,30,1,1,0,2,-75,2,-40,0,0,-40,200,-50,0,0,-50,25,1,30,10,-50,-10,200,5,30,20,5,-50,-25
14dff4ab-cfb8-4bda-9191-92a221d560b4,Residential,R1119_1_1,2,400,200,200,400,0,19.2,513.94452,23.52504,556.66956,0,280844,302.8,212598.908,111.61128,213013.3193,-1500,2,-195,-5,0,-200,50,-20,-49,-1,0,-50,0,1,-2,-28,0,-30,25,-50,-1,-9,0,-10,0,1,2,8,0,10,10,30,1,1,0,2,-75,2,-40,0,0,-40,200,-50,0,0,-50,25,1,30,10,-50,-10,200,5,30,20,5,-50,-25
3834035d-cd96-477d-8e1d-6f78fa85aecc,Residential,R327_1_1,2,400,200,200,400,0,19.2,513.94452,23.52504,556.66956,0,280844,302.8,212598.908,111.61128,213013.3193,-1500,2,-195,-5,0,-200,50,-20,-49,-1,0,-50,0,1,-2,-28,0,-30,25,-50,-1,-9,0,-10,0,1,2,8,0,10,10,30,1,1,0,2,-75,2,-40,0,0,-40,200,-50,0,0,-50,25,1,30,10,-50,-10,200,5,30,20,5,-50,-25
90ba30ce-4dce-42f3-a620-7426636fb086,Residential,R1283_1_1,2,400,200,200,400,0,19.2,513.94452,23.52504,556.66956,0,280844,302.8,212598.908,111.61128,213013.3193,-1500,2,-195,-5,0,-200,50,-20,-49,-1,0,-50,0,1,-2,-28,0,-30,25,-50,-1,-9,0,-10,0,1,2,8,0,10,10,30,1,1,0,2,-75,2,-40,0,0,-40,200,-50,0,0,-50,25,1,30,10,-50,-10,200,5,30,20,5,-50,-25
c05c4859-3dac-4c93-aab2-e7797283c53b,Residential,R114_1_1,2,400,200,200,400,0,19.2,513.94452,23.52504,556.66956,0,280844,302.8,212598.908,111.61128,213013.3193,-1500,2,-195,-5,0,-200,50,-20,-49,-1,0,-50,0,1,-2,-28,0,-30,25,-50,-1,-9,0,-10,0,1,2,8,0,10,10,30,1,1,0,2,-75,2,-40,0,0,-40,200,-50,0,0,-50,25,1,30,10,-50,-10,200,5,30,20,5,-50,-25
120bf084-cf7d-4834-bb70-6830778417a3,Residential,R527_1_1,2,400,200,200,400,0,19.2,513.94452,23.52504,556.66956,0,280844,302.8,212598.908,111.61128,213013.3193,-1500,2,-195,-5,0,-200,50,-20,-49,-1,0,-50,0,1,-2,-28,0,-30,25,-50,-1,-9,0,-10,0,1,2,8,0,10,10,30,1,1,0,2,-75,2,-40,0,0,-40,200,-50,0,0,-50,25,1,30,10,-50,-10,200,5,30,20,5,-50,-25
bd90a5c6-67d9-463d-afac-744bad036bcf,Residential,R507_1_1,2,400,200,200,400,0,19.2,513.94452,23.52504,556.66956,0,280844,302.8,212598.908,111.61128,213013.3193,-1500,2,-195,-5,0,-200,50,-20,-49,-1,0,-50,0,1,-2,-28,0,-30,25,-50,-1,-9,0,-10,0,1,2,8,0,10,10,30,1,1,0,2,-75,2,-40,0,0,-40,200,-50,0,0,-50,25,1,30,10,-50,-10,200,5,30,20,5,-50,-25
ac77e710-a927-4f23-bdc2-77dc8c721d35,Residential,R1668_1_1,2,400,200,200,400,0,19.2,513.94452,23.52504,556.66956,0,280844,302.8,212598.908,111.61128,213013.3193,-1500,2,-195,-5,0,-200,50,-20,-49,-1,0,-50,0,1,-2,-28,0,-30,25,-50,-1,-9,0,-10,0,1,2,8,0,10,10,30,1,1,0,2,-75,2,-40,0,0,-40,200,-50,0,0,-50,25,1,30,10,-50,-10,200,5,30,20,5,-50,-25
c44ccad3-01dc-4a2c-a07a-e0957897f502,Residential,R606_1_1,2,400,200,200,400,0,19.2,513.94452,23.52504,556.66956,0,280844,302.8,212598.908,111.61128,213013.3193,-1500,2,-195,-5,0,-200,50,-20,-49,-1,0,-50,0,1,-2,-28,0,-30,25,-50,-1,-9,0,-10,0,1,2,8,0,10,10,30,1,1,0,2,-75,2,-40,0,0,-40,200,-50,0,0,-50,25,1,30,10,-50,-10,200,5,30,20,5,-50,-25
593ce575-c09c-4732-b5f6-9a1caaa4300a,Residential,R969_1_1,2,400,200,200,400,0,19.2,513.94452,23.52504,556.66956,0,280844,302.8,212598.908,111.61128,213013.3193,-1500,2,-195,-5,0,-200,50,-20,-49,-1,0,-50,0,1,-2,-28,0,-30,25,-50,-1,-9,0,-10,0,1,2,8,0,10,10,30,1,1,0,2,-75,2,-40,0,0,-40,200,-50,0,0,-50,25,1,30,10,-50,-10,200,5,30,20,5,-50,-25
7d676aad-72fb-4e87-8386-5beb39f9c8bb,Residential,R595_1_1,2,400,200,200,400,0,19.2,513.94452,23.52504,556.66956,0,280844,302.8,212598.908,111.61128,213013.3193,-1500,2,-195,-5,0,-200,50,-20,-49,-1,0,-50,0,1,-2,-28,0,-30,25,-50,-1,-9,0,-10,0,1,2,8,0,10,10,30,1,1,0,2,-75,2,-40,0,0,-40,200,-50,0,0,-50,25,1,30,10,-50,-10,200,5,30,20,5,-50,-25
955f48a1-d8be-49a8-9775-f8853e0c79db,Residential,R1375_1_1,2,400,200,200,400,0,19.2,513.94452,23.52504,556.66956,0,280844,302.8,212598.908,111.61128,213013.3193,-1500,2,-195,-5,0,-200,50,-20,-49,-1,0,-50,0,1,-2,-28,0,-30,25,-50,-1,-9,0,-10,0,1,2,8,0,10,10,30,1,1,0,2,-75,2,-40,0,0,-40,200,-50,0,0,-50,25,1,30,10,-50,-10,200,5,30,20,5,-50,-25
b17b1998-de9a-4193-82fa-e87207b60ac3,Residential,R1059_1_1,2,400,200,200,400,0,19.2,513.94452,23.52504,556.66956,0,280844,302.8,212598.908,111.61128,213013.3193,-1500,2,-195,-5,0,-200,50,-20,-49,-1,0,-50,0,1,-2,-28,0,-30,25,-50,-1,-9,0,-10,0,1,2,8,0,10,10,30,1,1,0,2,-75,2,-40,0,0,-40,200,-50,0,0,-50,25,1,30,10,-50,-10,200,5,30,20,5,-50,-25
0d9eb731-7765-4000-bd63-7a7eb269248c,Residential,R626_1_1,2,400,200,200,400,0,19.2,513.94452,23.52504,556.66956,0,280844,302.8,212598.908,111.61128,213013.3193,-1500,2,-195,-5,0,-200,50,-20,-49,-1,0,-50,0,1,-2,-28,0,-30,25,-50,-1,-9,0,-10,0,1,2,8,0,10,10,30,1,1,0,2,-75,2,-40,0,0,-40,200,-50,0,0,-50,25,1,30,10,-50,-10,200,5,30,20,5,-50,-25
cef1ebb0-4611-45d2-b79e-94f97715e53d,Residential,R561_1_1,2,400,200,200,400,0,19.2,513.94452,23.52504,556.66956,0,280844,302.8,212598.908,111.61128,213013.3193,-1500,2,-195,-5,0,-200,50,-20,-49,-1,0,-50,0,1,-2,-28,0,-30,25,-50,-1,-9,0,-10,0,1,2,8,0,10,10,30,1,1,0,2,-75,2,-40,0,0,-40,200,-50,0,0,-50,25,1,30,10,-50,-10,200,5,30,20,5,-50,-25
a2e14c73-42dd-402f-8db3-0e9eb561d390,Residential,R1098_1_1,2,400,200,200,400,0,19.2,513.94452,23.52504,556.66956,0,280844,302.8,212598.908,111.61128,213013.3193,-1500,2,-195,-5,0,-200,50,-20,-49,-1,0,-50,0,1,-2,-28,0,-30,25,-50,-1,-9,0,-10,0,1,2,8,0,10,10,30,1,1,0,2,-75,2,-40,0,0,-40,200,-50,0,0,-50,25,1,30,10,-50,-10,200,5,30,20,5,-50,-25
3029baf5-254b-44df-9d76-a579f213cb73,Residential,R2118_1_1,2,400,200,200,400,0,19.2,513.94452,23.52504,556.66956,0,280844,302.8,212598.908,111.61128,213013.3193,-1500,2,-195,-5,0,-200,50,-20,-49,-1,0,-50,0,1,-2,-28,0,-30,25,-50,-1,-9,0,-10,0,1,2,8,0,10,10,30,1,1,0,2,-75,2,-40,0,0,-40,200,-50,0,0,-50,25,1,30,10,-50,-10,200,5,30,20,5,-50,-25
55a25659-90d9-428f-93ff-d340d38b7065,Residential,R236_1_1,2,400,200,200,400,0,19.2,513.94452,23.52504,556.66956,0,280844,302.8,212598.908,111.61128,213013.3193,-1500,2,-195,-5,0,-200,50,-20,-49,-1,0,-50,0,1,-2,-28,0,-30,25,-50,-1,-9,0,-10,0,1,2,8,0,10,10,30,1,1,0,2,-75,2,-40,0,0,-40,200,-50,0,0,-50,25,1,30,10,-50,-10,200,5,30,20,5,-50,-25
c8e71f8b-74ba-4be6-9a66-6e77d0bb19be,Residential,R1884_1_1,2,400,200,200,400,0,19.2,513.94452,23.52504,556.66956,0,280844,302.8,212598.908,111.61128,213013.3193,-1500,2,-195,-5,0,-200,50,-20,-49,-1,0,-50,0,1,-2,-28,0,-30,25,-50,-1,-9,0,-10,0,1,2,8,0,10,10,30,1,1,0,2,-75,2,-40,0,0,-40,200,-50,0,0,-50,25,1,30,10,-50,-10,200,5,30,20,5,-50,-25
52d2b533-a982-49cb-a35a-ca3d1e30e404,Residential,R452_1_1,2,400,200,200,400,0,19.2,513.94452,23.52504,556.66956,0,280844,302.8,212598.908,111.61128,213013.3193,-1500,2,-195,-5,0,-200,50,-20,-49,-1,0,-50,0,1,-2,-28,0,-30,25,-50,-1,-9,0,-10,0,1,2,8,0,10,10,30,1,1,0,2,-75,2,-40,0,0,-40,200,-50,0,0,-50,25,1,30,10,-50,-10,200,5,30,20,5,-50,-25
e8655402-f976-480b-a15e-172b359c1bf0,Residential,R1727_1_1,2,400,200,200,400,0,19.2,513.94452,23.52504,556.66956,0,280844,302.8,212598.908,111.61128,213013.3193,-1500,2,-195,-5,0,-200,50,-20,-49,-1,0,-50,0,1,-2,-28,0,-30,25,-50,-1,-9,0,-10,0,1,2,8,0,10,10,30,1,1,0,2,-75,2,-40,0,0,-40,200,-50,0,0,-50,25,1,30,10,-50,-10,200,5,30,20,5,-50,-25
62788f9a-8d37-4c01-bc6d-c13a92748a1c,Residential,R952_1_1,2,400,200,200,400,0,19.2,513.94452,23.52504,556.66956,0,280844,302.8,212598.908,111.61128,213013.3193,-1500,2,-195,-5,0,-200,50,-20,-49,-1,0,-50,0,1,-2,-28,0,-30,25,-50,-1,-9,0,-10,0,1,2,8,0,10,10,30,1,1,0,2,-75,2,-40,0,0,-40,200,-50,0,0,-50,25,1,30,10,-50,-10,200,5,30,20,5,-50,-25
6a53efe2-5923-4109-8250-461f748dbb53,Residential,R1064_1_1,2,400,200,200,400,0,19.2,513.94452,23.52504,556.66956,0,280844,302.8,212598.908,111.61128,213013.3193,-1500,2,-195,-5,0,-200,50,-20,-49,-1,0,-50,0,1,-2,-28,0,-30,25,-50,-1,-9,0,-10,0,1,2,8,0,10,10,30,1,1,0,2,-75,2,-40,0,0,-40,200,-50,0,0,-50,25,1,30,10,-50,-10,200,5,30,20,5,-50,-25
b0b74df2-4173-4bef-87ed-3199202f3d1f,Residential,R1397_1_1,2,400,200,200,400,0,19.2,513.94452,23.52504,556.66956,0,280844,302.8,212598.908,111.61128,213013.3193,-1500,2,-195,-5,0,-200,50,-20,-49,-1,0,-50,0,1,-2,-28,0,-30,25,-50,-1,-9,0,-10,0,1,2,8,0,10,10,30,1,1,0,2,-75,2,-40,0,0,-40,200,-50,0,0,-50,25,1,30,10,-50,-10,200,5,30,20,5,-50,-25
5bdb5db8-0d7b-4509-9a6b-5fcaf20bd0d6,Residential,R1730_1_1,2,400,200,200,400,0,19.2,513.94452,23.52504,556.66956,0,280844,302.8,212598.908,111.61128,213013.3193,-1500,2,-195,-5,0,-200,50,-20,-49,-1,0,-50,0,1,-2,-28,0,-30,25,-50,-1,-9,0,-10,0,1,2,8,0,10,10,30,1,1,0,2,-75,2,-40,0,0,-40,200,-50,0,0,-50,25,1,30,10,-50,-10,200,5,30,20,5,-50,-25
f843b35e-5b9f-4488-96c7-af9ed205e9fb,Residential,R1876_1_1,2,400,200,200,400,0,19.2,513.94452,23.52504,556.66956,0,280844,302.8,212598.908,111.61128,213013.3193,-1500,2,-195,-5,0,-200,50,-20,-49,-1,0,-50,0,1,-2,-28,0,-30,25,-50,-1,-9,0,-10,0,1,2,8,0,10,10,30,1,1,0,2,-75,2,-40,0,0,-40,200,-50,0,0,-50,25,1,30,10,-50,-10,200,5,30,20,5,-50,-25
6509e004-fea5-4d69-8c54-191f3f33d5d9,Residential,R656_1_1,2,400,200,200,400,0,19.2,513.94452,23.52504,556.66956,0,280844,302.8,212598.908,111.61128,213013.3193,-1500,2,-195,-5,0,-200,50,-20,-49,-1,0,-50,0,1,-2,-28,0,-30,25,-50,-1,-9,0,-10,0,1,2,8,0,10,10,30,1,1,0,2,-75,2,-40,0,0,-40,200,-50,0,0,-50,25,1,30,10,-50,-10,200,5,30,20,5,-50,-25
a3820c14-c8e8-4ebe-98a5-cc0860ba9688,Residential,R800_1_1,2,400,200,200,400,0,19.2,513.94452,23.52504,556.66956,0,280844,302.8,212598.908,111.61128,213013.3193,-1500,2,-195,-5,0,-200,50,-20,-49,-1,0,-50,0,1,-2,-28,0,-30,25,-50,-1,-9,0,-10,0,1,2,8,0,10,10,30,1,1,0,2,-75,2,-40,0,0,-40,200,-50,0,0,-50,25,1,30,10,-50,-10,200,5,30,20,5,-50,-25
fc61a594-9579-4002-9041-9db7b37c06be,Residential,R1564_1_1,2,400,200,200,400,0,19.2,513.94452,23.52504,556.66956,0,280844,302.8,212598.908,111.61128,213013.3193,-1500,2,-195,-5,0,-200,50,-20,-49,-1,0,-50,0,1,-2,-28,0,-30,25,-50,-1,-9,0,-10,0,1,2,8,0,10,10,30,1,1,0,2,-75,2,-40,0,0,-40,200,-50,0,0,-50,25,1,30,10,-50,-10,200,5,30,20,5,-50,-25
443fb2b8-2eba-404e-898a-85233d9eb110,Residential,R599_1_1,2,400,200,200,400,0,19.2,513.94452,23.52504,556.66956,0,280844,302.8,212598.908,111.61128,213013.3193,-1500,2,-195,-5,0,-200,50,-20,-49,-1,0,-50,0,1,-2,-28,0,-30,25,-50,-1,-9,0,-10,0,1,2,8,0,10,10,30,1,1,0,2,-75,2,-40,0,0,-40,200,-50,0,0,-50,25,1,30,10,-50,-10,200,5,30,20,5,-50,-25
223d63af-9c4f-4a21-ba7a-e720263364fd,Residential,R2133_1_1,2,400,200,200,400,0,19.2,513.94452,23.52504,556.66956,0,280844,302.8,212598.908,111.61128,213013.3193,-1500,2,-195,-5,0,-200,50,-20,-49,-1,0,-50,0,1,-2,-28,0,-30,25,-50,-1,-9,0,-10,0,1,2,8,0,10,10,30,1,1,0,2,-75,2,-40,0,0,-40,200,-50,0,0,-50,25,1,30,10,-50,-10,200,5,30,20,5,-50,-25
ffa6e720-a5b1-43af-a4b1-d2ad8c2572c6,Residential,R185_1_1,2,400,200,200,400,0,19.2,513.94452,23.52504,556.66956,0,280844,302.8,212598.908,111.61128,213013.3193,-1500,2,-195,-5,0,-200,50,-20,-49,-1,0,-50,0,1,-2,-28,0,-30,25,-50,-1,-9,0,-10,0,1,2,8,0,10,10,30,1,1,0,2,-75,2,-40,0,0,-40,200,-50,0,0,-50,25,1,30,10,-50,-10,200,5,30,20,5,-50,-25
8ed59111-b86f-4467-862e-5ff2ab5fb682,Residential,R751_1_1,2,400,200,200,400,0,19.2,513.94452,23.52504,556.66956,0,280844,302.8,212598.908,111.61128,213013.3193,-1500,2,-195,-5,0,-200,50,-20,-49,-1,0,-50,0,1,-2,-28,0,-30,25,-50,-1,-9,0,-10,0,1,2,8,0,10,10,30,1,1,0,2,-75,2,-40,0,0,-40,200,-50,0,0,-50,25,1,30,10,-50,-10,200,5,30,20,5,-50,-25
df8c6013-c228-4e79-a0dc-6b24e26d33a9,Residential,R1214_1_1,2,400,200,200,400,0,19.2,513.94452,23.52504,556.66956,0,280844,302.8,212598.908,111.61128,213013.3193,-1500,2,-195,-5,0,-200,50,-20,-49,-1,0,-50,0,1,-2,-28,0,-30,25,-50,-1,-9,0,-10,0,1,2,8,0,10,10,30,1,1,0,2,-75,2,-40,0,0,-40,200,-50,0,0,-50,25,1,30,10,-50,-10,200,5,30,20,5,-50,-25
ede1f65e-51c1-483c-ae52-8832b4eeb991,Residential,R1558_1_1,2,400,200,200,400,0,19.2,513.94452,23.52504,556.66956,0,280844,302.8,212598.908,111.61128,213013.3193,-1500,2,-195,-5,0,-200,50,-20,-49,-1,0,-50,0,1,-2,-28,0,-30,25,-50,-1,-9,0,-10,0,1,2,8,0,10,10,30,1,1,0,2,-75,2,-40,0,0,-40,200,-50,0,0,-50,25,1,30,10,-50,-10,200,5,30,20,5,-50,-25
2071f6f1-a09b-4a7c-8ad8-88890d4e8523,Residential,R1556_1_1,2,400,200,200,400,0,19.2,513.94452,23.52504,556.66956,0,280844,302.8,212598.908,111.61128,213013.3193,-1500,2,-195,-5,0,-200,50,-20,-49,-1,0,-50,0,1,-2,-28,0,-30,25,-50,-1,-9,0,-10,0,1,2,8,0,10,10,30,1,1,0,2,-75,2,-40,0,0,-40,200,-50,0,0,-50,25,1,30,10,-50,-10,200,5,30,20,5,-50,-25
1e316db4-e734-475d-b5c8-802f171085cf,Residential,R1255_1_1,2,400,200,200,400,0,19.2,513.94452,23.52504,556.66956,0,280844,302.8,212598.908,111.61128,213013.3193,-1500,2,-195,-5,0,-200,50,-20,-49,-1,0,-50,0,1,-2,-28,0,-30,25,-50,-1,-9,0,-10,0,1,2,8,0,10,10,30,1,1,0,2,-75,2,-40,0,0,-40,200,-50,0,0,-50,25,1,30,10,-50,-10,200,5,30,20,5,-50,-25
154acf04-8f7a-45e2-9694-523f36bf11d3,Residential,R1013_1_1,2,400,200,200,400,0,19.2,513.94452,23.52504,556.66956,0,280844,302.8,212598.908,111.61128,213013.3193,-1500,2,-195,-5,0,-200,50,-20,-49,-1,0,-50,0,1,-2,-28,0,-30,25,-50,-1,-9,0,-10,0,1,2,8,0,10,10,30,1,1,0,2,-75,2,-40,0,0,-40,200,-50,0,0,-50,25,1,30,10,-50,-10,200,5,30,20,5,-50,-25
2b127f10-d25e-4c9b-a979-ed779a469fec,Residential,R838_1_1,2,400,200,200,400,0,19.2,513.94452,23.52504,556.66956,0,280844,302.8,212598.908,111.61128,213013.3193,-1500,2,-195,-5,0,-200,50,-20,-49,-1,0,-50,0,1,-2,-28,0,-30,25,-50,-1,-9,0,-10,0,1,2,8,0,10,10,30,1,1,0,2,-75,2,-40,0,0,-40,200,-50,0,0,-50,25,1,30,10,-50,-10,200,5,30,20,5,-50,-25
6ea95e3e-32f4-4e58-b91a-6bdc6531d510,Residential,R1950_1_1,2,400,200,200,400,0,19.2,513.94452,23.52504,556.66956,0,280844,302.8,212598.908,111.61128,213013.3193,-1500,2,-195,-5,0,-200,50,-20,-49,-1,0,-50,0,1,-2,-28,0,-30,25,-50,-1,-9,0,-10,0,1,2,8,0,10,10,30,1,1,0,2,-75,2,-40,0,0,-40,200,-50,0,0,-50,25,1,30,10,-50,-10,200,5,30,20,5,-50,-25
bec7dabd-4c64-4aac-8154-96c1dabd949f,Residential,R103_1_1,2,400,200,200,400,0,19.2,513.94452,23.52504,556.66956,0,280844,302.8,212598.908,111.61128,213013.3193,-1500,2,-195,-5,0,-200,50,-20,-49,-1,0,-50,0,1,-2,-28,0,-30,25,-50,-1,-9,0,-10,0,1,2,8,0,10,10,30,1,1,0,2,-75,2,-40,0,0,-40,200,-50,0,0,-50,25,1,30,10,-50,-10,200,5,30,20,5,-50,-25
84db28d4-63fd-4d08-8b42-783ef4f146dd,Residential,R220_1_1,2,400,200,200,400,0,19.2,513.94452,23.52504,556.66956,0,280844,302.8,212598.908,111.61128,213013.3193,-1500,2,-195,-5,0,-200,50,-20,-49,-1,0,-50,0,1,-2,-28,0,-30,25,-50,-1,-9,0,-10,0,1,2,8,0,10,10,30,1,1,0,2,-75,2,-40,0,0,-40,200,-50,0,0,-50,25,1,30,10,-50,-10,200,5,30,20,5,-50,-25
2c70dd68-eb71-497e-bb44-ed4e8bc1942f,Residential,R521_1_1,2,400,200,200,400,0,19.2,513.94452,23.52504,556.66956,0,280844,302.8,212598.908,111.61128,213013.3193,-1500,2,-195,-5,0,-200,50,-20,-49,-1,0,-50,0,1,-2,-28,0,-30,25,-50,-1,-9,0,-10,0,1,2,8,0,10,10,30,1,1,0,2,-75,2,-40,0,0,-40,200,-50,0,0,-50,25,1,30,10,-50,-10,200,5,30,20,5,-50,-25
e9a7295f-66cd-48f9-8f53-d17a44a34f95,Residential,R2102_1_1,2,400,200,200,400,0,19.2,513.94452,23.52504,556.66956,0,280844,302.8,212598.908,111.61128,213013.3193,-1500,2,-195,-5,0,-200,50,-20,-49,-1,0,-50,0,1,-2,-28,0,-30,25,-50,-1,-9,0,-10,0,1,2,8,0,10,10,30,1,1,0,2,-75,2,-40,0,0,-40,200,-50,0,0,-50,25,1,30,10,-50,-10,200,5,30,20,5,-50,-25
584a1963-9c6e-4663-b640-be77564d0939,Residential,R2100_1_1,2,400,200,200,400,0,19.2,513.94452,23.52504,556.66956,0,280844,302.8,212598.908,111.61128,213013.3193,-1500,2,-195,-5,0,-200,50,-20,-49,-1,0,-50,0,1,-2,-28,0,-30,25,-50,-1,-9,0,-10,0,1,2,8,0,10,10,30,1,1,0,2,-75,2,-40,0,0,-40,200,-50,0,0,-50,25,1,30,10,-50,-10,200,5,30,20,5,-50,-25
d91d8cf9-5214-4953-9770-9e21f34c3843,Residential,R2099_1_1,2,400,200,200,400,0,19.2,513.94452,23.52504,556.66956,0,280844,302.8,212598.908,111.61128,213013.3193,-1500,2,-195,-5,0,-200,50,-20,-49,-1,0,-50,0,1,-2,-28,0,-30,25,-50,-1,-9,0,-10,0,1,2,8,0,10,10,30,1,1,0,2,-75,2,-40,0,0,-40,200,-50,0,0,-50,25,1,30,10,-50,-10,200,5,30,20,5,-50,-25
edee0f82-3b24-4aa3-a1a9-2027bcb99fa9,Residential,R975_1_1,2,400,200,200,400,0,19.2,513.94452,23.52504,556.66956,0,280844,302.8,212598.908,111.61128,213013.3193,-1500,2,-195,-5,0,-200,50,-20,-49,-1,0,-50,0,1,-2,-28,0,-30,25,-50,-1,-9,0,-10,0,1,2,8,0,10,10,30,1,1,0,2,-75,2,-40,0,0,-40,200,-50,0,0,-50,25,1,30,10,-50,-10,200,5,30,20,5,-50,-25
d06853c9-119d-443f-8924-14e3552e0e3f,Residential,R1067_1_1,2,400,200,200,400,0,19.2,513.94452,23.52504,556.66956,0,280844,302.8,212598.908,111.61128,213013.3193,-1500,2,-195,-5,0,-200,50,-20,-49,-1,0,-50,0,1,-2,-28,0,-30,25,-50,-1,-9,0,-10,0,1,2,8,0,10,10,30,1,1,0,2,-75,2,-40,0,0,-40,200,-50,0,0,-50,25,1,30,10,-50,-10,200,5,30,20,5,-50,-25
603dca38-5567-4e25-a7c1-feec33a2cedf,Residential,R1075_1_1,2,400,200,200,400,0,19.2,513.94452,23.52504,556.66956,0,280844,302.8,212598.908,111.61128,213013.3193,-1500,2,-195,-5,0,-200,50,-20,-49,-1,0,-50,0,1,-2,-28,0,-30,25,-50,-1,-9,0,-10,0,1,2,8,0,10,10,30,1,1,0,2,-75,2,-40,0,0,-40,200,-50,0,0,-50,25,1,30,10,-50,-10,200,5,30,20,5,-50,-25
30fd1c8b-dcb9-40f0-9d67-ed71ca144957,Residential,R281_1_1,2,400,200,200,400,0,19.2,513.94452,23.52504,556.66956,0,280844,302.8,212598.908,111.61128,213013.3193,-1500,2,-195,-5,0,-200,50,-20,-49,-1,0,-50,0,1,-2,-28,0,-30,25,-50,-1,-9,0,-10,0,1,2,8,0,10,10,30,1,1,0,2,-75,2,-40,0,0,-40,200,-50,0,0,-50,25,1,30,10,-50,-10,200,5,30,20,5,-50,-25
c6aa5cb3-dfb4-4a3e-aecc-73ca403aff15,Residential,R496_1_1,2,400,200,200,400,0,19.2,513.94452,23.52504,556.66956,0,280844,302.8,212598.908,111.61128,213013.3193,-1500,2,-195,-5,0,-200,50,-20,-49,-1,0,-50,0,1,-2,-28,0,-30,25,-50,-1,-9,0,-10,0,1,2,8,0,10,10,30,1,1,0,2,-75,2,-40,0,0,-40,200,-50,0,0,-50,25,1,30,10,-50,-10,200,5,30,20,5,-50,-25
5d36ad5b-9b06-4a48-9db7-80280011abb0,Residential,R282_1_1,2,400,200,200,400,0,19.2,513.94452,23.52504,556.66956,0,280844,302.8,212598.908,111.61128,213013.3193,-1500,2,-195,-5,0,-200,50,-20,-49,-1,0,-50,0,1,-2,-28,0,-30,25,-50,-1,-9,0,-10,0,1,2,8,0,10,10,30,1,1,0,2,-75,2,-40,0,0,-40,200,-50,0,0,-50,25,1,30,10,-50,-10,200,5,30,20,5,-50,-25
17e54e23-e0cd-4af9-ae3f-7ffba8b20737,Residential,R840_1_1,2,400,200,200,400,0,19.2,513.94452,23.52504,556.66956,0,280844,302.8,212598.908,111.61128,213013.3193,-1500,2,-195,-5,0,-200,50,-20,-49,-1,0,-50,0,1,-2,-28,0,-30,25,-50,-1,-9,0,-10,0,1,2,8,0,10,10,30,1,1,0,2,-75,2,-40,0,0,-40,200,-50,0,0,-50,25,1,30,10,-50,-10,200,5,30,20,5,-50,-25
1ecaec3f-d727-43b4-b481-f11e656fefcd,Residential,R1766_1_1,2,400,200,200,400,0,19.2,513.94452,23.52504,556.66956,0,280844,302.8,212598.908,111.61128,213013.3193,-1500,2,-195,-5,0,-200,50,-20,-49,-1,0,-50,0,1,-2,-28,0,-30,25,-50,-1,-9,0,-10,0,1,2,8,0,10,10,30,1,1,0,2,-75,2,-40,0,0,-40,200,-50,0,0,-50,25,1,30,10,-50,-10,200,5,30,20,5,-50,-25
2e867477-d41e-43b6-9507-a27bc10de7e4,Residential,R771_1_1,2,400,200,200,400,0,19.2,513.94452,23.52504,556.66956,0,280844,302.8,212598.908,111.61128,213013.3193,-1500,2,-195,-5,0,-200,50,-20,-49,-1,0,-50,0,1,-2,-28,0,-30,25,-50,-1,-9,0,-10,0,1,2,8,0,10,10,30,1,1,0,2,-75,2,-40,0,0,-40,200,-50,0,0,-50,25,1,30,10,-50,-10,200,5,30,20,5,-50,-25
a4a8a52d-e5de-4718-820a-5050e9fe781b,Residential,R1222_1_1,2,400,200,200,400,0,19.2,513.94452,23.52504,556.66956,0,280844,302.8,212598.908,111.61128,213013.3193,-1500,2,-195,-5,0,-200,50,-20,-49,-1,0,-50,0,1,-2,-28,0,-30,25,-50,-1,-9,0,-10,0,1,2,8,0,10,10,30,1,1,0,2,-75,2,-40,0,0,-40,200,-50,0,0,-50,25,1,30,10,-50,-10,200,5,30,20,5,-50,-25
6c21f05f-0052-4b71-ad68-364b42e47f2e,Residential,R1989_1_1,2,400,200,200,400,0,19.2,513.94452,23.52504,556.66956,0,280844,302.8,212598.908,111.61128,213013.3193,-1500,2,-195,-5,0,-200,50,-20,-49,-1,0,-50,0,1,-2,-28,0,-30,25,-50,-1,-9,0,-10,0,1,2,8,0,10,10,30,1,1,0,2,-75,2,-40,0,0,-40,200,-50,0,0,-50,25,1,30,10,-50,-10,200,5,30,20,5,-50,-25
f704ebd8-7959-4643-a263-5c5fdb540e34,Residential,R336_1_1,2,400,200,200,400,0,19.2,513.94452,23.52504,556.66956,0,280844,302.8,212598.908,111.61128,213013.3193,-1500,2,-195,-5,0,-200,50,-20,-49,-1,0,-50,0,1,-2,-28,0,-30,25,-50,-1,-9,0,-10,0,1,2,8,0,10,10,30,1,1,0,2,-75,2,-40,0,0,-40,200,-50,0,0,-50,25,1,30,10,-50,-10,200,5,30,20,5,-50,-25
df3f3d63-6340-4d37-b064-defabf067c45,Residential,R1162_1_1,2,400,200,200,400,0,19.2,513.94452,23.52504,556.66956,0,280844,302.8,212598.908,111.61128,213013.3193,-1500,2,-195,-5,0,-200,50,-20,-49,-1,0,-50,0,1,-2,-28,0,-30,25,-50,-1,-9,0,-10,0,1,2,8,0,10,10,30,1,1,0,2,-75,2,-40,0,0,-40,200,-50,0,0,-50,25,1,30,10,-50,-10,200,5,30,20,5,-50,-25
44d71f7e-75f4-400e-ad18-eccbff9425bc,Residential,R1608_1_1,2,400,200,200,400,0,19.2,513.94452,23.52504,556.66956,0,280844,302.8,212598.908,111.61128,213013.3193,-1500,2,-195,-5,0,-200,50,-20,-49,-1,0,-50,0,1,-2,-28,0,-30,25,-50,-1,-9,0,-10,0,1,2,8,0,10,10,30,1,1,0,2,-75,2,-40,0,0,-40,200,-50,0,0,-50,25,1,30,10,-50,-10,200,5,30,20,5,-50,-25
9ee6abbf-92fe-4a46-8058-66aacaf5b3f8,Residential,R1869_1_1,2,400,200,200,400,0,19.2,513.94452,23.52504,556.66956,0,280844,302.8,212598.908,111.61128,213013.3193,-1500,2,-195,-5,0,-200,50,-20,-49,-1,0,-50,0,1,-2,-28,0,-30,25,-50,-1,-9,0,-10,0,1,2,8,0,10,10,30,1,1,0,2,-75,2,-40,0,0,-40,200,-50,0,0,-50,25,1,30,10,-50,-10,200,5,30,20,5,-50,-25
67256d19-7ad4-4296-9a8f-e6c2e5ce8ecc,Residential,R1136_1_1,2,400,200,200,400,0,19.2,513.94452,23.52504,556.66956,0,280844,302.8,212598.908,111.61128,213013.3193,-1500,2,-195,-5,0,-200,50,-20,-49,-1,0,-50,0,1,-2,-28,0,-30,25,-50,-1,-9,0,-10,0,1,2,8,0,10,10,30,1,1,0,2,-75,2,-40,0,0,-40,200,-50,0,0,-50,25,1,30,10,-50,-10,200,5,30,20,5,-50,-25
0682552b-0133-4003-ad6b-6feb1b10f534,Residential,R613_1_1,2,400,200,200,400,0,19.2,513.94452,23.52504,556.66956,0,280844,302.8,212598.908,111.61128,213013.3193,-1500,2,-195,-5,0,-200,50,-20,-49,-1,0,-50,0,1,-2,-28,0,-30,25,-50,-1,-9,0,-10,0,1,2,8,0,10,10,30,1,1,0,2,-75,2,-40,0,0,-40,200,-50,0,0,-50,25,1,30,10,-50,-10,200,5,30,20,5,-50,-25
4d52a859-b116-44f9-a7fd-8524735eb7d3,Residential,R1078_1_1,2,400,200,200,400,0,19.2,513.94452,23.52504,556.66956,0,280844,302.8,212598.908,111.61128,213013.3193,-1500,2,-195,-5,0,-200,50,-20,-49,-1,0,-50,0,1,-2,-28,0,-30,25,-50,-1,-9,0,-10,0,1,2,8,0,10,10,30,1,1,0,2,-75,2,-40,0,0,-40,200,-50,0,0,-50,25,1,30,10,-50,-10,200,5,30,20,5,-50,-25
dd9c80e3-2491-4171-a793-1d9529295be5,Residential,R1491_1_1,2,400,200,200,400,0,19.2,513.94452,23.52504,556.66956,0,280844,302.8,212598.908,111.61128,213013.3193,-1500,2,-195,-5,0,-200,50,-20,-49,-1,0,-50,0,1,-2,-28,0,-30,25,-50,-1,-9,0,-10,0,1,2,8,0,10,10,30,1,1,0,2,-75,2,-40,0,0,-40,200,-50,0,0,-50,25,1,30,10,-50,-10,200,5,30,20,5,-50,-25
0aef1abc-3125-4980-a5ad-fb1c8969d3df,Residential,R1023_1_1,2,400,200,200,400,0,19.2,513.94452,23.52504,556.66956,0,280844,302.8,212598.908,111.61128,213013.3193,-1500,2,-195,-5,0,-200,50,-20,-49,-1,0,-50,0,1,-2,-28,0,-30,25,-50,-1,-9,0,-10,0,1,2,8,0,10,10,30,1,1,0,2,-75,2,-40,0,0,-40,200,-50,0,0,-50,25,1,30,10,-50,-10,200,5,30,20,5,-50,-25
8d928da8-f4b5-4b13-a8d3-7b1aec277fe6,Residential,R1546_1_1,2,400,200,200,400,0,19.2,513.94452,23.52504,556.66956,0,280844,302.8,212598.908,111.61128,213013.3193,-1500,2,-195,-5,0,-200,50,-20,-49,-1,0,-50,0,1,-2,-28,0,-30,25,-50,-1,-9,0,-10,0,1,2,8,0,10,10,30,1,1,0,2,-75,2,-40,0,0,-40,200,-50,0,0,-50,25,1,30,10,-50,-10,200,5,30,20,5,-50,-25
9418e62e-1b74-4312-9ffd-817d23e5f062,Residential,R1194_1_1,2,400,200,200,400,0,19.2,513.94452,23.52504,556.66956,0,280844,302.8,212598.908,111.61128,213013.3193,-1500,2,-195,-5,0,-200,50,-20,-49,-1,0,-50,0,1,-2,-28,0,-30,25,-50,-1,-9,0,-10,0,1,2,8,0,10,10,30,1,1,0,2,-75,2,-40,0,0,-40,200,-50,0,0,-50,25,1,30,10,-50,-10,200,5,30,20,5,-50,-25
b569190e-3f4f-4514-8e58-fbb6332be413,Residential,R420_1_1,2,400,200,200,400,0,19.2,513.94452,23.52504,556.66956,0,280844,302.8,212598.908,111.61128,213013.3193,-1500,2,-195,-5,0,-200,50,-20,-49,-1,0,-50,0,1,-2,-28,0,-30,25,-50,-1,-9,0,-10,0,1,2,8,0,10,10,30,1,1,0,2,-75,2,-40,0,0,-40,200,-50,0,0,-50,25,1,30,10,-50,-10,200,5,30,20,5,-50,-25
a2e0dcb4-ee65-4dbb-b984-9d25868acadd,Residential,R1601_1_1,2,400,200,200,400,0,19.2,513.94452,23.52504,556.66956,0,280844,302.8,212598.908,111.61128,213013.3193,-1500,2,-195,-5,0,-200,50,-20,-49,-1,0,-50,0,1,-2,-28,0,-30,25,-50,-1,-9,0,-10,0,1,2,8,0,10,10,30,1,1,0,2,-75,2,-40,0,0,-40,200,-50,0,0,-50,25,1,30,10,-50,-10,200,5,30,20,5,-50,-25
c650a04c-b2e5-43f6-9e12-39e62b37df32,Residential,R592_1_1,2,400,200,200,400,0,19.2,513.94452,23.52504,556.66956,0,280844,302.8,212598.908,111.61128,213013.3193,-1500,2,-195,-5,0,-200,50,-20,-49,-1,0,-50,0,1,-2,-28,0,-30,25,-50,-1,-9,0,-10,0,1,2,8,0,10,10,30,1,1,0,2,-75,2,-40,0,0,-40,200,-50,0,0,-50,25,1,30,10,-50,-10,200,5,30,20,5,-50,-25
4b851fae-eb69-4ae5-a430-01912851f5dd,Residential,R841_1_1,2,400,200,200,400,0,19.2,513.94452,23.52504,556.66956,0,280844,302.8,212598.908,111.61128,213013.3193,-1500,2,-195,-5,0,-200,50,-20,-49,-1,0,-50,0,1,-2,-28,0,-30,25,-50,-1,-9,0,-10,0,1,2,8,0,10,10,30,1,1,0,2,-75,2,-40,0,0,-40,200,-50,0,0,-50,25,1,30,10,-50,-10,200,5,30,20,5,-50,-25
311d6a4d-bb33-49b7-b522-70e9e9a298df,Residential,R1568_1_1,2,400,200,200,400,0,19.2,513.94452,23.52504,556.66956,0,280844,302.8,212598.908,111.61128,213013.3193,-1500,2,-195,-5,0,-200,50,-20,-49,-1,0,-50,0,1,-2,-28,0,-30,25,-50,-1,-9,0,-10,0,1,2,8,0,10,10,30,1,1,0,2,-75,2,-40,0,0,-40,200,-50,0,0,-50,25,1,30,10,-50,-10,200,5,30,20,5,-50,-25
6ff2d381-cf0f-4acf-bc2d-ab00916d2984,Residential,R1183_1_1,2,400,200,200,400,0,19.2,513.94452,23.52504,556.66956,0,280844,302.8,212598.908,111.61128,213013.3193,-1500,2,-195,-5,0,-200,50,-20,-49,-1,0,-50,0,1,-2,-28,0,-30,25,-50,-1,-9,0,-10,0,1,2,8,0,10,10,30,1,1,0,2,-75,2,-40,0,0,-40,200,-50,0,0,-50,25,1,30,10,-50,-10,200,5,30,20,5,-50,-25
6497f0f7-83bc-4d4c-ab0a-32e16eea6cc6,Residential,R1764_1_1,2,400,200,200,400,0,19.2,513.94452,23.52504,556.66956,0,280844,302.8,212598.908,111.61128,213013.3193,-1500,2,-195,-5,0,-200,50,-20,-49,-1,0,-50,0,1,-2,-28,0,-30,25,-50,-1,-9,0,-10,0,1,2,8,0,10,10,30,1,1,0,2,-75,2,-40,0,0,-40,200,-50,0,0,-50,25,1,30,10,-50,-10,200,5,30,20,5,-50,-25
6ffd3a1f-f461-4515-9848-d58d3a84622b,Residential,R947_1_1,2,400,200,200,400,0,19.2,513.94452,23.52504,556.66956,0,280844,302.8,212598.908,111.61128,213013.3193,-1500,2,-195,-5,0,-200,50,-20,-49,-1,0,-50,0,1,-2,-28,0,-30,25,-50,-1,-9,0,-10,0,1,2,8,0,10,10,30,1,1,0,2,-75,2,-40,0,0,-40,200,-50,0,0,-50,25,1,30,10,-50,-10,200,5,30,20,5,-50,-25
c547b5ea-7a8a-43da-92c5-d7d93c65f4c6,Residential,R928_1_1,2,400,200,200,400,0,19.2,513.94452,23.52504,556.66956,0,280844,302.8,212598.908,111.61128,213013.3193,-1500,2,-195,-5,0,-200,50,-20,-49,-1,0,-50,0,1,-2,-28,0,-30,25,-50,-1,-9,0,-10,0,1,2,8,0,10,10,30,1,1,0,2,-75,2,-40,0,0,-40,200,-50,0,0,-50,25,1,30,10,-50,-10,200,5,30,20,5,-50,-25
e7241996-4822-44da-ba88-67c181cbba42,Residential,R1630_1_1,2,400,200,200,400,0,19.2,513.94452,23.52504,556.66956,0,280844,302.8,212598.908,111.61128,213013.3193,-1500,2,-195,-5,0,-200,50,-20,-49,-1,0,-50,0,1,-2,-28,0,-30,25,-50,-1,-9,0,-10,0,1,2,8,0,10,10,30,1,1,0,2,-75,2,-40,0,0,-40,200,-50,0,0,-50,25,1,30,10,-50,-10,200,5,30,20,5,-50,-25
700778b3-211a-4ed2-94a6-8bd7a8cc0326,Residential,R780_1_1,2,400,200,200,400,0,19.2,513.94452,23.52504,556.66956,0,280844,302.8,212598.908,111.61128,213013.3193,-1500,2,-195,-5,0,-200,50,-20,-49,-1,0,-50,0,1,-2,-28,0,-30,25,-50,-1,-9,0,-10,0,1,2,8,0,10,10,30,1,1,0,2,-75,2,-40,0,0,-40,200,-50,0,0,-50,25,1,30,10,-50,-10,200,5,30,20,5,-50,-25
43e72393-64cf-4439-9871-df604dcd70f4,Residential,R2044_1_1,2,400,200,200,400,0,19.2,513.94452,23.52504,556.66956,0,280844,302.8,212598.908,111.61128,213013.3193,-1500,2,-195,-5,0,-200,50,-20,-49,-1,0,-50,0,1,-2,-28,0,-30,25,-50,-1,-9,0,-10,0,1,2,8,0,10,10,30,1,1,0,2,-75,2,-40,0,0,-40,200,-50,0,0,-50,25,1,30,10,-50,-10,200,5,30,20,5,-50,-25
f7f96b1a-cd48-4a67-9131-318ded91f9e7,Residential,R75_1_1,2,400,200,200,400,0,19.2,513.94452,23.52504,556.66956,0,280844,302.8,212598.908,111.61128,213013.3193,-1500,2,-195,-5,0,-200,50,-20,-49,-1,0,-50,0,1,-2,-28,0,-30,25,-50,-1,-9,0,-10,0,1,2,8,0,10,10,30,1,1,0,2,-75,2,-40,0,0,-40,200,-50,0,0,-50,25,1,30,10,-50,-10,200,5,30,20,5,-50,-25
0db1b2c8-f982-44d2-bcc5-b9c90e151318,Residential,R875_1_1,2,400,200,200,400,0,19.2,513.94452,23.52504,556.66956,0,280844,302.8,212598.908,111.61128,213013.3193,-1500,2,-195,-5,0,-200,50,-20,-49,-1,0,-50,0,1,-2,-28,0,-30,25,-50,-1,-9,0,-10,0,1,2,8,0,10,10,30,1,1,0,2,-75,2,-40,0,0,-40,200,-50,0,0,-50,25,1,30,10,-50,-10,200,5,30,20,5,-50,-25
af55250d-c507-43e5-93ca-0a2a4bee2e4c,Residential,R776_1_1,2,400,200,200,400,0,19.2,513.94452,23.52504,556.66956,0,280844,302.8,212598.908,111.61128,213013.3193,-1500,2,-195,-5,0,-200,50,-20,-49,-1,0,-50,0,1,-2,-28,0,-30,25,-50,-1,-9,0,-10,0,1,2,8,0,10,10,30,1,1,0,2,-75,2,-40,0,0,-40,200,-50,0,0,-50,25,1,30,10,-50,-10,200,5,30,20,5,-50,-25
83bbe158-eef2-406f-82e7-2a419fd55783,Residential,R726_1_1,2,400,200,200,400,0,19.2,513.94452,23.52504,556.66956,0,280844,302.8,212598.908,111.61128,213013.3193,-1500,2,-195,-5,0,-200,50,-20,-49,-1,0,-50,0,1,-2,-28,0,-30,25,-50,-1,-9,0,-10,0,1,2,8,0,10,10,30,1,1,0,2,-75,2,-40,0,0,-40,200,-50,0,0,-50,25,1,30,10,-50,-10,200,5,30,20,5,-50,-25
556348f7-4eac-4de5-8e55-43bc0f678d49,Residential,R2045_1_1,2,400,200,200,400,0,19.2,513.94452,23.52504,556.66956,0,280844,302.8,212598.908,111.61128,213013.3193,-1500,2,-195,-5,0,-200,50,-20,-49,-1,0,-50,0,1,-2,-28,0,-30,25,-50,-1,-9,0,-10,0,1,2,8,0,10,10,30,1,1,0,2,-75,2,-40,0,0,-40,200,-50,0,0,-50,25,1,30,10,-50,-10,200,5,30,20,5,-50,-25
7b0fa50b-6e8e-460a-aa04-c09747a59fc1,Residential,R2069_1_1,2,400,200,200,400,0,19.2,513.94452,23.52504,556.66956,0,280844,302.8,212598.908,111.61128,213013.3193,-1500,2,-195,-5,0,-200,50,-20,-49,-1,0,-50,0,1,-2,-28,0,-30,25,-50,-1,-9,0,-10,0,1,2,8,0,10,10,30,1,1,0,2,-75,2,-40,0,0,-40,200,-50,0,0,-50,25,1,30,10,-50,-10,200,5,30,20,5,-50,-25
3ecd33cf-d6df-4ee4-8469-a4c21d7c26d0,Residential,R586_1_1,2,400,200,200,400,0,19.2,513.94452,23.52504,556.66956,0,280844,302.8,212598.908,111.61128,213013.3193,-1500,2,-195,-5,0,-200,50,-20,-49,-1,0,-50,0,1,-2,-28,0,-30,25,-50,-1,-9,0,-10,0,1,2,8,0,10,10,30,1,1,0,2,-75,2,-40,0,0,-40,200,-50,0,0,-50,25,1,30,10,-50,-10,200,5,30,20,5,-50,-25
da806f88-6dca-44ba-9560-d02b9c7a7202,Residential,R1974_1_1,2,400,200,200,400,0,19.2,513.94452,23.52504,556.66956,0,280844,302.8,212598.908,111.61128,213013.3193,-1500,2,-195,-5,0,-200,50,-20,-49,-1,0,-50,0,1,-2,-28,0,-30,25,-50,-1,-9,0,-10,0,1,2,8,0,10,10,30,1,1,0,2,-75,2,-40,0,0,-40,200,-50,0,0,-50,25,1,30,10,-50,-10,200,5,30,20,5,-50,-25
48daefdc-dc1c-48cd-952b-a6bd8669b239,Residential,R438_1_1,2,400,200,200,400,0,19.2,513.94452,23.52504,556.66956,0,280844,302.8,212598.908,111.61128,213013.3193,-1500,2,-195,-5,0,-200,50,-20,-49,-1,0,-50,0,1,-2,-28,0,-30,25,-50,-1,-9,0,-10,0,1,2,8,0,10,10,30,1,1,0,2,-75,2,-40,0,0,-40,200,-50,0,0,-50,25,1,30,10,-50,-10,200,5,30,20,5,-50,-25
a1299d87-84b3-4e85-8271-fb102b7daf41,Residential,R1243_1_1,2,400,200,200,400,0,19.2,513.94452,23.52504,556.66956,0,280844,302.8,212598.908,111.61128,213013.3193,-1500,2,-195,-5,0,-200,50,-20,-49,-1,0,-50,0,1,-2,-28,0,-30,25,-50,-1,-9,0,-10,0,1,2,8,0,10,10,30,1,1,0,2,-75,2,-40,0,0,-40,200,-50,0,0,-50,25,1,30,10,-50,-10,200,5,30,20,5,-50,-25
914700fb-8020-4fdf-aa40-29c24331b4c1,Residential,R505_1_1,2,400,200,200,400,0,19.2,513.94452,23.52504,556.66956,0,280844,302.8,212598.908,111.61128,213013.3193,-1500,2,-195,-5,0,-200,50,-20,-49,-1,0,-50,0,1,-2,-28,0,-30,25,-50,-1,-9,0,-10,0,1,2,8,0,10,10,30,1,1,0,2,-75,2,-40,0,0,-40,200,-50,0,0,-50,25,1,30,10,-50,-10,200,5,30,20,5,-50,-25
1ef536a6-fb03-49f7-9125-67dc983da4d4,Residential,R647_1_1,2,400,200,200,400,0,19.2,513.94452,23.52504,556.66956,0,280844,302.8,212598.908,111.61128,213013.3193,-1500,2,-195,-5,0,-200,50,-20,-49,-1,0,-50,0,1,-2,-28,0,-30,25,-50,-1,-9,0,-10,0,1,2,8,0,10,10,30,1,1,0,2,-75,2,-40,0,0,-40,200,-50,0,0,-50,25,1,30,10,-50,-10,200,5,30,20,5,-50,-25
93d50e97-d098-4a2a-88b8-acb3e34c892d,Residential,R150_1_1,2,400,200,200,400,0,19.2,513.94452,23.52504,556.66956,0,280844,302.8,212598.908,111.61128,213013.3193,-1500,2,-195,-5,0,-200,50,-20,-49,-1,0,-50,0,1,-2,-28,0,-30,25,-50,-1,-9,0,-10,0,1,2,8,0,10,10,30,1,1,0,2,-75,2,-40,0,0,-40,200,-50,0,0,-50,25,1,30,10,-50,-10,200,5,30,20,5,-50,-25
0e3fbaed-c447-4dda-98ef-0f0f1d5964b6,Residential,R1718_1_1,2,400,200,200,400,0,19.2,513.94452,23.52504,556.66956,0,280844,302.8,212598.908,111.61128,213013.3193,-1500,2,-195,-5,0,-200,50,-20,-49,-1,0,-50,0,1,-2,-28,0,-30,25,-50,-1,-9,0,-10,0,1,2,8,0,10,10,30,1,1,0,2,-75,2,-40,0,0,-40,200,-50,0,0,-50,25,1,30,10,-50,-10,200,5,30,20,5,-50,-25
62ac0fd6-4e1b-4662-8f27-444f6c840d11,Residential,R1206_1_1,2,400,200,200,400,0,19.2,513.94452,23.52504,556.66956,0,280844,302.8,212598.908,111.61128,213013.3193,-1500,2,-195,-5,0,-200,50,-20,-49,-1,0,-50,0,1,-2,-28,0,-30,25,-50,-1,-9,0,-10,0,1,2,8,0,10,10,30,1,1,0,2,-75,2,-40,0,0,-40,200,-50,0,0,-50,25,1,30,10,-50,-10,200,5,30,20,5,-50,-25
a4422c36-3558-4c69-9ca6-a22f7f29daf8,Residential,R277_1_1,2,400,200,200,400,0,19.2,513.94452,23.52504,556.66956,0,280844,302.8,212598.908,111.61128,213013.3193,-1500,2,-195,-5,0,-200,50,-20,-49,-1,0,-50,0,1,-2,-28,0,-30,25,-50,-1,-9,0,-10,0,1,2,8,0,10,10,30,1,1,0,2,-75,2,-40,0,0,-40,200,-50,0,0,-50,25,1,30,10,-50,-10,200,5,30,20,5,-50,-25
7f0d8370-5d79-4faa-9ecf-d0d541693288,Residential,R23_1_1,2,400,200,200,400,0,19.2,513.94452,23.52504,556.66956,0,280844,302.8,212598.908,111.61128,213013.3193,-1500,2,-195,-5,0,-200,50,-20,-49,-1,0,-50,0,1,-2,-28,0,-30,25,-50,-1,-9,0,-10,0,1,2,8,0,10,10,30,1,1,0,2,-75,2,-40,0,0,-40,200,-50,0,0,-50,25,1,30,10,-50,-10,200,5,30,20,5,-50,-25
82d9d478-5670-43d0-b58d-0d354831ebef,Residential,R725_1_1,2,400,200,200,400,0,19.2,513.94452,23.52504,556.66956,0,280844,302.8,212598.908,111.61128,213013.3193,-1500,2,-195,-5,0,-200,50,-20,-49,-1,0,-50,0,1,-2,-28,0,-30,25,-50,-1,-9,0,-10,0,1,2,8,0,10,10,30,1,1,0,2,-75,2,-40,0,0,-40,200,-50,0,0,-50,25,1,30,10,-50,-10,200,5,30,20,5,-50,-25
427457a6-6bc3-4d67-b85b-02db58a4c3b0,Residential,R124_1_1,2,400,200,200,400,0,19.2,513.94452,23.52504,556.66956,0,280844,302.8,212598.908,111.61128,213013.3193,-1500,2,-195,-5,0,-200,50,-20,-49,-1,0,-50,0,1,-2,-28,0,-30,25,-50,-1,-9,0,-10,0,1,2,8,0,10,10,30,1,1,0,2,-75,2,-40,0,0,-40,200,-50,0,0,-50,25,1,30,10,-50,-10,200,5,30,20,5,-50,-25
5190bcf5-3f4c-4381-9332-68ead75e76c5,Residential,R54_1_1,2,400,200,200,400,0,19.2,513.94452,23.52504,556.66956,0,280844,302.8,212598.908,111.61128,213013.3193,-1500,2,-195,-5,0,-200,50,-20,-49,-1,0,-50,0,1,-2,-28,0,-30,25,-50,-1,-9,0,-10,0,1,2,8,0,10,10,30,1,1,0,2,-75,2,-40,0,0,-40,200,-50,0,0,-50,25,1,30,10,-50,-10,200,5,30,20,5,-50,-25
564a8a8c-d3e8-46ec-b3e6-3c7c120be294,Residential,R288_1_1,2,400,200,200,400,0,19.2,513.94452,23.52504,556.66956,0,280844,302.8,212598.908,111.61128,213013.3193,-1500,2,-195,-5,0,-200,50,-20,-49,-1,0,-50,0,1,-2,-28,0,-30,25,-50,-1,-9,0,-10,0,1,2,8,0,10,10,30,1,1,0,2,-75,2,-40,0,0,-40,200,-50,0,0,-50,25,1,30,10,-50,-10,200,5,30,20,5,-50,-25
ec338488-020c-4450-92a0-978bbf636b16,Residential,R1745_1_1,2,400,200,200,400,0,19.2,513.94452,23.52504,556.66956,0,280844,302.8,212598.908,111.61128,213013.3193,-1500,2,-195,-5,0,-200,50,-20,-49,-1,0,-50,0,1,-2,-28,0,-30,25,-50,-1,-9,0,-10,0,1,2,8,0,10,10,30,1,1,0,2,-75,2,-40,0,0,-40,200,-50,0,0,-50,25,1,30,10,-50,-10,200,5,30,20,5,-50,-25
f2f4575c-6096-4a8f-ad0e-8d05ba212d9f,Residential,R441_1_1,2,400,200,200,400,0,19.2,513.94452,23.52504,556.66956,0,280844,302.8,212598.908,111.61128,213013.3193,-1500,2,-195,-5,0,-200,50,-20,-49,-1,0,-50,0,1,-2,-28,0,-30,25,-50,-1,-9,0,-10,0,1,2,8,0,10,10,30,1,1,0,2,-75,2,-40,0,0,-40,200,-50,0,0,-50,25,1,30,10,-50,-10,200,5,30,20,5,-50,-25
379b7ddf-1443-48f9-8993-954ff6a3e0ca,Residential,R543_1_1,2,400,200,200,400,0,19.2,513.94452,23.52504,556.66956,0,280844,302.8,212598.908,111.61128,213013.3193,-1500,2,-195,-5,0,-200,50,-20,-49,-1,0,-50,0,1,-2,-28,0,-30,25,-50,-1,-9,0,-10,0,1,2,8,0,10,10,30,1,1,0,2,-75,2,-40,0,0,-40,200,-50,0,0,-50,25,1,30,10,-50,-10,200,5,30,20,5,-50,-25
18222d8c-9124-451f-81c1-5e7601daedcd,Residential,R178_1_1,2,400,200,200,400,0,19.2,513.94452,23.52504,556.66956,0,280844,302.8,212598.908,111.61128,213013.3193,-1500,2,-195,-5,0,-200,50,-20,-49,-1,0,-50,0,1,-2,-28,0,-30,25,-50,-1,-9,0,-10,0,1,2,8,0,10,10,30,1,1,0,2,-75,2,-40,0,0,-40,200,-50,0,0,-50,25,1,30,10,-50,-10,200,5,30,20,5,-50,-25
cb4df38b-44a1-4f5e-9c25-26f70627b4be,Residential,R253_1_1,2,400,200,200,400,0,19.2,513.94452,23.52504,556.66956,0,280844,302.8,212598.908,111.61128,213013.3193,-1500,2,-195,-5,0,-200,50,-20,-49,-1,0,-50,0,1,-2,-28,0,-30,25,-50,-1,-9,0,-10,0,1,2,8,0,10,10,30,1,1,0,2,-75,2,-40,0,0,-40,200,-50,0,0,-50,25,1,30,10,-50,-10,200,5,30,20,5,-50,-25
787cdbda-8dfa-4487-995b-013d9fb63f1a,Residential,R1039_1_1,2,400,200,200,400,0,19.2,513.94452,23.52504,556.66956,0,280844,302.8,212598.908,111.61128,213013.3193,-1500,2,-195,-5,0,-200,50,-20,-49,-1,0,-50,0,1,-2,-28,0,-30,25,-50,-1,-9,0,-10,0,1,2,8,0,10,10,30,1,1,0,2,-75,2,-40,0,0,-40,200,-50,0,0,-50,25,1,30,10,-50,-10,200,5,30,20,5,-50,-25
a13e49d1-b0f5-467d-b1e9-dea64f62d732,Residential,R1038_1_1,2,400,200,200,400,0,19.2,513.94452,23.52504,556.66956,0,280844,302.8,212598.908,111.61128,213013.3193,-1500,2,-195,-5,0,-200,50,-20,-49,-1,0,-50,0,1,-2,-28,0,-30,25,-50,-1,-9,0,-10,0,1,2,8,0,10,10,30,1,1,0,2,-75,2,-40,0,0,-40,200,-50,0,0,-50,25,1,30,10,-50,-10,200,5,30,20,5,-50,-25
6051dfc7-6e96-4303-b248-2344a45c8abc,Residential,R118_1_1,2,400,200,200,400,0,19.2,513.94452,23.52504,556.66956,0,280844,302.8,212598.908,111.61128,213013.3193,-1500,2,-195,-5,0,-200,50,-20,-49,-1,0,-50,0,1,-2,-28,0,-30,25,-50,-1,-9,0,-10,0,1,2,8,0,10,10,30,1,1,0,2,-75,2,-40,0,0,-40,200,-50,0,0,-50,25,1,30,10,-50,-10,200,5,30,20,5,-50,-25
7ce7cbb5-c241-435d-b601-c2f2a606f59e,Residential,R1100_1_1,2,400,200,200,400,0,19.2,513.94452,23.52504,556.66956,0,280844,302.8,212598.908,111.61128,213013.3193,-1500,2,-195,-5,0,-200,50,-20,-49,-1,0,-50,0,1,-2,-28,0,-30,25,-50,-1,-9,0,-10,0,1,2,8,0,10,10,30,1,1,0,2,-75,2,-40,0,0,-40,200,-50,0,0,-50,25,1,30,10,-50,-10,200,5,30,20,5,-50,-25
9d683bd3-f265-4ab9-9b2e-289a050cff74,Residential,R477_1_1,2,400,200,200,400,0,19.2,513.94452,23.52504,556.66956,0,280844,302.8,212598.908,111.61128,213013.3193,-1500,2,-195,-5,0,-200,50,-20,-49,-1,0,-50,0,1,-2,-28,0,-30,25,-50,-1,-9,0,-10,0,1,2,8,0,10,10,30,1,1,0,2,-75,2,-40,0,0,-40,200,-50,0,0,-50,25,1,30,10,-50,-10,200,5,30,20,5,-50,-25
7498d64a-04ef-4421-9602-92cae81a0c35,Residential,R850_1_1,2,400,200,200,400,0,19.2,513.94452,23.52504,556.66956,0,280844,302.8,212598.908,111.61128,213013.3193,-1500,2,-195,-5,0,-200,50,-20,-49,-1,0,-50,0,1,-2,-28,0,-30,25,-50,-1,-9,0,-10,0,1,2,8,0,10,10,30,1,1,0,2,-75,2,-40,0,0,-40,200,-50,0,0,-50,25,1,30,10,-50,-10,200,5,30,20,5,-50,-25
4836a2e8-3881-495c-9afb-6fb911af701b,Residential,R1195_1_1,2,400,200,200,400,0,19.2,513.94452,23.52504,556.66956,0,280844,302.8,212598.908,111.61128,213013.3193,-1500,2,-195,-5,0,-200,50,-20,-49,-1,0,-50,0,1,-2,-28,0,-30,25,-50,-1,-9,0,-10,0,1,2,8,0,10,10,30,1,1,0,2,-75,2,-40,0,0,-40,200,-50,0,0,-50,25,1,30,10,-50,-10,200,5,30,20,5,-50,-25
3398ae13-b8ca-479e-9df8-e3efbaec2612,Residential,R1591_1_1,2,400,200,200,400,0,19.2,513.94452,23.52504,556.66956,0,280844,302.8,212598.908,111.61128,213013.3193,-1500,2,-195,-5,0,-200,50,-20,-49,-1,0,-50,0,1,-2,-28,0,-30,25,-50,-1,-9,0,-10,0,1,2,8,0,10,10,30,1,1,0,2,-75,2,-40,0,0,-40,200,-50,0,0,-50,25,1,30,10,-50,-10,200,5,30,20,5,-50,-25
4a729409-21c6-4dbe-8271-77a028f1ce93,Residential,R1690_1_1,2,400,200,200,400,0,19.2,513.94452,23.52504,556.66956,0,280844,302.8,212598.908,111.61128,213013.3193,-1500,2,-195,-5,0,-200,50,-20,-49,-1,0,-50,0,1,-2,-28,0,-30,25,-50,-1,-9,0,-10,0,1,2,8,0,10,10,30,1,1,0,2,-75,2,-40,0,0,-40,200,-50,0,0,-50,25,1,30,10,-50,-10,200,5,30,20,5,-50,-25
f382416f-b19c-4037-b4d9-e0e11d249e0d,Residential,R1817_1_1,2,400,200,200,400,0,19.2,513.94452,23.52504,556.66956,0,280844,302.8,212598.908,111.61128,213013.3193,-1500,2,-195,-5,0,-200,50,-20,-49,-1,0,-50,0,1,-2,-28,0,-30,25,-50,-1,-9,0,-10,0,1,2,8,0,10,10,30,1,1,0,2,-75,2,-40,0,0,-40,200,-50,0,0,-50,25,1,30,10,-50,-10,200,5,30,20,5,-50,-25
48f98b24-9336-4b2a-8192-f66a87869a6f,Residential,R920_1_1,2,400,200,200,400,0,19.2,513.94452,23.52504,556.66956,0,280844,302.8,212598.908,111.61128,213013.3193,-1500,2,-195,-5,0,-200,50,-20,-49,-1,0,-50,0,1,-2,-28,0,-30,25,-50,-1,-9,0,-10,0,1,2,8,0,10,10,30,1,1,0,2,-75,2,-40,0,0,-40,200,-50,0,0,-50,25,1,30,10,-50,-10,200,5,30,20,5,-50,-25
d8745608-b1a6-494c-8417-472d01b56715,Residential,R1266_1_1,2,400,200,200,400,0,19.2,513.94452,23.52504,556.66956,0,280844,302.8,212598.908,111.61128,213013.3193,-1500,2,-195,-5,0,-200,50,-20,-49,-1,0,-50,0,1,-2,-28,0,-30,25,-50,-1,-9,0,-10,0,1,2,8,0,10,10,30,1,1,0,2,-75,2,-40,0,0,-40,200,-50,0,0,-50,25,1,30,10,-50,-10,200,5,30,20,5,-50,-25
9dab25c0-1347-4967-b6f8-e6938e4f839b,Residential,R764_1_1,2,400,200,200,400,0,19.2,513.94452,23.52504,556.66956,0,280844,302.8,212598.908,111.61128,213013.3193,-1500,2,-195,-5,0,-200,50,-20,-49,-1,0,-50,0,1,-2,-28,0,-30,25,-50,-1,-9,0,-10,0,1,2,8,0,10,10,30,1,1,0,2,-75,2,-40,0,0,-40,200,-50,0,0,-50,25,1,30,10,-50,-10,200,5,30,20,5,-50,-25
e21b1021-657b-4904-85db-10c55667145c,Residential,R990_1_1,2,400,200,200,400,0,19.2,513.94452,23.52504,556.66956,0,280844,302.8,212598.908,111.61128,213013.3193,-1500,2,-195,-5,0,-200,50,-20,-49,-1,0,-50,0,1,-2,-28,0,-30,25,-50,-1,-9,0,-10,0,1,2,8,0,10,10,30,1,1,0,2,-75,2,-40,0,0,-40,200,-50,0,0,-50,25,1,30,10,-50,-10,200,5,30,20,5,-50,-25
eed18554-2f12-4330-b4ad-cc1cb0ce6162,Residential,R1892_1_1,2,400,200,200,400,0,19.2,513.94452,23.52504,556.66956,0,280844,302.8,212598.908,111.61128,213013.3193,-1500,2,-195,-5,0,-200,50,-20,-49,-1,0,-50,0,1,-2,-28,0,-30,25,-50,-1,-9,0,-10,0,1,2,8,0,10,10,30,1,1,0,2,-75,2,-40,0,0,-40,200,-50,0,0,-50,25,1,30,10,-50,-10,200,5,30,20,5,-50,-25
21a43a2c-0f63-4e18-a9ab-a6c208024e16,Residential,R1330_1_1,2,400,200,200,400,0,19.2,513.94452,23.52504,556.66956,0,280844,302.8,212598.908,111.61128,213013.3193,-1500,2,-195,-5,0,-200,50,-20,-49,-1,0,-50,0,1,-2,-28,0,-30,25,-50,-1,-9,0,-10,0,1,2,8,0,10,10,30,1,1,0,2,-75,2,-40,0,0,-40,200,-50,0,0,-50,25,1,30,10,-50,-10,200,5,30,20,5,-50,-25
f0a6ad19-ffe4-4f38-a4d7-a99443a9a774,Residential,R2073_1_1,2,400,200,200,400,0,19.2,513.94452,23.52504,556.66956,0,280844,302.8,212598.908,111.61128,213013.3193,-1500,2,-195,-5,0,-200,50,-20,-49,-1,0,-50,0,1,-2,-28,0,-30,25,-50,-1,-9,0,-10,0,1,2,8,0,10,10,30,1,1,0,2,-75,2,-40,0,0,-40,200,-50,0,0,-50,25,1,30,10,-50,-10,200,5,30,20,5,-50,-25
37a31cd7-8df3-4ed6-93a9-2aec070b3ad7,Residential,R1626_1_1,2,400,200,200,400,0,19.2,513.94452,23.52504,556.66956,0,280844,302.8,212598.908,111.61128,213013.3193,-1500,2,-195,-5,0,-200,50,-20,-49,-1,0,-50,0,1,-2,-28,0,-30,25,-50,-1,-9,0,-10,0,1,2,8,0,10,10,30,1,1,0,2,-75,2,-40,0,0,-40,200,-50,0,0,-50,25,1,30,10,-50,-10,200,5,30,20,5,-50,-25
87754d22-a432-4650-bb74-fdbf460899a4,Residential,R332_1_1,2,400,200,200,400,0,19.2,513.94452,23.52504,556.66956,0,280844,302.8,212598.908,111.61128,213013.3193,-1500,2,-195,-5,0,-200,50,-20,-49,-1,0,-50,0,1,-2,-28,0,-30,25,-50,-1,-9,0,-10,0,1,2,8,0,10,10,30,1,1,0,2,-75,2,-40,0,0,-40,200,-50,0,0,-50,25,1,30,10,-50,-10,200,5,30,20,5,-50,-25
9b32a22c-b943-4e9f-95bf-edec2440d843,Residential,R335_1_1,2,400,200,200,400,0,19.2,513.94452,23.52504,556.66956,0,280844,302.8,212598.908,111.61128,213013.3193,-1500,2,-195,-5,0,-200,50,-20,-49,-1,0,-50,0,1,-2,-28,0,-30,25,-50,-1,-9,0,-10,0,1,2,8,0,10,10,30,1,1,0,2,-75,2,-40,0,0,-40,200,-50,0,0,-50,25,1,30,10,-50,-10,200,5,30,20,5,-50,-25
2036788e-5c5f-4223-a933-cb3d69be3921,Residential,R1325_1_1,2,400,200,200,400,0,19.2,513.94452,23.52504,556.66956,0,280844,302.8,212598.908,111.61128,213013.3193,-1500,2,-195,-5,0,-200,50,-20,-49,-1,0,-50,0,1,-2,-28,0,-30,25,-50,-1,-9,0,-10,0,1,2,8,0,10,10,30,1,1,0,2,-75,2,-40,0,0,-40,200,-50,0,0,-50,25,1,30,10,-50,-10,200,5,30,20,5,-50,-25
fe3d3ef8-e2c7-4cd8-9a49-e09afa500e78,Residential,R1585_1_1,2,400,200,200,400,0,19.2,513.94452,23.52504,556.66956,0,280844,302.8,212598.908,111.61128,213013.3193,-1500,2,-195,-5,0,-200,50,-20,-49,-1,0,-50,0,1,-2,-28,0,-30,25,-50,-1,-9,0,-10,0,1,2,8,0,10,10,30,1,1,0,2,-75,2,-40,0,0,-40,200,-50,0,0,-50,25,1,30,10,-50,-10,200,5,30,20,5,-50,-25
09eba443-7715-4772-b74e-2b9cf49c0910,Residential,R1087_1_1,2,400,200,200,400,0,19.2,513.94452,23.52504,556.66956,0,280844,302.8,212598.908,111.61128,213013.3193,-1500,2,-195,-5,0,-200,50,-20,-49,-1,0,-50,0,1,-2,-28,0,-30,25,-50,-1,-9,0,-10,0,1,2,8,0,10,10,30,1,1,0,2,-75,2,-40,0,0,-40,200,-50,0,0,-50,25,1,30,10,-50,-10,200,5,30,20,5,-50,-25
fb5bf802-9148-4dcd-9b25-a8d5b6436fa0,Residential,R51_1_1,2,400,200,200,400,0,19.2,513.94452,23.52504,556.66956,0,280844,302.8,212598.908,111.61128,213013.3193,-1500,2,-195,-5,0,-200,50,-20,-49,-1,0,-50,0,1,-2,-28,0,-30,25,-50,-1,-9,0,-10,0,1,2,8,0,10,10,30,1,1,0,2,-75,2,-40,0,0,-40,200,-50,0,0,-50,25,1,30,10,-50,-10,200,5,30,20,5,-50,-25
9ecc5cca-1d5f-4049-a46c-f140ddcb85de,Residential,R1721_1_1,2,400,200,200,400,0,19.2,513.94452,23.52504,556.66956,0,280844,302.8,212598.908,111.61128,213013.3193,-1500,2,-195,-5,0,-200,50,-20,-49,-1,0,-50,0,1,-2,-28,0,-30,25,-50,-1,-9,0,-10,0,1,2,8,0,10,10,30,1,1,0,2,-75,2,-40,0,0,-40,200,-50,0,0,-50,25,1,30,10,-50,-10,200,5,30,20,5,-50,-25
a8c76bf0-1979-4f96-95ae-3bf6d779ee16,Residential,R1879_1_1,2,400,200,200,400,0,19.2,513.94452,23.52504,556.66956,0,280844,302.8,212598.908,111.61128,213013.3193,-1500,2,-195,-5,0,-200,50,-20,-49,-1,0,-50,0,1,-2,-28,0,-30,25,-50,-1,-9,0,-10,0,1,2,8,0,10,10,30,1,1,0,2,-75,2,-40,0,0,-40,200,-50,0,0,-50,25,1,30,10,-50,-10,200,5,30,20,5,-50,-25
696a7e8a-1fe5-473e-982e-0060094a89e1,Residential,R584_1_1,2,400,200,200,400,0,19.2,513.94452,23.52504,556.66956,0,280844,302.8,212598.908,111.61128,213013.3193,-1500,2,-195,-5,0,-200,50,-20,-49,-1,0,-50,0,1,-2,-28,0,-30,25,-50,-1,-9,0,-10,0,1,2,8,0,10,10,30,1,1,0,2,-75,2,-40,0,0,-40,200,-50,0,0,-50,25,1,30,10,-50,-10,200,5,30,20,5,-50,-25
38de1729-338c-4c75-8718-cfae7261a683,Residential,R1280_1_1,2,400,200,200,400,0,19.2,513.94452,23.52504,556.66956,0,280844,302.8,212598.908,111.61128,213013.3193,-1500,2,-195,-5,0,-200,50,-20,-49,-1,0,-50,0,1,-2,-28,0,-30,25,-50,-1,-9,0,-10,0,1,2,8,0,10,10,30,1,1,0,2,-75,2,-40,0,0,-40,200,-50,0,0,-50,25,1,30,10,-50,-10,200,5,30,20,5,-50,-25
19357abe-f23e-4839-8868-7723df35bd37,Residential,R111_1_1,2,400,200,200,400,0,19.2,513.94452,23.52504,556.66956,0,280844,302.8,212598.908,111.61128,213013.3193,-1500,2,-195,-5,0,-200,50,-20,-49,-1,0,-50,0,1,-2,-28,0,-30,25,-50,-1,-9,0,-10,0,1,2,8,0,10,10,30,1,1,0,2,-75,2,-40,0,0,-40,200,-50,0,0,-50,25,1,30,10,-50,-10,200,5,30,20,5,-50,-25
e0919a54-81dc-4b07-b9d8-65a1c4fa31ab,Residential,R1368_1_1,2,400,200,200,400,0,19.2,513.94452,23.52504,556.66956,0,280844,302.8,212598.908,111.61128,213013.3193,-1500,2,-195,-5,0,-200,50,-20,-49,-1,0,-50,0,1,-2,-28,0,-30,25,-50,-1,-9,0,-10,0,1,2,8,0,10,10,30,1,1,0,2,-75,2,-40,0,0,-40,200,-50,0,0,-50,25,1,30,10,-50,-10,200,5,30,20,5,-50,-25
f7d05e37-ac11-4311-b9fd-c344ba32b685,Residential,R155_1_1,2,400,200,200,400,0,19.2,513.94452,23.52504,556.66956,0,280844,302.8,212598.908,111.61128,213013.3193,-1500,2,-195,-5,0,-200,50,-20,-49,-1,0,-50,0,1,-2,-28,0,-30,25,-50,-1,-9,0,-10,0,1,2,8,0,10,10,30,1,1,0,2,-75,2,-40,0,0,-40,200,-50,0,0,-50,25,1,30,10,-50,-10,200,5,30,20,5,-50,-25
749897af-ca8d-41af-a942-86245f7c43ef,Residential,R1775_1_1,2,400,200,200,400,0,19.2,513.94452,23.52504,556.66956,0,280844,302.8,212598.908,111.61128,213013.3193,-1500,2,-195,-5,0,-200,50,-20,-49,-1,0,-50,0,1,-2,-28,0,-30,25,-50,-1,-9,0,-10,0,1,2,8,0,10,10,30,1,1,0,2,-75,2,-40,0,0,-40,200,-50,0,0,-50,25,1,30,10,-50,-10,200,5,30,20,5,-50,-25
73e88ec8-4b9a-4a12-ab45-5d9da90eac19,Residential,R173_1_1,2,400,200,200,400,0,19.2,513.94452,23.52504,556.66956,0,280844,302.8,212598.908,111.61128,213013.3193,-1500,2,-195,-5,0,-200,50,-20,-49,-1,0,-50,0,1,-2,-28,0,-30,25,-50,-1,-9,0,-10,0,1,2,8,0,10,10,30,1,1,0,2,-75,2,-40,0,0,-40,200,-50,0,0,-50,25,1,30,10,-50,-10,200,5,30,20,5,-50,-25
006acf1b-e0d3-491a-aac1-82c1e44ee32c,Residential,R199_1_1,2,400,200,200,400,0,19.2,513.94452,23.52504,556.66956,0,280844,302.8,212598.908,111.61128,213013.3193,-1500,2,-195,-5,0,-200,50,-20,-49,-1,0,-50,0,1,-2,-28,0,-30,25,-50,-1,-9,0,-10,0,1,2,8,0,10,10,30,1,1,0,2,-75,2,-40,0,0,-40,200,-50,0,0,-50,25,1,30,10,-50,-10,200,5,30,20,5,-50,-25
f04d7900-eda6-4f46-8009-0a5c0f402cf9,Residential,R417_1_1,2,400,200,200,400,0,19.2,513.94452,23.52504,556.66956,0,280844,302.8,212598.908,111.61128,213013.3193,-1500,2,-195,-5,0,-200,50,-20,-49,-1,0,-50,0,1,-2,-28,0,-30,25,-50,-1,-9,0,-10,0,1,2,8,0,10,10,30,1,1,0,2,-75,2,-40,0,0,-40,200,-50,0,0,-50,25,1,30,10,-50,-10,200,5,30,20,5,-50,-25
f22c5304-5532-4238-a855-0c7ec106e342,Residential,R1521_1_1,2,400,200,200,400,0,19.2,513.94452,23.52504,556.66956,0,280844,302.8,212598.908,111.61128,213013.3193,-1500,2,-195,-5,0,-200,50,-20,-49,-1,0,-50,0,1,-2,-28,0,-30,25,-50,-1,-9,0,-10,0,1,2,8,0,10,10,30,1,1,0,2,-75,2,-40,0,0,-40,200,-50,0,0,-50,25,1,30,10,-50,-10,200,5,30,20,5,-50,-25
bd834a9b-6456-4fad-8dcd-caccd6a502b7,Residential,R2092_1_1,2,400,200,200,400,0,19.2,513.94452,23.52504,556.66956,0,280844,302.8,212598.908,111.61128,213013.3193,-1500,2,-195,-5,0,-200,50,-20,-49,-1,0,-50,0,1,-2,-28,0,-30,25,-50,-1,-9,0,-10,0,1,2,8,0,10,10,30,1,1,0,2,-75,2,-40,0,0,-40,200,-50,0,0,-50,25,1,30,10,-50,-10,200,5,30,20,5,-50,-25
fd9fd098-ee44-4694-b801-bb3589bf6df1,Residential,R1245_1_1,2,400,200,200,400,0,19.2,513.94452,23.52504,556.66956,0,280844,302.8,212598.908,111.61128,213013.3193,-1500,2,-195,-5,0,-200,50,-20,-49,-1,0,-50,0,1,-2,-28,0,-30,25,-50,-1,-9,0,-10,0,1,2,8,0,10,10,30,1,1,0,2,-75,2,-40,0,0,-40,200,-50,0,0,-50,25,1,30,10,-50,-10,200,5,30,20,5,-50,-25
484817ca-d2ca-4589-9a11-2fcb9fe1f9d9,Residential,R1481_1_1,2,400,200,200,400,0,19.2,513.94452,23.52504,556.66956,0,280844,302.8,212598.908,111.61128,213013.3193,-1500,2,-195,-5,0,-200,50,-20,-49,-1,0,-50,0,1,-2,-28,0,-30,25,-50,-1,-9,0,-10,0,1,2,8,0,10,10,30,1,1,0,2,-75,2,-40,0,0,-40,200,-50,0,0,-50,25,1,30,10,-50,-10,200,5,30,20,5,-50,-25
0bbb0601-3087-4fea-addf-1b3ceff17f4b,Residential,R198_1_1,2,400,200,200,400,0,19.2,513.94452,23.52504,556.66956,0,280844,302.8,212598.908,111.61128,213013.3193,-1500,2,-195,-5,0,-200,50,-20,-49,-1,0,-50,0,1,-2,-28,0,-30,25,-50,-1,-9,0,-10,0,1,2,8,0,10,10,30,1,1,0,2,-75,2,-40,0,0,-40,200,-50,0,0,-50,25,1,30,10,-50,-10,200,5,30,20,5,-50,-25
e8ba67e9-3edc-427e-ac3a-c37b675ab9b3,Residential,R1549_1_1,2,400,200,200,400,0,19.2,513.94452,23.52504,556.66956,0,280844,302.8,212598.908,111.61128,213013.3193,-1500,2,-195,-5,0,-200,50,-20,-49,-1,0,-50,0,1,-2,-28,0,-30,25,-50,-1,-9,0,-10,0,1,2,8,0,10,10,30,1,1,0,2,-75,2,-40,0,0,-40,200,-50,0,0,-50,25,1,30,10,-50,-10,200,5,30,20,5,-50,-25
159c02d5-aebc-498f-bbff-484c81ec09af,Residential,R1785_1_1,2,400,200,200,400,0,19.2,513.94452,23.52504,556.66956,0,280844,302.8,212598.908,111.61128,213013.3193,-1500,2,-195,-5,0,-200,50,-20,-49,-1,0,-50,0,1,-2,-28,0,-30,25,-50,-1,-9,0,-10,0,1,2,8,0,10,10,30,1,1,0,2,-75,2,-40,0,0,-40,200,-50,0,0,-50,25,1,30,10,-50,-10,200,5,30,20,5,-50,-25
32ffc381-d04c-4732-a8b2-43d155f170db,Residential,R1441_1_1,2,400,200,200,400,0,19.2,513.94452,23.52504,556.66956,0,280844,302.8,212598.908,111.61128,213013.3193,-1500,2,-195,-5,0,-200,50,-20,-49,-1,0,-50,0,1,-2,-28,0,-30,25,-50,-1,-9,0,-10,0,1,2,8,0,10,10,30,1,1,0,2,-75,2,-40,0,0,-40,200,-50,0,0,-50,25,1,30,10,-50,-10,200,5,30,20,5,-50,-25
266c792e-8515-4596-a3dc-96a3d8ee7600,Residential,R489_1_1,2,400,200,200,400,0,19.2,513.94452,23.52504,556.66956,0,280844,302.8,212598.908,111.61128,213013.3193,-1500,2,-195,-5,0,-200,50,-20,-49,-1,0,-50,0,1,-2,-28,0,-30,25,-50,-1,-9,0,-10,0,1,2,8,0,10,10,30,1,1,0,2,-75,2,-40,0,0,-40,200,-50,0,0,-50,25,1,30,10,-50,-10,200,5,30,20,5,-50,-25
ea967327-c47c-4a96-92c3-d0723a1ffb60,Residential,R1597_1_1,2,400,200,200,400,0,19.2,513.94452,23.52504,556.66956,0,280844,302.8,212598.908,111.61128,213013.3193,-1500,2,-195,-5,0,-200,50,-20,-49,-1,0,-50,0,1,-2,-28,0,-30,25,-50,-1,-9,0,-10,0,1,2,8,0,10,10,30,1,1,0,2,-75,2,-40,0,0,-40,200,-50,0,0,-50,25,1,30,10,-50,-10,200,5,30,20,5,-50,-25
5b635a3a-cee5-4d8e-8303-5a084304466d,Residential,R1068_1_1,2,400,200,200,400,0,19.2,513.94452,23.52504,556.66956,0,280844,302.8,212598.908,111.61128,213013.3193,-1500,2,-195,-5,0,-200,50,-20,-49,-1,0,-50,0,1,-2,-28,0,-30,25,-50,-1,-9,0,-10,0,1,2,8,0,10,10,30,1,1,0,2,-75,2,-40,0,0,-40,200,-50,0,0,-50,25,1,30,10,-50,-10,200,5,30,20,5,-50,-25
1f958207-289c-4654-bccf-af66cf470f95,Residential,R576_1_1,2,400,200,200,400,0,19.2,513.94452,23.52504,556.66956,0,280844,302.8,212598.908,111.61128,213013.3193,-1500,2,-195,-5,0,-200,50,-20,-49,-1,0,-50,0,1,-2,-28,0,-30,25,-50,-1,-9,0,-10,0,1,2,8,0,10,10,30,1,1,0,2,-75,2,-40,0,0,-40,200,-50,0,0,-50,25,1,30,10,-50,-10,200,5,30,20,5,-50,-25
9c894709-ec62-48a6-9ad2-35a642909217,Residential,R384_1_1,2,400,200,200,400,0,19.2,513.94452,23.52504,556.66956,0,280844,302.8,212598.908,111.61128,213013.3193,-1500,2,-195,-5,0,-200,50,-20,-49,-1,0,-50,0,1,-2,-28,0,-30,25,-50,-1,-9,0,-10,0,1,2,8,0,10,10,30,1,1,0,2,-75,2,-40,0,0,-40,200,-50,0,0,-50,25,1,30,10,-50,-10,200,5,30,20,5,-50,-25
66173419-caf8-4b75-b3cc-2043453855f8,Residential,R95_1_1,2,400,200,200,400,0,19.2,513.94452,23.52504,556.66956,0,280844,302.8,212598.908,111.61128,213013.3193,-1500,2,-195,-5,0,-200,50,-20,-49,-1,0,-50,0,1,-2,-28,0,-30,25,-50,-1,-9,0,-10,0,1,2,8,0,10,10,30,1,1,0,2,-75,2,-40,0,0,-40,200,-50,0,0,-50,25,1,30,10,-50,-10,200,5,30,20,5,-50,-25
e38f6d5f-ebef-4183-bea8-98e7a287604b,Residential,R1461_1_1,2,400,200,200,400,0,19.2,513.94452,23.52504,556.66956,0,280844,302.8,212598.908,111.61128,213013.3193,-1500,2,-195,-5,0,-200,50,-20,-49,-1,0,-50,0,1,-2,-28,0,-30,25,-50,-1,-9,0,-10,0,1,2,8,0,10,10,30,1,1,0,2,-75,2,-40,0,0,-40,200,-50,0,0,-50,25,1,30,10,-50,-10,200,5,30,20,5,-50,-25
b0f33ecf-1975-4b50-b583-a2f6696baf14,Residential,R1241_1_1,2,400,200,200,400,0,19.2,513.94452,23.52504,556.66956,0,280844,302.8,212598.908,111.61128,213013.3193,-1500,2,-195,-5,0,-200,50,-20,-49,-1,0,-50,0,1,-2,-28,0,-30,25,-50,-1,-9,0,-10,0,1,2,8,0,10,10,30,1,1,0,2,-75,2,-40,0,0,-40,200,-50,0,0,-50,25,1,30,10,-50,-10,200,5,30,20,5,-50,-25
94e1f266-fae3-4aed-b6c2-bfe2808ee353,Residential,R754_1_1,2,400,200,200,400,0,19.2,513.94452,23.52504,556.66956,0,280844,302.8,212598.908,111.61128,213013.3193,-1500,2,-195,-5,0,-200,50,-20,-49,-1,0,-50,0,1,-2,-28,0,-30,25,-50,-1,-9,0,-10,0,1,2,8,0,10,10,30,1,1,0,2,-75,2,-40,0,0,-40,200,-50,0,0,-50,25,1,30,10,-50,-10,200,5,30,20,5,-50,-25
398e93e0-5d9b-4663-8678-388983ca44cc,Residential,R1846_1_1,2,400,200,200,400,0,19.2,513.94452,23.52504,556.66956,0,280844,302.8,212598.908,111.61128,213013.3193,-1500,2,-195,-5,0,-200,50,-20,-49,-1,0,-50,0,1,-2,-28,0,-30,25,-50,-1,-9,0,-10,0,1,2,8,0,10,10,30,1,1,0,2,-75,2,-40,0,0,-40,200,-50,0,0,-50,25,1,30,10,-50,-10,200,5,30,20,5,-50,-25
88240dfa-243f-409c-a8b8-a23ca000adf7,Residential,R1236_1_1,2,400,200,200,400,0,19.2,513.94452,23.52504,556.66956,0,280844,302.8,212598.908,111.61128,213013.3193,-1500,2,-195,-5,0,-200,50,-20,-49,-1,0,-50,0,1,-2,-28,0,-30,25,-50,-1,-9,0,-10,0,1,2,8,0,10,10,30,1,1,0,2,-75,2,-40,0,0,-40,200,-50,0,0,-50,25,1,30,10,-50,-10,200,5,30,20,5,-50,-25
ad028b07-cf7e-4fe2-a728-f96bfe2acb8f,Residential,R702_1_1,2,400,200,200,400,0,19.2,513.94452,23.52504,556.66956,0,280844,302.8,212598.908,111.61128,213013.3193,-1500,2,-195,-5,0,-200,50,-20,-49,-1,0,-50,0,1,-2,-28,0,-30,25,-50,-1,-9,0,-10,0,1,2,8,0,10,10,30,1,1,0,2,-75,2,-40,0,0,-40,200,-50,0,0,-50,25,1,30,10,-50,-10,200,5,30,20,5,-50,-25
11ac2acd-3ec1-4b0b-8e67-83a63efd4fdd,Residential,R1096_1_1,2,400,200,200,400,0,19.2,513.94452,23.52504,556.66956,0,280844,302.8,212598.908,111.61128,213013.3193,-1500,2,-195,-5,0,-200,50,-20,-49,-1,0,-50,0,1,-2,-28,0,-30,25,-50,-1,-9,0,-10,0,1,2,8,0,10,10,30,1,1,0,2,-75,2,-40,0,0,-40,200,-50,0,0,-50,25,1,30,10,-50,-10,200,5,30,20,5,-50,-25
818998b2-7109-42a2-898d-36acde71b1d7,Residential,R2070_1_1,2,400,200,200,400,0,19.2,513.94452,23.52504,556.66956,0,280844,302.8,212598.908,111.61128,213013.3193,-1500,2,-195,-5,0,-200,50,-20,-49,-1,0,-50,0,1,-2,-28,0,-30,25,-50,-1,-9,0,-10,0,1,2,8,0,10,10,30,1,1,0,2,-75,2,-40,0,0,-40,200,-50,0,0,-50,25,1,30,10,-50,-10,200,5,30,20,5,-50,-25
031705b2-02bc-4941-8379-48827d835d0d,Residential,R1882_1_1,2,400,200,200,400,0,19.2,513.94452,23.52504,556.66956,0,280844,302.8,212598.908,111.61128,213013.3193,-1500,2,-195,-5,0,-200,50,-20,-49,-1,0,-50,0,1,-2,-28,0,-30,25,-50,-1,-9,0,-10,0,1,2,8,0,10,10,30,1,1,0,2,-75,2,-40,0,0,-40,200,-50,0,0,-50,25,1,30,10,-50,-10,200,5,30,20,5,-50,-25
f8aa622a-a1dd-4980-ad2a-eece9c40c828,Residential,R689_1_1,2,400,200,200,400,0,19.2,513.94452,23.52504,556.66956,0,280844,302.8,212598.908,111.61128,213013.3193,-1500,2,-195,-5,0,-200,50,-20,-49,-1,0,-50,0,1,-2,-28,0,-30,25,-50,-1,-9,0,-10,0,1,2,8,0,10,10,30,1,1,0,2,-75,2,-40,0,0,-40,200,-50,0,0,-50,25,1,30,10,-50,-10,200,5,30,20,5,-50,-25
44976258-7480-4242-afa7-a38bb5abc94b,Residential,R2160_1_1,2,400,200,200,400,0,19.2,513.94452,23.52504,556.66956,0,280844,302.8,212598.908,111.61128,213013.3193,-1500,2,-195,-5,0,-200,50,-20,-49,-1,0,-50,0,1,-2,-28,0,-30,25,-50,-1,-9,0,-10,0,1,2,8,0,10,10,30,1,1,0,2,-75,2,-40,0,0,-40,200,-50,0,0,-50,25,1,30,10,-50,-10,200,5,30,20,5,-50,-25
e5a2224a-51aa-43a3-949f-edf4c80a42a8,Residential,R1509_1_1,2,400,200,200,400,0,19.2,513.94452,23.52504,556.66956,0,280844,302.8,212598.908,111.61128,213013.3193,-1500,2,-195,-5,0,-200,50,-20,-49,-1,0,-50,0,1,-2,-28,0,-30,25,-50,-1,-9,0,-10,0,1,2,8,0,10,10,30,1,1,0,2,-75,2,-40,0,0,-40,200,-50,0,0,-50,25,1,30,10,-50,-10,200,5,30,20,5,-50,-25
1373ccd0-49c3-445b-81be-d20f32c2b3cb,Residential,R786_1_1,2,400,200,200,400,0,19.2,513.94452,23.52504,556.66956,0,280844,302.8,212598.908,111.61128,213013.3193,-1500,2,-195,-5,0,-200,50,-20,-49,-1,0,-50,0,1,-2,-28,0,-30,25,-50,-1,-9,0,-10,0,1,2,8,0,10,10,30,1,1,0,2,-75,2,-40,0,0,-40,200,-50,0,0,-50,25,1,30,10,-50,-10,200,5,30,20,5,-50,-25
f703c5b1-b896-40cb-ade6-89ec55487226,Residential,R2197_1_1,2,400,200,200,400,0,19.2,513.94452,23.52504,556.66956,0,280844,302.8,212598.908,111.61128,213013.3193,-1500,2,-195,-5,0,-200,50,-20,-49,-1,0,-50,0,1,-2,-28,0,-30,25,-50,-1,-9,0,-10,0,1,2,8,0,10,10,30,1,1,0,2,-75,2,-40,0,0,-40,200,-50,0,0,-50,25,1,30,10,-50,-10,200,5,30,20,5,-50,-25
5678fb0b-81a6-4eab-914d-9e31a2e853e6,Residential,R1466_1_1,2,400,200,200,400,0,19.2,513.94452,23.52504,556.66956,0,280844,302.8,212598.908,111.61128,213013.3193,-1500,2,-195,-5,0,-200,50,-20,-49,-1,0,-50,0,1,-2,-28,0,-30,25,-50,-1,-9,0,-10,0,1,2,8,0,10,10,30,1,1,0,2,-75,2,-40,0,0,-40,200,-50,0,0,-50,25,1,30,10,-50,-10,200,5,30,20,5,-50,-25
e7a48841-68e7-4553-9579-6bd4e35d88a5,Residential,R1452_1_1,2,400,200,200,400,0,19.2,513.94452,23.52504,556.66956,0,280844,302.8,212598.908,111.61128,213013.3193,-1500,2,-195,-5,0,-200,50,-20,-49,-1,0,-50,0,1,-2,-28,0,-30,25,-50,-1,-9,0,-10,0,1,2,8,0,10,10,30,1,1,0,2,-75,2,-40,0,0,-40,200,-50,0,0,-50,25,1,30,10,-50,-10,200,5,30,20,5,-50,-25
41aa3413-437c-48ac-a4a3-cdc41cb294e4,Residential,R1653_1_1,2,400,200,200,400,0,19.2,513.94452,23.52504,556.66956,0,280844,302.8,212598.908,111.61128,213013.3193,-1500,2,-195,-5,0,-200,50,-20,-49,-1,0,-50,0,1,-2,-28,0,-30,25,-50,-1,-9,0,-10,0,1,2,8,0,10,10,30,1,1,0,2,-75,2,-40,0,0,-40,200,-50,0,0,-50,25,1,30,10,-50,-10,200,5,30,20,5,-50,-25
d1aa5e4d-84a1-4f95-ba0f-d000892dddc6,Residential,R680_1_1,2,400,200,200,400,0,19.2,513.94452,23.52504,556.66956,0,280844,302.8,212598.908,111.61128,213013.3193,-1500,2,-195,-5,0,-200,50,-20,-49,-1,0,-50,0,1,-2,-28,0,-30,25,-50,-1,-9,0,-10,0,1,2,8,0,10,10,30,1,1,0,2,-75,2,-40,0,0,-40,200,-50,0,0,-50,25,1,30,10,-50,-10,200,5,30,20,5,-50,-25
53545ad2-443c-4667-8fea-f5071f26f660,Residential,R1188_1_1,2,400,200,200,400,0,19.2,513.94452,23.52504,556.66956,0,280844,302.8,212598.908,111.61128,213013.3193,-1500,2,-195,-5,0,-200,50,-20,-49,-1,0,-50,0,1,-2,-28,0,-30,25,-50,-1,-9,0,-10,0,1,2,8,0,10,10,30,1,1,0,2,-75,2,-40,0,0,-40,200,-50,0,0,-50,25,1,30,10,-50,-10,200,5,30,20,5,-50,-25
340a6cb1-16ef-4386-94e5-ad8149d2d292,Residential,R233_1_1,2,400,200,200,400,0,19.2,513.94452,23.52504,556.66956,0,280844,302.8,212598.908,111.61128,213013.3193,-1500,2,-195,-5,0,-200,50,-20,-49,-1,0,-50,0,1,-2,-28,0,-30,25,-50,-1,-9,0,-10,0,1,2,8,0,10,10,30,1,1,0,2,-75,2,-40,0,0,-40,200,-50,0,0,-50,25,1,30,10,-50,-10,200,5,30,20,5,-50,-25
b0335222-7305-4aae-95b0-02e06c3398ee,Residential,R985_1_1,2,400,200,200,400,0,19.2,513.94452,23.52504,556.66956,0,280844,302.8,212598.908,111.61128,213013.3193,-1500,2,-195,-5,0,-200,50,-20,-49,-1,0,-50,0,1,-2,-28,0,-30,25,-50,-1,-9,0,-10,0,1,2,8,0,10,10,30,1,1,0,2,-75,2,-40,0,0,-40,200,-50,0,0,-50,25,1,30,10,-50,-10,200,5,30,20,5,-50,-25
abdf9a61-54f4-4acc-be71-21f8a0b2e5c7,Residential,R38_1_1,2,400,200,200,400,0,19.2,513.94452,23.52504,556.66956,0,280844,302.8,212598.908,111.61128,213013.3193,-1500,2,-195,-5,0,-200,50,-20,-49,-1,0,-50,0,1,-2,-28,0,-30,25,-50,-1,-9,0,-10,0,1,2,8,0,10,10,30,1,1,0,2,-75,2,-40,0,0,-40,200,-50,0,0,-50,25,1,30,10,-50,-10,200,5,30,20,5,-50,-25
f9a73d07-4699-426a-96df-3b922d299576,Residential,R1519_1_1,2,400,200,200,400,0,19.2,513.94452,23.52504,556.66956,0,280844,302.8,212598.908,111.61128,213013.3193,-1500,2,-195,-5,0,-200,50,-20,-49,-1,0,-50,0,1,-2,-28,0,-30,25,-50,-1,-9,0,-10,0,1,2,8,0,10,10,30,1,1,0,2,-75,2,-40,0,0,-40,200,-50,0,0,-50,25,1,30,10,-50,-10,200,5,30,20,5,-50,-25
48288c2f-dee0-47fb-b726-29a4b897769c,Residential,R731_1_1,2,400,200,200,400,0,19.2,513.94452,23.52504,556.66956,0,280844,302.8,212598.908,111.61128,213013.3193,-1500,2,-195,-5,0,-200,50,-20,-49,-1,0,-50,0,1,-2,-28,0,-30,25,-50,-1,-9,0,-10,0,1,2,8,0,10,10,30,1,1,0,2,-75,2,-40,0,0,-40,200,-50,0,0,-50,25,1,30,10,-50,-10,200,5,30,20,5,-50,-25
e2d50c06-3ee8-403a-b808-aab24bf9163e,Residential,R2082_1_1,2,400,200,200,400,0,19.2,513.94452,23.52504,556.66956,0,280844,302.8,212598.908,111.61128,213013.3193,-1500,2,-195,-5,0,-200,50,-20,-49,-1,0,-50,0,1,-2,-28,0,-30,25,-50,-1,-9,0,-10,0,1,2,8,0,10,10,30,1,1,0,2,-75,2,-40,0,0,-40,200,-50,0,0,-50,25,1,30,10,-50,-10,200,5,30,20,5,-50,-25
6379382b-9ea9-4d67-9c9c-c0c95dbdf1be,Residential,R1728_1_1,2,400,200,200,400,0,19.2,513.94452,23.52504,556.66956,0,280844,302.8,212598.908,111.61128,213013.3193,-1500,2,-195,-5,0,-200,50,-20,-49,-1,0,-50,0,1,-2,-28,0,-30,25,-50,-1,-9,0,-10,0,1,2,8,0,10,10,30,1,1,0,2,-75,2,-40,0,0,-40,200,-50,0,0,-50,25,1,30,10,-50,-10,200,5,30,20,5,-50,-25
ac0bade5-3e9d-4eda-a32a-edb0804f0e8e,Residential,R517_1_1,2,400,200,200,400,0,19.2,513.94452,23.52504,556.66956,0,280844,302.8,212598.908,111.61128,213013.3193,-1500,2,-195,-5,0,-200,50,-20,-49,-1,0,-50,0,1,-2,-28,0,-30,25,-50,-1,-9,0,-10,0,1,2,8,0,10,10,30,1,1,0,2,-75,2,-40,0,0,-40,200,-50,0,0,-50,25,1,30,10,-50,-10,200,5,30,20,5,-50,-25
448f236a-ffe6-4709-9507-93002686b561,Residential,R1042_1_1,2,400,200,200,400,0,19.2,513.94452,23.52504,556.66956,0,280844,302.8,212598.908,111.61128,213013.3193,-1500,2,-195,-5,0,-200,50,-20,-49,-1,0,-50,0,1,-2,-28,0,-30,25,-50,-1,-9,0,-10,0,1,2,8,0,10,10,30,1,1,0,2,-75,2,-40,0,0,-40,200,-50,0,0,-50,25,1,30,10,-50,-10,200,5,30,20,5,-50,-25
64738e9f-2dea-459c-9fc2-85a403219919,Residential,R283_1_1,2,400,200,200,400,0,19.2,513.94452,23.52504,556.66956,0,280844,302.8,212598.908,111.61128,213013.3193,-1500,2,-195,-5,0,-200,50,-20,-49,-1,0,-50,0,1,-2,-28,0,-30,25,-50,-1,-9,0,-10,0,1,2,8,0,10,10,30,1,1,0,2,-75,2,-40,0,0,-40,200,-50,0,0,-50,25,1,30,10,-50,-10,200,5,30,20,5,-50,-25
9a2ef132-71f3-480e-9251-81fe763b95e1,Residential,R1109_1_1,2,400,200,200,400,0,19.2,513.94452,23.52504,556.66956,0,280844,302.8,212598.908,111.61128,213013.3193,-1500,2,-195,-5,0,-200,50,-20,-49,-1,0,-50,0,1,-2,-28,0,-30,25,-50,-1,-9,0,-10,0,1,2,8,0,10,10,30,1,1,0,2,-75,2,-40,0,0,-40,200,-50,0,0,-50,25,1,30,10,-50,-10,200,5,30,20,5,-50,-25
99be2ae2-c85f-4361-b055-80dd45250f0c,Residential,R796_1_1,2,400,200,200,400,0,19.2,513.94452,23.52504,556.66956,0,280844,302.8,212598.908,111.61128,213013.3193,-1500,2,-195,-5,0,-200,50,-20,-49,-1,0,-50,0,1,-2,-28,0,-30,25,-50,-1,-9,0,-10,0,1,2,8,0,10,10,30,1,1,0,2,-75,2,-40,0,0,-40,200,-50,0,0,-50,25,1,30,10,-50,-10,200,5,30,20,5,-50,-25
ac0dd95c-6255-4472-b2b9-745b2be03206,Residential,R15_1_1,2,400,200,200,400,0,19.2,513.94452,23.52504,556.66956,0,280844,302.8,212598.908,111.61128,213013.3193,-1500,2,-195,-5,0,-200,50,-20,-49,-1,0,-50,0,1,-2,-28,0,-30,25,-50,-1,-9,0,-10,0,1,2,8,0,10,10,30,1,1,0,2,-75,2,-40,0,0,-40,200,-50,0,0,-50,25,1,30,10,-50,-10,200,5,30,20,5,-50,-25
51709db6-3fd2-4744-9f6f-6f73aeb4ddcf,Residential,R1449_1_1,2,400,200,200,400,0,19.2,513.94452,23.52504,556.66956,0,280844,302.8,212598.908,111.61128,213013.3193,-1500,2,-195,-5,0,-200,50,-20,-49,-1,0,-50,0,1,-2,-28,0,-30,25,-50,-1,-9,0,-10,0,1,2,8,0,10,10,30,1,1,0,2,-75,2,-40,0,0,-40,200,-50,0,0,-50,25,1,30,10,-50,-10,200,5,30,20,5,-50,-25
e922a16e-8d98-44cc-b9e1-62ba50c9a313,Residential,R645_1_1,2,400,200,200,400,0,19.2,513.94452,23.52504,556.66956,0,280844,302.8,212598.908,111.61128,213013.3193,-1500,2,-195,-5,0,-200,50,-20,-49,-1,0,-50,0,1,-2,-28,0,-30,25,-50,-1,-9,0,-10,0,1,2,8,0,10,10,30,1,1,0,2,-75,2,-40,0,0,-40,200,-50,0,0,-50,25,1,30,10,-50,-10,200,5,30,20,5,-50,-25
0dc941a8-0bc6-48bf-a96e-59295b9783cc,Residential,R50_1_1,2,400,200,200,400,0,19.2,513.94452,23.52504,556.66956,0,280844,302.8,212598.908,111.61128,213013.3193,-1500,2,-195,-5,0,-200,50,-20,-49,-1,0,-50,0,1,-2,-28,0,-30,25,-50,-1,-9,0,-10,0,1,2,8,0,10,10,30,1,1,0,2,-75,2,-40,0,0,-40,200,-50,0,0,-50,25,1,30,10,-50,-10,200,5,30,20,5,-50,-25
8b6ec1a4-77f7-42aa-8d28-1523ad42ced4,Residential,R464_1_1,2,400,200,200,400,0,19.2,513.94452,23.52504,556.66956,0,280844,302.8,212598.908,111.61128,213013.3193,-1500,2,-195,-5,0,-200,50,-20,-49,-1,0,-50,0,1,-2,-28,0,-30,25,-50,-1,-9,0,-10,0,1,2,8,0,10,10,30,1,1,0,2,-75,2,-40,0,0,-40,200,-50,0,0,-50,25,1,30,10,-50,-10,200,5,30,20,5,-50,-25
267e0eeb-7bb4-434c-ae8e-e890ec47aa52,Residential,R1150_1_1,2,400,200,200,400,0,19.2,513.94452,23.52504,556.66956,0,280844,302.8,212598.908,111.61128,213013.3193,-1500,2,-195,-5,0,-200,50,-20,-49,-1,0,-50,0,1,-2,-28,0,-30,25,-50,-1,-9,0,-10,0,1,2,8,0,10,10,30,1,1,0,2,-75,2,-40,0,0,-40,200,-50,0,0,-50,25,1,30,10,-50,-10,200,5,30,20,5,-50,-25
d75813fb-ef9e-4c69-b1fe-a09d170310a4,Residential,R241_1_1,2,400,200,200,400,0,19.2,513.94452,23.52504,556.66956,0,280844,302.8,212598.908,111.61128,213013.3193,-1500,2,-195,-5,0,-200,50,-20,-49,-1,0,-50,0,1,-2,-28,0,-30,25,-50,-1,-9,0,-10,0,1,2,8,0,10,10,30,1,1,0,2,-75,2,-40,0,0,-40,200,-50,0,0,-50,25,1,30,10,-50,-10,200,5,30,20,5,-50,-25
f6d3a07b-a4bc-45cd-b743-38321875d51d,Residential,R191_1_1,2,400,200,200,400,0,19.2,513.94452,23.52504,556.66956,0,280844,302.8,212598.908,111.61128,213013.3193,-1500,2,-195,-5,0,-200,50,-20,-49,-1,0,-50,0,1,-2,-28,0,-30,25,-50,-1,-9,0,-10,0,1,2,8,0,10,10,30,1,1,0,2,-75,2,-40,0,0,-40,200,-50,0,0,-50,25,1,30,10,-50,-10,200,5,30,20,5,-50,-25
a4e1851b-bbe1-4d01-b6d9-db67c46a1303,Residential,R2022_1_1,2,400,200,200,400,0,19.2,513.94452,23.52504,556.66956,0,280844,302.8,212598.908,111.61128,213013.3193,-1500,2,-195,-5,0,-200,50,-20,-49,-1,0,-50,0,1,-2,-28,0,-30,25,-50,-1,-9,0,-10,0,1,2,8,0,10,10,30,1,1,0,2,-75,2,-40,0,0,-40,200,-50,0,0,-50,25,1,30,10,-50,-10,200,5,30,20,5,-50,-25
190f1b23-b581-4d59-b997-9fc58644bc5b,Residential,R1547_1_1,2,400,200,200,400,0,19.2,513.94452,23.52504,556.66956,0,280844,302.8,212598.908,111.61128,213013.3193,-1500,2,-195,-5,0,-200,50,-20,-49,-1,0,-50,0,1,-2,-28,0,-30,25,-50,-1,-9,0,-10,0,1,2,8,0,10,10,30,1,1,0,2,-75,2,-40,0,0,-40,200,-50,0,0,-50,25,1,30,10,-50,-10,200,5,30,20,5,-50,-25
962849bd-4e14-4fe8-ad11-5a2b19df806a,Residential,R934_1_1,2,400,200,200,400,0,19.2,513.94452,23.52504,556.66956,0,280844,302.8,212598.908,111.61128,213013.3193,-1500,2,-195,-5,0,-200,50,-20,-49,-1,0,-50,0,1,-2,-28,0,-30,25,-50,-1,-9,0,-10,0,1,2,8,0,10,10,30,1,1,0,2,-75,2,-40,0,0,-40,200,-50,0,0,-50,25,1,30,10,-50,-10,200,5,30,20,5,-50,-25
93c1302e-df1c-4fd9-9831-4529bec43e37,Residential,R1981_1_1,2,400,200,200,400,0,19.2,513.94452,23.52504,556.66956,0,280844,302.8,212598.908,111.61128,213013.3193,-1500,2,-195,-5,0,-200,50,-20,-49,-1,0,-50,0,1,-2,-28,0,-30,25,-50,-1,-9,0,-10,0,1,2,8,0,10,10,30,1,1,0,2,-75,2,-40,0,0,-40,200,-50,0,0,-50,25,1,30,10,-50,-10,200,5,30,20,5,-50,-25
c47c0254-07f0-4905-b871-a3346b45e78d,Residential,R958_1_1,2,400,200,200,400,0,19.2,513.94452,23.52504,556.66956,0,280844,302.8,212598.908,111.61128,213013.3193,-1500,2,-195,-5,0,-200,50,-20,-49,-1,0,-50,0,1,-2,-28,0,-30,25,-50,-1,-9,0,-10,0,1,2,8,0,10,10,30,1,1,0,2,-75,2,-40,0,0,-40,200,-50,0,0,-50,25,1,30,10,-50,-10,200,5,30,20,5,-50,-25
ae737d68-fb83-49ca-864d-dcae4a96a224,Residential,R1358_1_1,2,400,200,200,400,0,19.2,513.94452,23.52504,556.66956,0,280844,302.8,212598.908,111.61128,213013.3193,-1500,2,-195,-5,0,-200,50,-20,-49,-1,0,-50,0,1,-2,-28,0,-30,25,-50,-1,-9,0,-10,0,1,2,8,0,10,10,30,1,1,0,2,-75,2,-40,0,0,-40,200,-50,0,0,-50,25,1,30,10,-50,-10,200,5,30,20,5,-50,-25
7a7dc5a0-f569-4ae8-827f-88d87bd68fdf,Residential,R2081_1_1,2,400,200,200,400,0,19.2,513.94452,23.52504,556.66956,0,280844,302.8,212598.908,111.61128,213013.3193,-1500,2,-195,-5,0,-200,50,-20,-49,-1,0,-50,0,1,-2,-28,0,-30,25,-50,-1,-9,0,-10,0,1,2,8,0,10,10,30,1,1,0,2,-75,2,-40,0,0,-40,200,-50,0,0,-50,25,1,30,10,-50,-10,200,5,30,20,5,-50,-25
70f5c2cc-86ba-45bb-bc5e-2d8eccd06789,Residential,R1303_1_1,2,400,200,200,400,0,19.2,513.94452,23.52504,556.66956,0,280844,302.8,212598.908,111.61128,213013.3193,-1500,2,-195,-5,0,-200,50,-20,-49,-1,0,-50,0,1,-2,-28,0,-30,25,-50,-1,-9,0,-10,0,1,2,8,0,10,10,30,1,1,0,2,-75,2,-40,0,0,-40,200,-50,0,0,-50,25,1,30,10,-50,-10,200,5,30,20,5,-50,-25
697a3c81-6792-4c98-81a9-5a7e0c026e20,Residential,R1763_1_1,2,400,200,200,400,0,19.2,513.94452,23.52504,556.66956,0,280844,302.8,212598.908,111.61128,213013.3193,-1500,2,-195,-5,0,-200,50,-20,-49,-1,0,-50,0,1,-2,-28,0,-30,25,-50,-1,-9,0,-10,0,1,2,8,0,10,10,30,1,1,0,2,-75,2,-40,0,0,-40,200,-50,0,0,-50,25,1,30,10,-50,-10,200,5,30,20,5,-50,-25
c869d47d-d647-454f-8a49-d21fa25ad2c1,Residential,R587_1_1,2,400,200,200,400,0,19.2,513.94452,23.52504,556.66956,0,280844,302.8,212598.908,111.61128,213013.3193,-1500,2,-195,-5,0,-200,50,-20,-49,-1,0,-50,0,1,-2,-28,0,-30,25,-50,-1,-9,0,-10,0,1,2,8,0,10,10,30,1,1,0,2,-75,2,-40,0,0,-40,200,-50,0,0,-50,25,1,30,10,-50,-10,200,5,30,20,5,-50,-25
0fa2bad1-72f9-42a7-8749-35ca5c709deb,Residential,R69_1_1,2,400,200,200,400,0,19.2,513.94452,23.52504,556.66956,0,280844,302.8,212598.908,111.61128,213013.3193,-1500,2,-195,-5,0,-200,50,-20,-49,-1,0,-50,0,1,-2,-28,0,-30,25,-50,-1,-9,0,-10,0,1,2,8,0,10,10,30,1,1,0,2,-75,2,-40,0,0,-40,200,-50,0,0,-50,25,1,30,10,-50,-10,200,5,30,20,5,-50,-25
15fc5a3e-9aea-4e23-a8c8-d152d5e78ca9,Residential,R1724_1_1,2,400,200,200,400,0,19.2,513.94452,23.52504,556.66956,0,280844,302.8,212598.908,111.61128,213013.3193,-1500,2,-195,-5,0,-200,50,-20,-49,-1,0,-50,0,1,-2,-28,0,-30,25,-50,-1,-9,0,-10,0,1,2,8,0,10,10,30,1,1,0,2,-75,2,-40,0,0,-40,200,-50,0,0,-50,25,1,30,10,-50,-10,200,5,30,20,5,-50,-25
3962677e-962b-437d-bf02-6bfc21128ddf,Residential,R1980_1_1,2,400,200,200,400,0,19.2,513.94452,23.52504,556.66956,0,280844,302.8,212598.908,111.61128,213013.3193,-1500,2,-195,-5,0,-200,50,-20,-49,-1,0,-50,0,1,-2,-28,0,-30,25,-50,-1,-9,0,-10,0,1,2,8,0,10,10,30,1,1,0,2,-75,2,-40,0,0,-40,200,-50,0,0,-50,25,1,30,10,-50,-10,200,5,30,20,5,-50,-25
ca2c8fa4-cada-4fd1-baf9-5a51b0df3705,Residential,R2094_1_1,2,400,200,200,400,0,19.2,513.94452,23.52504,556.66956,0,280844,302.8,212598.908,111.61128,213013.3193,-1500,2,-195,-5,0,-200,50,-20,-49,-1,0,-50,0,1,-2,-28,0,-30,25,-50,-1,-9,0,-10,0,1,2,8,0,10,10,30,1,1,0,2,-75,2,-40,0,0,-40,200,-50,0,0,-50,25,1,30,10,-50,-10,200,5,30,20,5,-50,-25
bb7901aa-647a-4d1a-9aa4-b984db0ad379,Residential,R1316_1_1,2,400,200,200,400,0,19.2,513.94452,23.52504,556.66956,0,280844,302.8,212598.908,111.61128,213013.3193,-1500,2,-195,-5,0,-200,50,-20,-49,-1,0,-50,0,1,-2,-28,0,-30,25,-50,-1,-9,0,-10,0,1,2,8,0,10,10,30,1,1,0,2,-75,2,-40,0,0,-40,200,-50,0,0,-50,25,1,30,10,-50,-10,200,5,30,20,5,-50,-25
82895514-0bf0-4047-afb6-cf1f0c9433e9,Residential,R552_1_1,2,400,200,200,400,0,19.2,513.94452,23.52504,556.66956,0,280844,302.8,212598.908,111.61128,213013.3193,-1500,2,-195,-5,0,-200,50,-20,-49,-1,0,-50,0,1,-2,-28,0,-30,25,-50,-1,-9,0,-10,0,1,2,8,0,10,10,30,1,1,0,2,-75,2,-40,0,0,-40,200,-50,0,0,-50,25,1,30,10,-50,-10,200,5,30,20,5,-50,-25
83a771ee-c9aa-463a-928b-8c4844bb1ad4,Residential,R1723_1_1,2,400,200,200,400,0,19.2,513.94452,23.52504,556.66956,0,280844,302.8,212598.908,111.61128,213013.3193,-1500,2,-195,-5,0,-200,50,-20,-49,-1,0,-50,0,1,-2,-28,0,-30,25,-50,-1,-9,0,-10,0,1,2,8,0,10,10,30,1,1,0,2,-75,2,-40,0,0,-40,200,-50,0,0,-50,25,1,30,10,-50,-10,200,5,30,20,5,-50,-25
7b5b0a4e-64aa-454d-a0a8-594f31ea1a31,Residential,R648_1_1,2,400,200,200,400,0,19.2,513.94452,23.52504,556.66956,0,280844,302.8,212598.908,111.61128,213013.3193,-1500,2,-195,-5,0,-200,50,-20,-49,-1,0,-50,0,1,-2,-28,0,-30,25,-50,-1,-9,0,-10,0,1,2,8,0,10,10,30,1,1,0,2,-75,2,-40,0,0,-40,200,-50,0,0,-50,25,1,30,10,-50,-10,200,5,30,20,5,-50,-25
24b6ae3d-f85b-4468-b7d4-aae4bc1da50d,Residential,R1471_1_1,2,400,200,200,400,0,19.2,513.94452,23.52504,556.66956,0,280844,302.8,212598.908,111.61128,213013.3193,-1500,2,-195,-5,0,-200,50,-20,-49,-1,0,-50,0,1,-2,-28,0,-30,25,-50,-1,-9,0,-10,0,1,2,8,0,10,10,30,1,1,0,2,-75,2,-40,0,0,-40,200,-50,0,0,-50,25,1,30,10,-50,-10,200,5,30,20,5,-50,-25
e7f5169f-3cb1-4858-9f12-090ff14785a8,Residential,R72_1_1,2,400,200,200,400,0,19.2,513.94452,23.52504,556.66956,0,280844,302.8,212598.908,111.61128,213013.3193,-1500,2,-195,-5,0,-200,50,-20,-49,-1,0,-50,0,1,-2,-28,0,-30,25,-50,-1,-9,0,-10,0,1,2,8,0,10,10,30,1,1,0,2,-75,2,-40,0,0,-40,200,-50,0,0,-50,25,1,30,10,-50,-10,200,5,30,20,5,-50,-25
d04db3d3-b902-441a-b21f-663fef238ee5,Residential,R1284_1_1,2,400,200,200,400,0,19.2,513.94452,23.52504,556.66956,0,280844,302.8,212598.908,111.61128,213013.3193,-1500,2,-195,-5,0,-200,50,-20,-49,-1,0,-50,0,1,-2,-28,0,-30,25,-50,-1,-9,0,-10,0,1,2,8,0,10,10,30,1,1,0,2,-75,2,-40,0,0,-40,200,-50,0,0,-50,25,1,30,10,-50,-10,200,5,30,20,5,-50,-25
d46b4a9b-9a47-41e3-bcec-66eebad0098b,Residential,R2131_1_1,2,400,200,200,400,0,19.2,513.94452,23.52504,556.66956,0,280844,302.8,212598.908,111.61128,213013.3193,-1500,2,-195,-5,0,-200,50,-20,-49,-1,0,-50,0,1,-2,-28,0,-30,25,-50,-1,-9,0,-10,0,1,2,8,0,10,10,30,1,1,0,2,-75,2,-40,0,0,-40,200,-50,0,0,-50,25,1,30,10,-50,-10,200,5,30,20,5,-50,-25
0ea93ef6-f6b2-4622-8907-567691123a63,Residential,R1732_1_1,2,400,200,200,400,0,19.2,513.94452,23.52504,556.66956,0,280844,302.8,212598.908,111.61128,213013.3193,-1500,2,-195,-5,0,-200,50,-20,-49,-1,0,-50,0,1,-2,-28,0,-30,25,-50,-1,-9,0,-10,0,1,2,8,0,10,10,30,1,1,0,2,-75,2,-40,0,0,-40,200,-50,0,0,-50,25,1,30,10,-50,-10,200,5,30,20,5,-50,-25
74aeaaf5-f3c1-4bda-84d8-cd74c87d23b7,Residential,R1205_1_1,2,400,200,200,400,0,19.2,513.94452,23.52504,556.66956,0,280844,302.8,212598.908,111.61128,213013.3193,-1500,2,-195,-5,0,-200,50,-20,-49,-1,0,-50,0,1,-2,-28,0,-30,25,-50,-1,-9,0,-10,0,1,2,8,0,10,10,30,1,1,0,2,-75,2,-40,0,0,-40,200,-50,0,0,-50,25,1,30,10,-50,-10,200,5,30,20,5,-50,-25
ecc865e7-412c-4ab6-97a4-05185d708047,Residential,R1005_1_1,2,400,200,200,400,0,19.2,513.94452,23.52504,556.66956,0,280844,302.8,212598.908,111.61128,213013.3193,-1500,2,-195,-5,0,-200,50,-20,-49,-1,0,-50,0,1,-2,-28,0,-30,25,-50,-1,-9,0,-10,0,1,2,8,0,10,10,30,1,1,0,2,-75,2,-40,0,0,-40,200,-50,0,0,-50,25,1,30,10,-50,-10,200,5,30,20,5,-50,-25
3b81dd07-c6da-4db5-9220-92c8b526edfd,Residential,R675_1_1,2,400,200,200,400,0,19.2,513.94452,23.52504,556.66956,0,280844,302.8,212598.908,111.61128,213013.3193,-1500,2,-195,-5,0,-200,50,-20,-49,-1,0,-50,0,1,-2,-28,0,-30,25,-50,-1,-9,0,-10,0,1,2,8,0,10,10,30,1,1,0,2,-75,2,-40,0,0,-40,200,-50,0,0,-50,25,1,30,10,-50,-10,200,5,30,20,5,-50,-25
e9e4d430-c3af-4dc7-814e-eea571ae2f26,Residential,R1369_1_1,2,400,200,200,400,0,19.2,513.94452,23.52504,556.66956,0,280844,302.8,212598.908,111.61128,213013.3193,-1500,2,-195,-5,0,-200,50,-20,-49,-1,0,-50,0,1,-2,-28,0,-30,25,-50,-1,-9,0,-10,0,1,2,8,0,10,10,30,1,1,0,2,-75,2,-40,0,0,-40,200,-50,0,0,-50,25,1,30,10,-50,-10,200,5,30,20,5,-50,-25
56be3e72-a059-4766-9a2f-272927480a06,Residential,R1114_1_1,2,400,200,200,400,0,19.2,513.94452,23.52504,556.66956,0,280844,302.8,212598.908,111.61128,213013.3193,-1500,2,-195,-5,0,-200,50,-20,-49,-1,0,-50,0,1,-2,-28,0,-30,25,-50,-1,-9,0,-10,0,1,2,8,0,10,10,30,1,1,0,2,-75,2,-40,0,0,-40,200,-50,0,0,-50,25,1,30,10,-50,-10,200,5,30,20,5,-50,-25
d0794c38-3c29-4912-b485-1240416a12a2,Residential,R1312_1_1,2,400,200,200,400,0,19.2,513.94452,23.52504,556.66956,0,280844,302.8,212598.908,111.61128,213013.3193,-1500,2,-195,-5,0,-200,50,-20,-49,-1,0,-50,0,1,-2,-28,0,-30,25,-50,-1,-9,0,-10,0,1,2,8,0,10,10,30,1,1,0,2,-75,2,-40,0,0,-40,200,-50,0,0,-50,25,1,30,10,-50,-10,200,5,30,20,5,-50,-25
96706f7a-f7f6-43e8-bdce-497da591928f,Residential,R551_1_1,2,400,200,200,400,0,19.2,513.94452,23.52504,556.66956,0,280844,302.8,212598.908,111.61128,213013.3193,-1500,2,-195,-5,0,-200,50,-20,-49,-1,0,-50,0,1,-2,-28,0,-30,25,-50,-1,-9,0,-10,0,1,2,8,0,10,10,30,1,1,0,2,-75,2,-40,0,0,-40,200,-50,0,0,-50,25,1,30,10,-50,-10,200,5,30,20,5,-50,-25
bcfb87e6-702d-449c-8b06-215d6065f85b,Residential,R1802_1_1,2,400,200,200,400,0,19.2,513.94452,23.52504,556.66956,0,280844,302.8,212598.908,111.61128,213013.3193,-1500,2,-195,-5,0,-200,50,-20,-49,-1,0,-50,0,1,-2,-28,0,-30,25,-50,-1,-9,0,-10,0,1,2,8,0,10,10,30,1,1,0,2,-75,2,-40,0,0,-40,200,-50,0,0,-50,25,1,30,10,-50,-10,200,5,30,20,5,-50,-25
0b4110c1-b17f-42d5-898e-ed30921d3eb3,Residential,R1129_1_1,2,400,200,200,400,0,19.2,513.94452,23.52504,556.66956,0,280844,302.8,212598.908,111.61128,213013.3193,-1500,2,-195,-5,0,-200,50,-20,-49,-1,0,-50,0,1,-2,-28,0,-30,25,-50,-1,-9,0,-10,0,1,2,8,0,10,10,30,1,1,0,2,-75,2,-40,0,0,-40,200,-50,0,0,-50,25,1,30,10,-50,-10,200,5,30,20,5,-50,-25
63fa0278-fa33-4bc5-af28-53771f204614,Residential,R310_1_1,2,400,200,200,400,0,19.2,513.94452,23.52504,556.66956,0,280844,302.8,212598.908,111.61128,213013.3193,-1500,2,-195,-5,0,-200,50,-20,-49,-1,0,-50,0,1,-2,-28,0,-30,25,-50,-1,-9,0,-10,0,1,2,8,0,10,10,30,1,1,0,2,-75,2,-40,0,0,-40,200,-50,0,0,-50,25,1,30,10,-50,-10,200,5,30,20,5,-50,-25
2bac40af-51f6-4f95-8f96-842d3ba23bc8,Residential,R870_1_1,2,400,200,200,400,0,19.2,513.94452,23.52504,556.66956,0,280844,302.8,212598.908,111.61128,213013.3193,-1500,2,-195,-5,0,-200,50,-20,-49,-1,0,-50,0,1,-2,-28,0,-30,25,-50,-1,-9,0,-10,0,1,2,8,0,10,10,30,1,1,0,2,-75,2,-40,0,0,-40,200,-50,0,0,-50,25,1,30,10,-50,-10,200,5,30,20,5,-50,-25
b64ac629-b51d-43ef-b9f1-740db054e3cc,Residential,R872_1_1,2,400,200,200,400,0,19.2,513.94452,23.52504,556.66956,0,280844,302.8,212598.908,111.61128,213013.3193,-1500,2,-195,-5,0,-200,50,-20,-49,-1,0,-50,0,1,-2,-28,0,-30,25,-50,-1,-9,0,-10,0,1,2,8,0,10,10,30,1,1,0,2,-75,2,-40,0,0,-40,200,-50,0,0,-50,25,1,30,10,-50,-10,200,5,30,20,5,-50,-25
40b99859-5900-41e6-9ee2-0dd4c8ad6174,Residential,R284_1_1,2,400,200,200,400,0,19.2,513.94452,23.52504,556.66956,0,280844,302.8,212598.908,111.61128,213013.3193,-1500,2,-195,-5,0,-200,50,-20,-49,-1,0,-50,0,1,-2,-28,0,-30,25,-50,-1,-9,0,-10,0,1,2,8,0,10,10,30,1,1,0,2,-75,2,-40,0,0,-40,200,-50,0,0,-50,25,1,30,10,-50,-10,200,5,30,20,5,-50,-25
42b63bb9-cb9d-40b1-aabc-cc986b2767c5,Residential,R1010_1_1,2,400,200,200,400,0,19.2,513.94452,23.52504,556.66956,0,280844,302.8,212598.908,111.61128,213013.3193,-1500,2,-195,-5,0,-200,50,-20,-49,-1,0,-50,0,1,-2,-28,0,-30,25,-50,-1,-9,0,-10,0,1,2,8,0,10,10,30,1,1,0,2,-75,2,-40,0,0,-40,200,-50,0,0,-50,25,1,30,10,-50,-10,200,5,30,20,5,-50,-25
ebd47686-4bed-4086-b302-6f5cedd6601f,Residential,R863_1_1,2,400,200,200,400,0,19.2,513.94452,23.52504,556.66956,0,280844,302.8,212598.908,111.61128,213013.3193,-1500,2,-195,-5,0,-200,50,-20,-49,-1,0,-50,0,1,-2,-28,0,-30,25,-50,-1,-9,0,-10,0,1,2,8,0,10,10,30,1,1,0,2,-75,2,-40,0,0,-40,200,-50,0,0,-50,25,1,30,10,-50,-10,200,5,30,20,5,-50,-25
8dd26420-562d-41a5-966d-dd9d094d09dd,Residential,R1130_1_1,2,400,200,200,400,0,19.2,513.94452,23.52504,556.66956,0,280844,302.8,212598.908,111.61128,213013.3193,-1500,2,-195,-5,0,-200,50,-20,-49,-1,0,-50,0,1,-2,-28,0,-30,25,-50,-1,-9,0,-10,0,1,2,8,0,10,10,30,1,1,0,2,-75,2,-40,0,0,-40,200,-50,0,0,-50,25,1,30,10,-50,-10,200,5,30,20,5,-50,-25
e5a0acf9-288b-4e51-9ae5-bb0542cdab0d,Residential,R987_1_1,2,400,200,200,400,0,19.2,513.94452,23.52504,556.66956,0,280844,302.8,212598.908,111.61128,213013.3193,-1500,2,-195,-5,0,-200,50,-20,-49,-1,0,-50,0,1,-2,-28,0,-30,25,-50,-1,-9,0,-10,0,1,2,8,0,10,10,30,1,1,0,2,-75,2,-40,0,0,-40,200,-50,0,0,-50,25,1,30,10,-50,-10,200,5,30,20,5,-50,-25
b375e09c-5da2-44eb-b9d7-efca5b0bdfd8,Residential,R1267_1_1,2,400,200,200,400,0,19.2,513.94452,23.52504,556.66956,0,280844,302.8,212598.908,111.61128,213013.3193,-1500,2,-195,-5,0,-200,50,-20,-49,-1,0,-50,0,1,-2,-28,0,-30,25,-50,-1,-9,0,-10,0,1,2,8,0,10,10,30,1,1,0,2,-75,2,-40,0,0,-40,200,-50,0,0,-50,25,1,30,10,-50,-10,200,5,30,20,5,-50,-25
c07bbc07-55d4-4912-8bfa-baf3dc52a806,Residential,R1576_1_1,2,400,200,200,400,0,19.2,513.94452,23.52504,556.66956,0,280844,302.8,212598.908,111.61128,213013.3193,-1500,2,-195,-5,0,-200,50,-20,-49,-1,0,-50,0,1,-2,-28,0,-30,25,-50,-1,-9,0,-10,0,1,2,8,0,10,10,30,1,1,0,2,-75,2,-40,0,0,-40,200,-50,0,0,-50,25,1,30,10,-50,-10,200,5,30,20,5,-50,-25
de74a1f7-f70f-4dc4-80eb-81d3e1d1a814,Residential,R835_1_1,2,400,200,200,400,0,19.2,513.94452,23.52504,556.66956,0,280844,302.8,212598.908,111.61128,213013.3193,-1500,2,-195,-5,0,-200,50,-20,-49,-1,0,-50,0,1,-2,-28,0,-30,25,-50,-1,-9,0,-10,0,1,2,8,0,10,10,30,1,1,0,2,-75,2,-40,0,0,-40,200,-50,0,0,-50,25,1,30,10,-50,-10,200,5,30,20,5,-50,-25
3994c790-deb8-40b7-8ec8-c732f753e96b,Residential,R364_1_1,2,400,200,200,400,0,19.2,513.94452,23.52504,556.66956,0,280844,302.8,212598.908,111.61128,213013.3193,-1500,2,-195,-5,0,-200,50,-20,-49,-1,0,-50,0,1,-2,-28,0,-30,25,-50,-1,-9,0,-10,0,1,2,8,0,10,10,30,1,1,0,2,-75,2,-40,0,0,-40,200,-50,0,0,-50,25,1,30,10,-50,-10,200,5,30,20,5,-50,-25
f1687608-4caa-49ba-a8c2-48eb2ffe474c,Residential,R2057_1_1,2,400,200,200,400,0,19.2,513.94452,23.52504,556.66956,0,280844,302.8,212598.908,111.61128,213013.3193,-1500,2,-195,-5,0,-200,50,-20,-49,-1,0,-50,0,1,-2,-28,0,-30,25,-50,-1,-9,0,-10,0,1,2,8,0,10,10,30,1,1,0,2,-75,2,-40,0,0,-40,200,-50,0,0,-50,25,1,30,10,-50,-10,200,5,30,20,5,-50,-25
f668736a-bac5-4b60-9ef7-34e6af6f6e24,Residential,R1660_1_1,2,400,200,200,400,0,19.2,513.94452,23.52504,556.66956,0,280844,302.8,212598.908,111.61128,213013.3193,-1500,2,-195,-5,0,-200,50,-20,-49,-1,0,-50,0,1,-2,-28,0,-30,25,-50,-1,-9,0,-10,0,1,2,8,0,10,10,30,1,1,0,2,-75,2,-40,0,0,-40,200,-50,0,0,-50,25,1,30,10,-50,-10,200,5,30,20,5,-50,-25
965bf5c2-0fa3-4c41-a521-203edf08574e,Residential,R1841_1_1,2,400,200,200,400,0,19.2,513.94452,23.52504,556.66956,0,280844,302.8,212598.908,111.61128,213013.3193,-1500,2,-195,-5,0,-200,50,-20,-49,-1,0,-50,0,1,-2,-28,0,-30,25,-50,-1,-9,0,-10,0,1,2,8,0,10,10,30,1,1,0,2,-75,2,-40,0,0,-40,200,-50,0,0,-50,25,1,30,10,-50,-10,200,5,30,20,5,-50,-25
be65d80b-3622-49e0-8dc6-3d785e8db4e9,Residential,R1124_1_1,2,400,200,200,400,0,19.2,513.94452,23.52504,556.66956,0,280844,302.8,212598.908,111.61128,213013.3193,-1500,2,-195,-5,0,-200,50,-20,-49,-1,0,-50,0,1,-2,-28,0,-30,25,-50,-1,-9,0,-10,0,1,2,8,0,10,10,30,1,1,0,2,-75,2,-40,0,0,-40,200,-50,0,0,-50,25,1,30,10,-50,-10,200,5,30,20,5,-50,-25
50b5ed95-9efe-470a-86b8-714bcb1c2e4f,Residential,R1141_1_1,2,400,200,200,400,0,19.2,513.94452,23.52504,556.66956,0,280844,302.8,212598.908,111.61128,213013.3193,-1500,2,-195,-5,0,-200,50,-20,-49,-1,0,-50,0,1,-2,-28,0,-30,25,-50,-1,-9,0,-10,0,1,2,8,0,10,10,30,1,1,0,2,-75,2,-40,0,0,-40,200,-50,0,0,-50,25,1,30,10,-50,-10,200,5,30,20,5,-50,-25
6fa58d19-0a94-4f4c-93bc-d0c57bc1aed0,Residential,R257_1_1,2,400,200,200,400,0,19.2,513.94452,23.52504,556.66956,0,280844,302.8,212598.908,111.61128,213013.3193,-1500,2,-195,-5,0,-200,50,-20,-49,-1,0,-50,0,1,-2,-28,0,-30,25,-50,-1,-9,0,-10,0,1,2,8,0,10,10,30,1,1,0,2,-75,2,-40,0,0,-40,200,-50,0,0,-50,25,1,30,10,-50,-10,200,5,30,20,5,-50,-25
4ae10d60-f313-47ab-9272-0c33a0c66f8b,Residential,R1465_1_1,2,400,200,200,400,0,19.2,513.94452,23.52504,556.66956,0,280844,302.8,212598.908,111.61128,213013.3193,-1500,2,-195,-5,0,-200,50,-20,-49,-1,0,-50,0,1,-2,-28,0,-30,25,-50,-1,-9,0,-10,0,1,2,8,0,10,10,30,1,1,0,2,-75,2,-40,0,0,-40,200,-50,0,0,-50,25,1,30,10,-50,-10,200,5,30,20,5,-50,-25
e3d25b7b-22a9-406b-8f6f-77a460b83525,Residential,R695_1_1,2,400,200,200,400,0,19.2,513.94452,23.52504,556.66956,0,280844,302.8,212598.908,111.61128,213013.3193,-1500,2,-195,-5,0,-200,50,-20,-49,-1,0,-50,0,1,-2,-28,0,-30,25,-50,-1,-9,0,-10,0,1,2,8,0,10,10,30,1,1,0,2,-75,2,-40,0,0,-40,200,-50,0,0,-50,25,1,30,10,-50,-10,200,5,30,20,5,-50,-25
00c16403-7052-4790-86f5-874907afb243,Residential,R2025_1_1,2,400,200,200,400,0,19.2,513.94452,23.52504,556.66956,0,280844,302.8,212598.908,111.61128,213013.3193,-1500,2,-195,-5,0,-200,50,-20,-49,-1,0,-50,0,1,-2,-28,0,-30,25,-50,-1,-9,0,-10,0,1,2,8,0,10,10,30,1,1,0,2,-75,2,-40,0,0,-40,200,-50,0,0,-50,25,1,30,10,-50,-10,200,5,30,20,5,-50,-25
e95e9073-92ce-4c80-b1db-3c7487ca34ae,Residential,R716_1_1,2,400,200,200,400,0,19.2,513.94452,23.52504,556.66956,0,280844,302.8,212598.908,111.61128,213013.3193,-1500,2,-195,-5,0,-200,50,-20,-49,-1,0,-50,0,1,-2,-28,0,-30,25,-50,-1,-9,0,-10,0,1,2,8,0,10,10,30,1,1,0,2,-75,2,-40,0,0,-40,200,-50,0,0,-50,25,1,30,10,-50,-10,200,5,30,20,5,-50,-25
e36a2ef4-470f-4036-b059-7318967ab299,Residential,R455_1_1,2,400,200,200,400,0,19.2,513.94452,23.52504,556.66956,0,280844,302.8,212598.908,111.61128,213013.3193,-1500,2,-195,-5,0,-200,50,-20,-49,-1,0,-50,0,1,-2,-28,0,-30,25,-50,-1,-9,0,-10,0,1,2,8,0,10,10,30,1,1,0,2,-75,2,-40,0,0,-40,200,-50,0,0,-50,25,1,30,10,-50,-10,200,5,30,20,5,-50,-25
4a2e474a-372e-4f17-869b-b378d45278cd,Residential,R622_1_1,2,400,200,200,400,0,19.2,513.94452,23.52504,556.66956,0,280844,302.8,212598.908,111.61128,213013.3193,-1500,2,-195,-5,0,-200,50,-20,-49,-1,0,-50,0,1,-2,-28,0,-30,25,-50,-1,-9,0,-10,0,1,2,8,0,10,10,30,1,1,0,2,-75,2,-40,0,0,-40,200,-50,0,0,-50,25,1,30,10,-50,-10,200,5,30,20,5,-50,-25
b505da12-0134-44f6-b594-68b607bb896e,Residential,R1590_1_1,2,400,200,200,400,0,19.2,513.94452,23.52504,556.66956,0,280844,302.8,212598.908,111.61128,213013.3193,-1500,2,-195,-5,0,-200,50,-20,-49,-1,0,-50,0,1,-2,-28,0,-30,25,-50,-1,-9,0,-10,0,1,2,8,0,10,10,30,1,1,0,2,-75,2,-40,0,0,-40,200,-50,0,0,-50,25,1,30,10,-50,-10,200,5,30,20,5,-50,-25
4cae49c5-7816-421d-9a64-ff3b6d02aef5,Residential,R994_1_1,2,400,200,200,400,0,19.2,513.94452,23.52504,556.66956,0,280844,302.8,212598.908,111.61128,213013.3193,-1500,2,-195,-5,0,-200,50,-20,-49,-1,0,-50,0,1,-2,-28,0,-30,25,-50,-1,-9,0,-10,0,1,2,8,0,10,10,30,1,1,0,2,-75,2,-40,0,0,-40,200,-50,0,0,-50,25,1,30,10,-50,-10,200,5,30,20,5,-50,-25
b4319d98-fec3-442d-aff7-d58f0d142a49,Residential,R1225_1_1,2,400,200,200,400,0,19.2,513.94452,23.52504,556.66956,0,280844,302.8,212598.908,111.61128,213013.3193,-1500,2,-195,-5,0,-200,50,-20,-49,-1,0,-50,0,1,-2,-28,0,-30,25,-50,-1,-9,0,-10,0,1,2,8,0,10,10,30,1,1,0,2,-75,2,-40,0,0,-40,200,-50,0,0,-50,25,1,30,10,-50,-10,200,5,30,20,5,-50,-25
e75f0423-2b28-42ef-b127-3d006e3458de,Residential,R1210_1_1,2,400,200,200,400,0,19.2,513.94452,23.52504,556.66956,0,280844,302.8,212598.908,111.61128,213013.3193,-1500,2,-195,-5,0,-200,50,-20,-49,-1,0,-50,0,1,-2,-28,0,-30,25,-50,-1,-9,0,-10,0,1,2,8,0,10,10,30,1,1,0,2,-75,2,-40,0,0,-40,200,-50,0,0,-50,25,1,30,10,-50,-10,200,5,30,20,5,-50,-25
c46a3330-a4e7-444e-8a03-5792d1915354,Residential,R1211_1_1,2,400,200,200,400,0,19.2,513.94452,23.52504,556.66956,0,280844,302.8,212598.908,111.61128,213013.3193,-1500,2,-195,-5,0,-200,50,-20,-49,-1,0,-50,0,1,-2,-28,0,-30,25,-50,-1,-9,0,-10,0,1,2,8,0,10,10,30,1,1,0,2,-75,2,-40,0,0,-40,200,-50,0,0,-50,25,1,30,10,-50,-10,200,5,30,20,5,-50,-25
a860363d-b4b9-441f-92d9-ca2a23e6f581,Residential,R1875_1_1,2,400,200,200,400,0,19.2,513.94452,23.52504,556.66956,0,280844,302.8,212598.908,111.61128,213013.3193,-1500,2,-195,-5,0,-200,50,-20,-49,-1,0,-50,0,1,-2,-28,0,-30,25,-50,-1,-9,0,-10,0,1,2,8,0,10,10,30,1,1,0,2,-75,2,-40,0,0,-40,200,-50,0,0,-50,25,1,30,10,-50,-10,200,5,30,20,5,-50,-25
05b4f503-6a47-4420-9614-b55802bcb1f9,Residential,R1220_1_1,2,400,200,200,400,0,19.2,513.94452,23.52504,556.66956,0,280844,302.8,212598.908,111.61128,213013.3193,-1500,2,-195,-5,0,-200,50,-20,-49,-1,0,-50,0,1,-2,-28,0,-30,25,-50,-1,-9,0,-10,0,1,2,8,0,10,10,30,1,1,0,2,-75,2,-40,0,0,-40,200,-50,0,0,-50,25,1,30,10,-50,-10,200,5,30,20,5,-50,-25
45229d97-ee39-4a44-837f-6de0bc9b30d7,Residential,R767_1_1,2,400,200,200,400,0,19.2,513.94452,23.52504,556.66956,0,280844,302.8,212598.908,111.61128,213013.3193,-1500,2,-195,-5,0,-200,50,-20,-49,-1,0,-50,0,1,-2,-28,0,-30,25,-50,-1,-9,0,-10,0,1,2,8,0,10,10,30,1,1,0,2,-75,2,-40,0,0,-40,200,-50,0,0,-50,25,1,30,10,-50,-10,200,5,30,20,5,-50,-25
3fbb0d9c-c5ae-49a0-bccb-7790a1f3260e,Residential,R815_1_1,2,400,200,200,400,0,19.2,513.94452,23.52504,556.66956,0,280844,302.8,212598.908,111.61128,213013.3193,-1500,2,-195,-5,0,-200,50,-20,-49,-1,0,-50,0,1,-2,-28,0,-30,25,-50,-1,-9,0,-10,0,1,2,8,0,10,10,30,1,1,0,2,-75,2,-40,0,0,-40,200,-50,0,0,-50,25,1,30,10,-50,-10,200,5,30,20,5,-50,-25
bb27db4a-2b17-431b-89ea-4c255478e796,Residential,R1698_1_1,2,400,200,200,400,0,19.2,513.94452,23.52504,556.66956,0,280844,302.8,212598.908,111.61128,213013.3193,-1500,2,-195,-5,0,-200,50,-20,-49,-1,0,-50,0,1,-2,-28,0,-30,25,-50,-1,-9,0,-10,0,1,2,8,0,10,10,30,1,1,0,2,-75,2,-40,0,0,-40,200,-50,0,0,-50,25,1,30,10,-50,-10,200,5,30,20,5,-50,-25
187a52bd-6cec-4955-b00f-a2f68d26863c,Residential,R367_1_1,2,400,200,200,400,0,19.2,513.94452,23.52504,556.66956,0,280844,302.8,212598.908,111.61128,213013.3193,-1500,2,-195,-5,0,-200,50,-20,-49,-1,0,-50,0,1,-2,-28,0,-30,25,-50,-1,-9,0,-10,0,1,2,8,0,10,10,30,1,1,0,2,-75,2,-40,0,0,-40,200,-50,0,0,-50,25,1,30,10,-50,-10,200,5,30,20,5,-50,-25
542f6fd8-7f2a-4641-967f-3aad2672694e,Residential,R833_1_1,2,400,200,200,400,0,19.2,513.94452,23.52504,556.66956,0,280844,302.8,212598.908,111.61128,213013.3193,-1500,2,-195,-5,0,-200,50,-20,-49,-1,0,-50,0,1,-2,-28,0,-30,25,-50,-1,-9,0,-10,0,1,2,8,0,10,10,30,1,1,0,2,-75,2,-40,0,0,-40,200,-50,0,0,-50,25,1,30,10,-50,-10,200,5,30,20,5,-50,-25
c8ca7a31-e236-4396-a3e1-e53c6d22e91a,Residential,R1792_1_1,2,400,200,200,400,0,19.2,513.94452,23.52504,556.66956,0,280844,302.8,212598.908,111.61128,213013.3193,-1500,2,-195,-5,0,-200,50,-20,-49,-1,0,-50,0,1,-2,-28,0,-30,25,-50,-1,-9,0,-10,0,1,2,8,0,10,10,30,1,1,0,2,-75,2,-40,0,0,-40,200,-50,0,0,-50,25,1,30,10,-50,-10,200,5,30,20,5,-50,-25
b2fc3b8a-012f-4d75-a2ca-6e9a418e0ebc,Residential,R1264_1_1,2,400,200,200,400,0,19.2,513.94452,23.52504,556.66956,0,280844,302.8,212598.908,111.61128,213013.3193,-1500,2,-195,-5,0,-200,50,-20,-49,-1,0,-50,0,1,-2,-28,0,-30,25,-50,-1,-9,0,-10,0,1,2,8,0,10,10,30,1,1,0,2,-75,2,-40,0,0,-40,200,-50,0,0,-50,25,1,30,10,-50,-10,200,5,30,20,5,-50,-25
ea4a424d-fc24-42b3-959c-e46191c25975,Residential,R481_1_1,2,400,200,200,400,0,19.2,513.94452,23.52504,556.66956,0,280844,302.8,212598.908,111.61128,213013.3193,-1500,2,-195,-5,0,-200,50,-20,-49,-1,0,-50,0,1,-2,-28,0,-30,25,-50,-1,-9,0,-10,0,1,2,8,0,10,10,30,1,1,0,2,-75,2,-40,0,0,-40,200,-50,0,0,-50,25,1,30,10,-50,-10,200,5,30,20,5,-50,-25
a7c87001-40d9-4371-b920-9f5ea2a93e5b,Residential,R1056_1_1,2,400,200,200,400,0,19.2,513.94452,23.52504,556.66956,0,280844,302.8,212598.908,111.61128,213013.3193,-1500,2,-195,-5,0,-200,50,-20,-49,-1,0,-50,0,1,-2,-28,0,-30,25,-50,-1,-9,0,-10,0,1,2,8,0,10,10,30,1,1,0,2,-75,2,-40,0,0,-40,200,-50,0,0,-50,25,1,30,10,-50,-10,200,5,30,20,5,-50,-25
ed69c421-c9fa-43e9-8540-554bdbbeaee6,Residential,R1720_1_1,2,400,200,200,400,0,19.2,513.94452,23.52504,556.66956,0,280844,302.8,212598.908,111.61128,213013.3193,-1500,2,-195,-5,0,-200,50,-20,-49,-1,0,-50,0,1,-2,-28,0,-30,25,-50,-1,-9,0,-10,0,1,2,8,0,10,10,30,1,1,0,2,-75,2,-40,0,0,-40,200,-50,0,0,-50,25,1,30,10,-50,-10,200,5,30,20,5,-50,-25
58b131fd-39ad-4327-8667-41924369ad30,Residential,R807_1_1,2,400,200,200,400,0,19.2,513.94452,23.52504,556.66956,0,280844,302.8,212598.908,111.61128,213013.3193,-1500,2,-195,-5,0,-200,50,-20,-49,-1,0,-50,0,1,-2,-28,0,-30,25,-50,-1,-9,0,-10,0,1,2,8,0,10,10,30,1,1,0,2,-75,2,-40,0,0,-40,200,-50,0,0,-50,25,1,30,10,-50,-10,200,5,30,20,5,-50,-25
69989c52-8491-4c33-a4f3-cbbfa0d197af,Residential,R1034_1_1,2,400,200,200,400,0,19.2,513.94452,23.52504,556.66956,0,280844,302.8,212598.908,111.61128,213013.3193,-1500,2,-195,-5,0,-200,50,-20,-49,-1,0,-50,0,1,-2,-28,0,-30,25,-50,-1,-9,0,-10,0,1,2,8,0,10,10,30,1,1,0,2,-75,2,-40,0,0,-40,200,-50,0,0,-50,25,1,30,10,-50,-10,200,5,30,20,5,-50,-25
c88e6540-49af-4293-97ba-830ee7603509,Residential,R463_1_1,2,400,200,200,400,0,19.2,513.94452,23.52504,556.66956,0,280844,302.8,212598.908,111.61128,213013.3193,-1500,2,-195,-5,0,-200,50,-20,-49,-1,0,-50,0,1,-2,-28,0,-30,25,-50,-1,-9,0,-10,0,1,2,8,0,10,10,30,1,1,0,2,-75,2,-40,0,0,-40,200,-50,0,0,-50,25,1,30,10,-50,-10,200,5,30,20,5,-50,-25
52c9ef1e-b408-445e-acd5-091be88e0fa8,Residential,R899_1_1,2,400,200,200,400,0,19.2,513.94452,23.52504,556.66956,0,280844,302.8,212598.908,111.61128,213013.3193,-1500,2,-195,-5,0,-200,50,-20,-49,-1,0,-50,0,1,-2,-28,0,-30,25,-50,-1,-9,0,-10,0,1,2,8,0,10,10,30,1,1,0,2,-75,2,-40,0,0,-40,200,-50,0,0,-50,25,1,30,10,-50,-10,200,5,30,20,5,-50,-25
5df5f5b3-9e97-4d24-ae2a-7b2f9e830c12,Residential,R1528_1_1,2,400,200,200,400,0,19.2,513.94452,23.52504,556.66956,0,280844,302.8,212598.908,111.61128,213013.3193,-1500,2,-195,-5,0,-200,50,-20,-49,-1,0,-50,0,1,-2,-28,0,-30,25,-50,-1,-9,0,-10,0,1,2,8,0,10,10,30,1,1,0,2,-75,2,-40,0,0,-40,200,-50,0,0,-50,25,1,30,10,-50,-10,200,5,30,20,5,-50,-25
e1550f59-c161-4a96-a855-484bdfd8633e,Residential,R1458_1_1,2,400,200,200,400,0,19.2,513.94452,23.52504,556.66956,0,280844,302.8,212598.908,111.61128,213013.3193,-1500,2,-195,-5,0,-200,50,-20,-49,-1,0,-50,0,1,-2,-28,0,-30,25,-50,-1,-9,0,-10,0,1,2,8,0,10,10,30,1,1,0,2,-75,2,-40,0,0,-40,200,-50,0,0,-50,25,1,30,10,-50,-10,200,5,30,20,5,-50,-25
c571caad-e4ba-4d61-9ef8-26e73185b620,Residential,R919_1_1,2,400,200,200,400,0,19.2,513.94452,23.52504,556.66956,0,280844,302.8,212598.908,111.61128,213013.3193,-1500,2,-195,-5,0,-200,50,-20,-49,-1,0,-50,0,1,-2,-28,0,-30,25,-50,-1,-9,0,-10,0,1,2,8,0,10,10,30,1,1,0,2,-75,2,-40,0,0,-40,200,-50,0,0,-50,25,1,30,10,-50,-10,200,5,30,20,5,-50,-25
a0914127-722a-4c75-a9ae-3cbe913f3b64,Residential,R1999_1_1,2,400,200,200,400,0,19.2,513.94452,23.52504,556.66956,0,280844,302.8,212598.908,111.61128,213013.3193,-1500,2,-195,-5,0,-200,50,-20,-49,-1,0,-50,0,1,-2,-28,0,-30,25,-50,-1,-9,0,-10,0,1,2,8,0,10,10,30,1,1,0,2,-75,2,-40,0,0,-40,200,-50,0,0,-50,25,1,30,10,-50,-10,200,5,30,20,5,-50,-25
62b0e4c1-a687-4918-8553-1094c9d90302,Residential,R570_1_1,2,400,200,200,400,0,19.2,513.94452,23.52504,556.66956,0,280844,302.8,212598.908,111.61128,213013.3193,-1500,2,-195,-5,0,-200,50,-20,-49,-1,0,-50,0,1,-2,-28,0,-30,25,-50,-1,-9,0,-10,0,1,2,8,0,10,10,30,1,1,0,2,-75,2,-40,0,0,-40,200,-50,0,0,-50,25,1,30,10,-50,-10,200,5,30,20,5,-50,-25
9bc57183-53d1-4b01-8b16-ed20cfd0a09c,Residential,R1891_1_1,2,400,200,200,400,0,19.2,513.94452,23.52504,556.66956,0,280844,302.8,212598.908,111.61128,213013.3193,-1500,2,-195,-5,0,-200,50,-20,-49,-1,0,-50,0,1,-2,-28,0,-30,25,-50,-1,-9,0,-10,0,1,2,8,0,10,10,30,1,1,0,2,-75,2,-40,0,0,-40,200,-50,0,0,-50,25,1,30,10,-50,-10,200,5,30,20,5,-50,-25
60734e3c-4a90-4b2f-ba96-caf8dbdf90ed,Residential,R855_1_1,2,400,200,200,400,0,19.2,513.94452,23.52504,556.66956,0,280844,302.8,212598.908,111.61128,213013.3193,-1500,2,-195,-5,0,-200,50,-20,-49,-1,0,-50,0,1,-2,-28,0,-30,25,-50,-1,-9,0,-10,0,1,2,8,0,10,10,30,1,1,0,2,-75,2,-40,0,0,-40,200,-50,0,0,-50,25,1,30,10,-50,-10,200,5,30,20,5,-50,-25
089b19de-1cc0-42bf-9e80-7fb27c0b3645,Residential,R1428_1_1,2,400,200,200,400,0,19.2,513.94452,23.52504,556.66956,0,280844,302.8,212598.908,111.61128,213013.3193,-1500,2,-195,-5,0,-200,50,-20,-49,-1,0,-50,0,1,-2,-28,0,-30,25,-50,-1,-9,0,-10,0,1,2,8,0,10,10,30,1,1,0,2,-75,2,-40,0,0,-40,200,-50,0,0,-50,25,1,30,10,-50,-10,200,5,30,20,5,-50,-25
9cab2f4f-f358-4c6b-8110-fb2c35a22768,Residential,R653_1_1,2,400,200,200,400,0,19.2,513.94452,23.52504,556.66956,0,280844,302.8,212598.908,111.61128,213013.3193,-1500,2,-195,-5,0,-200,50,-20,-49,-1,0,-50,0,1,-2,-28,0,-30,25,-50,-1,-9,0,-10,0,1,2,8,0,10,10,30,1,1,0,2,-75,2,-40,0,0,-40,200,-50,0,0,-50,25,1,30,10,-50,-10,200,5,30,20,5,-50,-25
98d1d037-0193-494c-a35f-3ff031f7a804,Residential,R752_1_1,2,400,200,200,400,0,19.2,513.94452,23.52504,556.66956,0,280844,302.8,212598.908,111.61128,213013.3193,-1500,2,-195,-5,0,-200,50,-20,-49,-1,0,-50,0,1,-2,-28,0,-30,25,-50,-1,-9,0,-10,0,1,2,8,0,10,10,30,1,1,0,2,-75,2,-40,0,0,-40,200,-50,0,0,-50,25,1,30,10,-50,-10,200,5,30,20,5,-50,-25
b55381ce-3fc8-4b74-ab93-4208a7e11d4f,Residential,R1223_1_1,2,400,200,200,400,0,19.2,513.94452,23.52504,556.66956,0,280844,302.8,212598.908,111.61128,213013.3193,-1500,2,-195,-5,0,-200,50,-20,-49,-1,0,-50,0,1,-2,-28,0,-30,25,-50,-1,-9,0,-10,0,1,2,8,0,10,10,30,1,1,0,2,-75,2,-40,0,0,-40,200,-50,0,0,-50,25,1,30,10,-50,-10,200,5,30,20,5,-50,-25
01dc4426-9d99-482e-b9f7-7ed91e6400dc,Residential,R1828_1_1,2,400,200,200,400,0,19.2,513.94452,23.52504,556.66956,0,280844,302.8,212598.908,111.61128,213013.3193,-1500,2,-195,-5,0,-200,50,-20,-49,-1,0,-50,0,1,-2,-28,0,-30,25,-50,-1,-9,0,-10,0,1,2,8,0,10,10,30,1,1,0,2,-75,2,-40,0,0,-40,200,-50,0,0,-50,25,1,30,10,-50,-10,200,5,30,20,5,-50,-25
d71fd223-c490-42e3-b0ec-7a394322bf96,Residential,R1725_1_1,2,400,200,200,400,0,19.2,513.94452,23.52504,556.66956,0,280844,302.8,212598.908,111.61128,213013.3193,-1500,2,-195,-5,0,-200,50,-20,-49,-1,0,-50,0,1,-2,-28,0,-30,25,-50,-1,-9,0,-10,0,1,2,8,0,10,10,30,1,1,0,2,-75,2,-40,0,0,-40,200,-50,0,0,-50,25,1,30,10,-50,-10,200,5,30,20,5,-50,-25
3a4d3b16-38d0-49c8-b6f9-df755fc1582b,Residential,R1321_1_1,2,400,200,200,400,0,19.2,513.94452,23.52504,556.66956,0,280844,302.8,212598.908,111.61128,213013.3193,-1500,2,-195,-5,0,-200,50,-20,-49,-1,0,-50,0,1,-2,-28,0,-30,25,-50,-1,-9,0,-10,0,1,2,8,0,10,10,30,1,1,0,2,-75,2,-40,0,0,-40,200,-50,0,0,-50,25,1,30,10,-50,-10,200,5,30,20,5,-50,-25
6216c9dd-4c69-4b16-9d78-9a001486a5d0,Residential,R1837_1_1,2,400,200,200,400,0,19.2,513.94452,23.52504,556.66956,0,280844,302.8,212598.908,111.61128,213013.3193,-1500,2,-195,-5,0,-200,50,-20,-49,-1,0,-50,0,1,-2,-28,0,-30,25,-50,-1,-9,0,-10,0,1,2,8,0,10,10,30,1,1,0,2,-75,2,-40,0,0,-40,200,-50,0,0,-50,25,1,30,10,-50,-10,200,5,30,20,5,-50,-25
d91bf1b3-3f0c-40c0-9b1b-bfbbafd4298e,Residential,R717_1_1,2,400,200,200,400,0,19.2,513.94452,23.52504,556.66956,0,280844,302.8,212598.908,111.61128,213013.3193,-1500,2,-195,-5,0,-200,50,-20,-49,-1,0,-50,0,1,-2,-28,0,-30,25,-50,-1,-9,0,-10,0,1,2,8,0,10,10,30,1,1,0,2,-75,2,-40,0,0,-40,200,-50,0,0,-50,25,1,30,10,-50,-10,200,5,30,20,5,-50,-25
51fb5e74-f0aa-4ebc-afe0-9f97025aad71,Residential,R1716_1_1,2,400,200,200,400,0,19.2,513.94452,23.52504,556.66956,0,280844,302.8,212598.908,111.61128,213013.3193,-1500,2,-195,-5,0,-200,50,-20,-49,-1,0,-50,0,1,-2,-28,0,-30,25,-50,-1,-9,0,-10,0,1,2,8,0,10,10,30,1,1,0,2,-75,2,-40,0,0,-40,200,-50,0,0,-50,25,1,30,10,-50,-10,200,5,30,20,5,-50,-25
8174d874-2a7d-4c53-aaef-22b0303cc948,Residential,R79_1_1,2,400,200,200,400,0,19.2,513.94452,23.52504,556.66956,0,280844,302.8,212598.908,111.61128,213013.3193,-1500,2,-195,-5,0,-200,50,-20,-49,-1,0,-50,0,1,-2,-28,0,-30,25,-50,-1,-9,0,-10,0,1,2,8,0,10,10,30,1,1,0,2,-75,2,-40,0,0,-40,200,-50,0,0,-50,25,1,30,10,-50,-10,200,5,30,20,5,-50,-25
2f60ed21-2988-4dea-9fd7-b026290d9727,Residential,R1208_1_1,2,400,200,200,400,0,19.2,513.94452,23.52504,556.66956,0,280844,302.8,212598.908,111.61128,213013.3193,-1500,2,-195,-5,0,-200,50,-20,-49,-1,0,-50,0,1,-2,-28,0,-30,25,-50,-1,-9,0,-10,0,1,2,8,0,10,10,30,1,1,0,2,-75,2,-40,0,0,-40,200,-50,0,0,-50,25,1,30,10,-50,-10,200,5,30,20,5,-50,-25
6743e765-fa2e-4d66-9245-c770c714cd6e,Residential,R1633_1_1,2,400,200,200,400,0,19.2,513.94452,23.52504,556.66956,0,280844,302.8,212598.908,111.61128,213013.3193,-1500,2,-195,-5,0,-200,50,-20,-49,-1,0,-50,0,1,-2,-28,0,-30,25,-50,-1,-9,0,-10,0,1,2,8,0,10,10,30,1,1,0,2,-75,2,-40,0,0,-40,200,-50,0,0,-50,25,1,30,10,-50,-10,200,5,30,20,5,-50,-25
153c5d0b-adc7-4406-858a-b7be74c5e9f2,Residential,R479_1_1,2,400,200,200,400,0,19.2,513.94452,23.52504,556.66956,0,280844,302.8,212598.908,111.61128,213013.3193,-1500,2,-195,-5,0,-200,50,-20,-49,-1,0,-50,0,1,-2,-28,0,-30,25,-50,-1,-9,0,-10,0,1,2,8,0,10,10,30,1,1,0,2,-75,2,-40,0,0,-40,200,-50,0,0,-50,25,1,30,10,-50,-10,200,5,30,20,5,-50,-25
54a59d7f-b4b1-49eb-ae5b-9d19aefcf739,Residential,R799_1_1,2,400,200,200,400,0,19.2,513.94452,23.52504,556.66956,0,280844,302.8,212598.908,111.61128,213013.3193,-1500,2,-195,-5,0,-200,50,-20,-49,-1,0,-50,0,1,-2,-28,0,-30,25,-50,-1,-9,0,-10,0,1,2,8,0,10,10,30,1,1,0,2,-75,2,-40,0,0,-40,200,-50,0,0,-50,25,1,30,10,-50,-10,200,5,30,20,5,-50,-25
8ec42944-d219-43b7-a31d-3f199cef25e2,Residential,R1551_1_1,2,400,200,200,400,0,19.2,513.94452,23.52504,556.66956,0,280844,302.8,212598.908,111.61128,213013.3193,-1500,2,-195,-5,0,-200,50,-20,-49,-1,0,-50,0,1,-2,-28,0,-30,25,-50,-1,-9,0,-10,0,1,2,8,0,10,10,30,1,1,0,2,-75,2,-40,0,0,-40,200,-50,0,0,-50,25,1,30,10,-50,-10,200,5,30,20,5,-50,-25
909b8fd4-e8eb-4038-ba9c-71c3cbba7478,Residential,R1881_1_1,2,400,200,200,400,0,19.2,513.94452,23.52504,556.66956,0,280844,302.8,212598.908,111.61128,213013.3193,-1500,2,-195,-5,0,-200,50,-20,-49,-1,0,-50,0,1,-2,-28,0,-30,25,-50,-1,-9,0,-10,0,1,2,8,0,10,10,30,1,1,0,2,-75,2,-40,0,0,-40,200,-50,0,0,-50,25,1,30,10,-50,-10,200,5,30,20,5,-50,-25
9735c37c-afe4-4d84-8101-9f0366e87e2a,Residential,R2109_1_1,2,400,200,200,400,0,19.2,513.94452,23.52504,556.66956,0,280844,302.8,212598.908,111.61128,213013.3193,-1500,2,-195,-5,0,-200,50,-20,-49,-1,0,-50,0,1,-2,-28,0,-30,25,-50,-1,-9,0,-10,0,1,2,8,0,10,10,30,1,1,0,2,-75,2,-40,0,0,-40,200,-50,0,0,-50,25,1,30,10,-50,-10,200,5,30,20,5,-50,-25
ad68ae18-3f79-45b7-a611-12981fb2fbc0,Residential,R747_1_1,2,400,200,200,400,0,19.2,513.94452,23.52504,556.66956,0,280844,302.8,212598.908,111.61128,213013.3193,-1500,2,-195,-5,0,-200,50,-20,-49,-1,0,-50,0,1,-2,-28,0,-30,25,-50,-1,-9,0,-10,0,1,2,8,0,10,10,30,1,1,0,2,-75,2,-40,0,0,-40,200,-50,0,0,-50,25,1,30,10,-50,-10,200,5,30,20,5,-50,-25
4b1dd022-d37f-4df3-a72f-a04f9ba1c6ca,Residential,R1960_1_1,2,400,200,200,400,0,19.2,513.94452,23.52504,556.66956,0,280844,302.8,212598.908,111.61128,213013.3193,-1500,2,-195,-5,0,-200,50,-20,-49,-1,0,-50,0,1,-2,-28,0,-30,25,-50,-1,-9,0,-10,0,1,2,8,0,10,10,30,1,1,0,2,-75,2,-40,0,0,-40,200,-50,0,0,-50,25,1,30,10,-50,-10,200,5,30,20,5,-50,-25
2333cd6a-c515-47ab-9b18-537ec0740e0f,Residential,R697_1_1,2,400,200,200,400,0,19.2,513.94452,23.52504,556.66956,0,280844,302.8,212598.908,111.61128,213013.3193,-1500,2,-195,-5,0,-200,50,-20,-49,-1,0,-50,0,1,-2,-28,0,-30,25,-50,-1,-9,0,-10,0,1,2,8,0,10,10,30,1,1,0,2,-75,2,-40,0,0,-40,200,-50,0,0,-50,25,1,30,10,-50,-10,200,5,30,20,5,-50,-25
5de26494-5706-44c7-b330-5d597ea11e92,Residential,R1387_1_1,2,400,200,200,400,0,19.2,513.94452,23.52504,556.66956,0,280844,302.8,212598.908,111.61128,213013.3193,-1500,2,-195,-5,0,-200,50,-20,-49,-1,0,-50,0,1,-2,-28,0,-30,25,-50,-1,-9,0,-10,0,1,2,8,0,10,10,30,1,1,0,2,-75,2,-40,0,0,-40,200,-50,0,0,-50,25,1,30,10,-50,-10,200,5,30,20,5,-50,-25
e060371a-7b9f-49d0-aed9-ab3f62a3c9f6,Residential,R1274_1_1,2,400,200,200,400,0,19.2,513.94452,23.52504,556.66956,0,280844,302.8,212598.908,111.61128,213013.3193,-1500,2,-195,-5,0,-200,50,-20,-49,-1,0,-50,0,1,-2,-28,0,-30,25,-50,-1,-9,0,-10,0,1,2,8,0,10,10,30,1,1,0,2,-75,2,-40,0,0,-40,200,-50,0,0,-50,25,1,30,10,-50,-10,200,5,30,20,5,-50,-25
b33b6a73-c3ab-4d95-a851-bd94fd6e6d87,Residential,R1256_1_1,2,400,200,200,400,0,19.2,513.94452,23.52504,556.66956,0,280844,302.8,212598.908,111.61128,213013.3193,-1500,2,-195,-5,0,-200,50,-20,-49,-1,0,-50,0,1,-2,-28,0,-30,25,-50,-1,-9,0,-10,0,1,2,8,0,10,10,30,1,1,0,2,-75,2,-40,0,0,-40,200,-50,0,0,-50,25,1,30,10,-50,-10,200,5,30,20,5,-50,-25
392cccf5-eeda-445e-a27e-62a62e50a4cb,Residential,R1037_1_1,2,400,200,200,400,0,19.2,513.94452,23.52504,556.66956,0,280844,302.8,212598.908,111.61128,213013.3193,-1500,2,-195,-5,0,-200,50,-20,-49,-1,0,-50,0,1,-2,-28,0,-30,25,-50,-1,-9,0,-10,0,1,2,8,0,10,10,30,1,1,0,2,-75,2,-40,0,0,-40,200,-50,0,0,-50,25,1,30,10,-50,-10,200,5,30,20,5,-50,-25
efb08c14-f245-448f-af91-9fc3ec437174,Residential,R859_1_1,2,400,200,200,400,0,19.2,513.94452,23.52504,556.66956,0,280844,302.8,212598.908,111.61128,213013.3193,-1500,2,-195,-5,0,-200,50,-20,-49,-1,0,-50,0,1,-2,-28,0,-30,25,-50,-1,-9,0,-10,0,1,2,8,0,10,10,30,1,1,0,2,-75,2,-40,0,0,-40,200,-50,0,0,-50,25,1,30,10,-50,-10,200,5,30,20,5,-50,-25
bdedc04c-de13-4ef7-982a-cdd70f69b940,Residential,R115_1_1,2,400,200,200,400,0,19.2,513.94452,23.52504,556.66956,0,280844,302.8,212598.908,111.61128,213013.3193,-1500,2,-195,-5,0,-200,50,-20,-49,-1,0,-50,0,1,-2,-28,0,-30,25,-50,-1,-9,0,-10,0,1,2,8,0,10,10,30,1,1,0,2,-75,2,-40,0,0,-40,200,-50,0,0,-50,25,1,30,10,-50,-10,200,5,30,20,5,-50,-25
02ad695b-d251-41d0-b668-4f74b3ff12ae,Residential,R1457_1_1,2,400,200,200,400,0,19.2,513.94452,23.52504,556.66956,0,280844,302.8,212598.908,111.61128,213013.3193,-1500,2,-195,-5,0,-200,50,-20,-49,-1,0,-50,0,1,-2,-28,0,-30,25,-50,-1,-9,0,-10,0,1,2,8,0,10,10,30,1,1,0,2,-75,2,-40,0,0,-40,200,-50,0,0,-50,25,1,30,10,-50,-10,200,5,30,20,5,-50,-25
da3deade-c105-4563-a372-051531d929c2,Residential,R1251_1_1,2,400,200,200,400,0,19.2,513.94452,23.52504,556.66956,0,280844,302.8,212598.908,111.61128,213013.3193,-1500,2,-195,-5,0,-200,50,-20,-49,-1,0,-50,0,1,-2,-28,0,-30,25,-50,-1,-9,0,-10,0,1,2,8,0,10,10,30,1,1,0,2,-75,2,-40,0,0,-40,200,-50,0,0,-50,25,1,30,10,-50,-10,200,5,30,20,5,-50,-25
d664de83-340b-498c-9039-cece3f6fe62a,Residential,R83_1_1,2,400,200,200,400,0,19.2,513.94452,23.52504,556.66956,0,280844,302.8,212598.908,111.61128,213013.3193,-1500,2,-195,-5,0,-200,50,-20,-49,-1,0,-50,0,1,-2,-28,0,-30,25,-50,-1,-9,0,-10,0,1,2,8,0,10,10,30,1,1,0,2,-75,2,-40,0,0,-40,200,-50,0,0,-50,25,1,30,10,-50,-10,200,5,30,20,5,-50,-25
7861881a-1c21-4175-b400-43938ed8118a,Residential,R1144_1_1,2,400,200,200,400,0,19.2,513.94452,23.52504,556.66956,0,280844,302.8,212598.908,111.61128,213013.3193,-1500,2,-195,-5,0,-200,50,-20,-49,-1,0,-50,0,1,-2,-28,0,-30,25,-50,-1,-9,0,-10,0,1,2,8,0,10,10,30,1,1,0,2,-75,2,-40,0,0,-40,200,-50,0,0,-50,25,1,30,10,-50,-10,200,5,30,20,5,-50,-25
8b80be96-e020-4f19-9182-8f51e566315e,Residential,R1355_1_1,2,400,200,200,400,0,19.2,513.94452,23.52504,556.66956,0,280844,302.8,212598.908,111.61128,213013.3193,-1500,2,-195,-5,0,-200,50,-20,-49,-1,0,-50,0,1,-2,-28,0,-30,25,-50,-1,-9,0,-10,0,1,2,8,0,10,10,30,1,1,0,2,-75,2,-40,0,0,-40,200,-50,0,0,-50,25,1,30,10,-50,-10,200,5,30,20,5,-50,-25
4ff457ee-0737-4d61-b021-711162026ce2,Residential,R1905_1_1,2,400,200,200,400,0,19.2,513.94452,23.52504,556.66956,0,280844,302.8,212598.908,111.61128,213013.3193,-1500,2,-195,-5,0,-200,50,-20,-49,-1,0,-50,0,1,-2,-28,0,-30,25,-50,-1,-9,0,-10,0,1,2,8,0,10,10,30,1,1,0,2,-75,2,-40,0,0,-40,200,-50,0,0,-50,25,1,30,10,-50,-10,200,5,30,20,5,-50,-25
013c661f-0fe0-4079-95f8-bb938696856e,Residential,R214_1_1,2,400,200,200,400,0,19.2,513.94452,23.52504,556.66956,0,280844,302.8,212598.908,111.61128,213013.3193,-1500,2,-195,-5,0,-200,50,-20,-49,-1,0,-50,0,1,-2,-28,0,-30,25,-50,-1,-9,0,-10,0,1,2,8,0,10,10,30,1,1,0,2,-75,2,-40,0,0,-40,200,-50,0,0,-50,25,1,30,10,-50,-10,200,5,30,20,5,-50,-25
4fc45588-e7cf-4587-8575-535ba4125f96,Residential,R246_1_1,2,400,200,200,400,0,19.2,513.94452,23.52504,556.66956,0,280844,302.8,212598.908,111.61128,213013.3193,-1500,2,-195,-5,0,-200,50,-20,-49,-1,0,-50,0,1,-2,-28,0,-30,25,-50,-1,-9,0,-10,0,1,2,8,0,10,10,30,1,1,0,2,-75,2,-40,0,0,-40,200,-50,0,0,-50,25,1,30,10,-50,-10,200,5,30,20,5,-50,-25
ddcd013d-ceb9-40e0-9f5e-8bcb7c42621f,Residential,R265_1_1,2,400,200,200,400,0,19.2,513.94452,23.52504,556.66956,0,280844,302.8,212598.908,111.61128,213013.3193,-1500,2,-195,-5,0,-200,50,-20,-49,-1,0,-50,0,1,-2,-28,0,-30,25,-50,-1,-9,0,-10,0,1,2,8,0,10,10,30,1,1,0,2,-75,2,-40,0,0,-40,200,-50,0,0,-50,25,1,30,10,-50,-10,200,5,30,20,5,-50,-25
92f6a115-44d2-4a9c-b7be-a7804f496f11,Residential,R797_1_1,2,400,200,200,400,0,19.2,513.94452,23.52504,556.66956,0,280844,302.8,212598.908,111.61128,213013.3193,-1500,2,-195,-5,0,-200,50,-20,-49,-1,0,-50,0,1,-2,-28,0,-30,25,-50,-1,-9,0,-10,0,1,2,8,0,10,10,30,1,1,0,2,-75,2,-40,0,0,-40,200,-50,0,0,-50,25,1,30,10,-50,-10,200,5,30,20,5,-50,-25
15a8bb6c-58b4-4c64-9fde-1df776c28132,Residential,R657_1_1,2,400,200,200,400,0,19.2,513.94452,23.52504,556.66956,0,280844,302.8,212598.908,111.61128,213013.3193,-1500,2,-195,-5,0,-200,50,-20,-49,-1,0,-50,0,1,-2,-28,0,-30,25,-50,-1,-9,0,-10,0,1,2,8,0,10,10,30,1,1,0,2,-75,2,-40,0,0,-40,200,-50,0,0,-50,25,1,30,10,-50,-10,200,5,30,20,5,-50,-25
9f440a21-01a4-422f-a2e7-188522bdfa05,Residential,R1435_1_1,2,400,200,200,400,0,19.2,513.94452,23.52504,556.66956,0,280844,302.8,212598.908,111.61128,213013.3193,-1500,2,-195,-5,0,-200,50,-20,-49,-1,0,-50,0,1,-2,-28,0,-30,25,-50,-1,-9,0,-10,0,1,2,8,0,10,10,30,1,1,0,2,-75,2,-40,0,0,-40,200,-50,0,0,-50,25,1,30,10,-50,-10,200,5,30,20,5,-50,-25
6c576dd7-4f5b-47bd-b843-088022e1479e,Residential,R1672_1_1,2,400,200,200,400,0,19.2,513.94452,23.52504,556.66956,0,280844,302.8,212598.908,111.61128,213013.3193,-1500,2,-195,-5,0,-200,50,-20,-49,-1,0,-50,0,1,-2,-28,0,-30,25,-50,-1,-9,0,-10,0,1,2,8,0,10,10,30,1,1,0,2,-75,2,-40,0,0,-40,200,-50,0,0,-50,25,1,30,10,-50,-10,200,5,30,20,5,-50,-25
dad85b40-18d4-4b31-a945-c24e31d6d144,Residential,R1867_1_1,2,400,200,200,400,0,19.2,513.94452,23.52504,556.66956,0,280844,302.8,212598.908,111.61128,213013.3193,-1500,2,-195,-5,0,-200,50,-20,-49,-1,0,-50,0,1,-2,-28,0,-30,25,-50,-1,-9,0,-10,0,1,2,8,0,10,10,30,1,1,0,2,-75,2,-40,0,0,-40,200,-50,0,0,-50,25,1,30,10,-50,-10,200,5,30,20,5,-50,-25
7cf94710-e65c-414d-a10d-c99391ab9744,Residential,R447_1_1,2,400,200,200,400,0,19.2,513.94452,23.52504,556.66956,0,280844,302.8,212598.908,111.61128,213013.3193,-1500,2,-195,-5,0,-200,50,-20,-49,-1,0,-50,0,1,-2,-28,0,-30,25,-50,-1,-9,0,-10,0,1,2,8,0,10,10,30,1,1,0,2,-75,2,-40,0,0,-40,200,-50,0,0,-50,25,1,30,10,-50,-10,200,5,30,20,5,-50,-25
8d8fdc00-4aae-4d9a-8ee2-4c17c0ac2cb6,Residential,R818_1_1,2,400,200,200,400,0,19.2,513.94452,23.52504,556.66956,0,280844,302.8,212598.908,111.61128,213013.3193,-1500,2,-195,-5,0,-200,50,-20,-49,-1,0,-50,0,1,-2,-28,0,-30,25,-50,-1,-9,0,-10,0,1,2,8,0,10,10,30,1,1,0,2,-75,2,-40,0,0,-40,200,-50,0,0,-50,25,1,30,10,-50,-10,200,5,30,20,5,-50,-25
d62aaabf-a9eb-4181-abaf-ce62d2530cdd,Residential,R848_1_1,2,400,200,200,400,0,19.2,513.94452,23.52504,556.66956,0,280844,302.8,212598.908,111.61128,213013.3193,-1500,2,-195,-5,0,-200,50,-20,-49,-1,0,-50,0,1,-2,-28,0,-30,25,-50,-1,-9,0,-10,0,1,2,8,0,10,10,30,1,1,0,2,-75,2,-40,0,0,-40,200,-50,0,0,-50,25,1,30,10,-50,-10,200,5,30,20,5,-50,-25
4f1b92f6-81d1-43dc-a37f-2fdaf944f0c6,Residential,R160_1_1,2,400,200,200,400,0,19.2,513.94452,23.52504,556.66956,0,280844,302.8,212598.908,111.61128,213013.3193,-1500,2,-195,-5,0,-200,50,-20,-49,-1,0,-50,0,1,-2,-28,0,-30,25,-50,-1,-9,0,-10,0,1,2,8,0,10,10,30,1,1,0,2,-75,2,-40,0,0,-40,200,-50,0,0,-50,25,1,30,10,-50,-10,200,5,30,20,5,-50,-25
796c154e-59db-4b59-90bd-e1a45b07060b,Residential,R603_1_1,2,400,200,200,400,0,19.2,513.94452,23.52504,556.66956,0,280844,302.8,212598.908,111.61128,213013.3193,-1500,2,-195,-5,0,-200,50,-20,-49,-1,0,-50,0,1,-2,-28,0,-30,25,-50,-1,-9,0,-10,0,1,2,8,0,10,10,30,1,1,0,2,-75,2,-40,0,0,-40,200,-50,0,0,-50,25,1,30,10,-50,-10,200,5,30,20,5,-50,-25
cff8b889-4905-4acc-a14b-e3b8774f9cb4,Residential,R1402_1_1,2,400,200,200,400,0,19.2,513.94452,23.52504,556.66956,0,280844,302.8,212598.908,111.61128,213013.3193,-1500,2,-195,-5,0,-200,50,-20,-49,-1,0,-50,0,1,-2,-28,0,-30,25,-50,-1,-9,0,-10,0,1,2,8,0,10,10,30,1,1,0,2,-75,2,-40,0,0,-40,200,-50,0,0,-50,25,1,30,10,-50,-10,200,5,30,20,5,-50,-25
d3b59590-53f8-4d35-80a3-a3f2e2e5c8d1,Residential,R1771_1_1,2,400,200,200,400,0,19.2,513.94452,23.52504,556.66956,0,280844,302.8,212598.908,111.61128,213013.3193,-1500,2,-195,-5,0,-200,50,-20,-49,-1,0,-50,0,1,-2,-28,0,-30,25,-50,-1,-9,0,-10,0,1,2,8,0,10,10,30,1,1,0,2,-75,2,-40,0,0,-40,200,-50,0,0,-50,25,1,30,10,-50,-10,200,5,30,20,5,-50,-25
6e16b22a-0d92-4410-a712-ad20f1b4e51b,Residential,R1560_1_1,2,400,200,200,400,0,19.2,513.94452,23.52504,556.66956,0,280844,302.8,212598.908,111.61128,213013.3193,-1500,2,-195,-5,0,-200,50,-20,-49,-1,0,-50,0,1,-2,-28,0,-30,25,-50,-1,-9,0,-10,0,1,2,8,0,10,10,30,1,1,0,2,-75,2,-40,0,0,-40,200,-50,0,0,-50,25,1,30,10,-50,-10,200,5,30,20,5,-50,-25
898f8608-f407-40a1-ae27-b056a18f37c8,Residential,R1349_1_1,2,400,200,200,400,0,19.2,513.94452,23.52504,556.66956,0,280844,302.8,212598.908,111.61128,213013.3193,-1500,2,-195,-5,0,-200,50,-20,-49,-1,0,-50,0,1,-2,-28,0,-30,25,-50,-1,-9,0,-10,0,1,2,8,0,10,10,30,1,1,0,2,-75,2,-40,0,0,-40,200,-50,0,0,-50,25,1,30,10,-50,-10,200,5,30,20,5,-50,-25
30dc7ff8-b442-432d-ab1c-179fdc0ad294,Residential,R493_1_1,2,400,200,200,400,0,19.2,513.94452,23.52504,556.66956,0,280844,302.8,212598.908,111.61128,213013.3193,-1500,2,-195,-5,0,-200,50,-20,-49,-1,0,-50,0,1,-2,-28,0,-30,25,-50,-1,-9,0,-10,0,1,2,8,0,10,10,30,1,1,0,2,-75,2,-40,0,0,-40,200,-50,0,0,-50,25,1,30,10,-50,-10,200,5,30,20,5,-50,-25
dfec8e6c-2b72-40db-a470-760a6176c863,Residential,R1126_1_1,2,400,200,200,400,0,19.2,513.94452,23.52504,556.66956,0,280844,302.8,212598.908,111.61128,213013.3193,-1500,2,-195,-5,0,-200,50,-20,-49,-1,0,-50,0,1,-2,-28,0,-30,25,-50,-1,-9,0,-10,0,1,2,8,0,10,10,30,1,1,0,2,-75,2,-40,0,0,-40,200,-50,0,0,-50,25,1,30,10,-50,-10,200,5,30,20,5,-50,-25
1c2e2788-dbd3-454a-ae56-65e8c20f11d0,Residential,R1904_1_1,2,400,200,200,400,0,19.2,513.94452,23.52504,556.66956,0,280844,302.8,212598.908,111.61128,213013.3193,-1500,2,-195,-5,0,-200,50,-20,-49,-1,0,-50,0,1,-2,-28,0,-30,25,-50,-1,-9,0,-10,0,1,2,8,0,10,10,30,1,1,0,2,-75,2,-40,0,0,-40,200,-50,0,0,-50,25,1,30,10,-50,-10,200,5,30,20,5,-50,-25
0a28e79c-3aab-4796-a98c-33eff1694343,Residential,R2167_1_1,2,400,200,200,400,0,19.2,513.94452,23.52504,556.66956,0,280844,302.8,212598.908,111.61128,213013.3193,-1500,2,-195,-5,0,-200,50,-20,-49,-1,0,-50,0,1,-2,-28,0,-30,25,-50,-1,-9,0,-10,0,1,2,8,0,10,10,30,1,1,0,2,-75,2,-40,0,0,-40,200,-50,0,0,-50,25,1,30,10,-50,-10,200,5,30,20,5,-50,-25
26482f60-a68d-490c-b5f5-e9c9159d3926,Residential,R827_1_1,2,400,200,200,400,0,19.2,513.94452,23.52504,556.66956,0,280844,302.8,212598.908,111.61128,213013.3193,-1500,2,-195,-5,0,-200,50,-20,-49,-1,0,-50,0,1,-2,-28,0,-30,25,-50,-1,-9,0,-10,0,1,2,8,0,10,10,30,1,1,0,2,-75,2,-40,0,0,-40,200,-50,0,0,-50,25,1,30,10,-50,-10,200,5,30,20,5,-50,-25
6829f4b7-e4ec-47c4-9175-16554c4568b9,Residential,R1520_1_1,2,400,200,200,400,0,19.2,513.94452,23.52504,556.66956,0,280844,302.8,212598.908,111.61128,213013.3193,-1500,2,-195,-5,0,-200,50,-20,-49,-1,0,-50,0,1,-2,-28,0,-30,25,-50,-1,-9,0,-10,0,1,2,8,0,10,10,30,1,1,0,2,-75,2,-40,0,0,-40,200,-50,0,0,-50,25,1,30,10,-50,-10,200,5,30,20,5,-50,-25
71c1fdb8-deaa-4bff-a07e-34f8449ce29a,Residential,R746_1_1,2,400,200,200,400,0,19.2,513.94452,23.52504,556.66956,0,280844,302.8,212598.908,111.61128,213013.3193,-1500,2,-195,-5,0,-200,50,-20,-49,-1,0,-50,0,1,-2,-28,0,-30,25,-50,-1,-9,0,-10,0,1,2,8,0,10,10,30,1,1,0,2,-75,2,-40,0,0,-40,200,-50,0,0,-50,25,1,30,10,-50,-10,200,5,30,20,5,-50,-25
472a11e4-78d3-4983-8d7f-89670e3dbaad,Residential,R2088_1_1,2,400,200,200,400,0,19.2,513.94452,23.52504,556.66956,0,280844,302.8,212598.908,111.61128,213013.3193,-1500,2,-195,-5,0,-200,50,-20,-49,-1,0,-50,0,1,-2,-28,0,-30,25,-50,-1,-9,0,-10,0,1,2,8,0,10,10,30,1,1,0,2,-75,2,-40,0,0,-40,200,-50,0,0,-50,25,1,30,10,-50,-10,200,5,30,20,5,-50,-25
8fb1e42f-d86a-47d8-8651-5baaa9f27807,Residential,R315_1_1,2,400,200,200,400,0,19.2,513.94452,23.52504,556.66956,0,280844,302.8,212598.908,111.61128,213013.3193,-1500,2,-195,-5,0,-200,50,-20,-49,-1,0,-50,0,1,-2,-28,0,-30,25,-50,-1,-9,0,-10,0,1,2,8,0,10,10,30,1,1,0,2,-75,2,-40,0,0,-40,200,-50,0,0,-50,25,1,30,10,-50,-10,200,5,30,20,5,-50,-25
4953f04b-e0ba-4c44-ab87-24e4e598bd11,Residential,R1676_1_1,2,400,200,200,400,0,19.2,513.94452,23.52504,556.66956,0,280844,302.8,212598.908,111.61128,213013.3193,-1500,2,-195,-5,0,-200,50,-20,-49,-1,0,-50,0,1,-2,-28,0,-30,25,-50,-1,-9,0,-10,0,1,2,8,0,10,10,30,1,1,0,2,-75,2,-40,0,0,-40,200,-50,0,0,-50,25,1,30,10,-50,-10,200,5,30,20,5,-50,-25
6524c2b3-eb76-43c1-925e-16ef459b34ef,Residential,R1171_1_1,2,400,200,200,400,0,19.2,513.94452,23.52504,556.66956,0,280844,302.8,212598.908,111.61128,213013.3193,-1500,2,-195,-5,0,-200,50,-20,-49,-1,0,-50,0,1,-2,-28,0,-30,25,-50,-1,-9,0,-10,0,1,2,8,0,10,10,30,1,1,0,2,-75,2,-40,0,0,-40,200,-50,0,0,-50,25,1,30,10,-50,-10,200,5,30,20,5,-50,-25
9acb65f5-9003-426b-ba63-579f3cab06f5,Residential,R887_1_1,2,400,200,200,400,0,19.2,513.94452,23.52504,556.66956,0,280844,302.8,212598.908,111.61128,213013.3193,-1500,2,-195,-5,0,-200,50,-20,-49,-1,0,-50,0,1,-2,-28,0,-30,25,-50,-1,-9,0,-10,0,1,2,8,0,10,10,30,1,1,0,2,-75,2,-40,0,0,-40,200,-50,0,0,-50,25,1,30,10,-50,-10,200,5,30,20,5,-50,-25
69fc50a4-1733-40c0-9186-c7f7460690cd,Residential,R1396_1_1,2,400,200,200,400,0,19.2,513.94452,23.52504,556.66956,0,280844,302.8,212598.908,111.61128,213013.3193,-1500,2,-195,-5,0,-200,50,-20,-49,-1,0,-50,0,1,-2,-28,0,-30,25,-50,-1,-9,0,-10,0,1,2,8,0,10,10,30,1,1,0,2,-75,2,-40,0,0,-40,200,-50,0,0,-50,25,1,30,10,-50,-10,200,5,30,20,5,-50,-25
d8b0f851-f700-4e56-bfed-872b7bc3e9ff,Residential,R71_1_1,2,400,200,200,400,0,19.2,513.94452,23.52504,556.66956,0,280844,302.8,212598.908,111.61128,213013.3193,-1500,2,-195,-5,0,-200,50,-20,-49,-1,0,-50,0,1,-2,-28,0,-30,25,-50,-1,-9,0,-10,0,1,2,8,0,10,10,30,1,1,0,2,-75,2,-40,0,0,-40,200,-50,0,0,-50,25,1,30,10,-50,-10,200,5,30,20,5,-50,-25
cc2595f0-7bfa-4dfb-97dc-e471ca489b7b,Residential,R1554_1_1,2,400,200,200,400,0,19.2,513.94452,23.52504,556.66956,0,280844,302.8,212598.908,111.61128,213013.3193,-1500,2,-195,-5,0,-200,50,-20,-49,-1,0,-50,0,1,-2,-28,0,-30,25,-50,-1,-9,0,-10,0,1,2,8,0,10,10,30,1,1,0,2,-75,2,-40,0,0,-40,200,-50,0,0,-50,25,1,30,10,-50,-10,200,5,30,20,5,-50,-25
bf26d9d8-b1b9-4b96-8550-ceae8bb6070e,Residential,R243_1_1,2,400,200,200,400,0,19.2,513.94452,23.52504,556.66956,0,280844,302.8,212598.908,111.61128,213013.3193,-1500,2,-195,-5,0,-200,50,-20,-49,-1,0,-50,0,1,-2,-28,0,-30,25,-50,-1,-9,0,-10,0,1,2,8,0,10,10,30,1,1,0,2,-75,2,-40,0,0,-40,200,-50,0,0,-50,25,1,30,10,-50,-10,200,5,30,20,5,-50,-25
27ff0f07-c8fa-44a9-8e0b-851184356d53,Residential,R1661_1_1,2,400,200,200,400,0,19.2,513.94452,23.52504,556.66956,0,280844,302.8,212598.908,111.61128,213013.3193,-1500,2,-195,-5,0,-200,50,-20,-49,-1,0,-50,0,1,-2,-28,0,-30,25,-50,-1,-9,0,-10,0,1,2,8,0,10,10,30,1,1,0,2,-75,2,-40,0,0,-40,200,-50,0,0,-50,25,1,30,10,-50,-10,200,5,30,20,5,-50,-25
d5cd0a75-9215-4608-b604-afd04436ea2a,Residential,R1887_1_1,2,400,200,200,400,0,19.2,513.94452,23.52504,556.66956,0,280844,302.8,212598.908,111.61128,213013.3193,-1500,2,-195,-5,0,-200,50,-20,-49,-1,0,-50,0,1,-2,-28,0,-30,25,-50,-1,-9,0,-10,0,1,2,8,0,10,10,30,1,1,0,2,-75,2,-40,0,0,-40,200,-50,0,0,-50,25,1,30,10,-50,-10,200,5,30,20,5,-50,-25
b5474875-9b41-4611-9705-263a22459a47,Residential,R108_1_1,2,400,200,200,400,0,19.2,513.94452,23.52504,556.66956,0,280844,302.8,212598.908,111.61128,213013.3193,-1500,2,-195,-5,0,-200,50,-20,-49,-1,0,-50,0,1,-2,-28,0,-30,25,-50,-1,-9,0,-10,0,1,2,8,0,10,10,30,1,1,0,2,-75,2,-40,0,0,-40,200,-50,0,0,-50,25,1,30,10,-50,-10,200,5,30,20,5,-50,-25
a3f47840-1968-46f5-9618-9701cf2d5139,Residential,R789_1_1,2,400,200,200,400,0,19.2,513.94452,23.52504,556.66956,0,280844,302.8,212598.908,111.61128,213013.3193,-1500,2,-195,-5,0,-200,50,-20,-49,-1,0,-50,0,1,-2,-28,0,-30,25,-50,-1,-9,0,-10,0,1,2,8,0,10,10,30,1,1,0,2,-75,2,-40,0,0,-40,200,-50,0,0,-50,25,1,30,10,-50,-10,200,5,30,20,5,-50,-25
c67c00c7-7547-4d17-9a62-461aa102e06b,Residential,R1559_1_1,2,400,200,200,400,0,19.2,513.94452,23.52504,556.66956,0,280844,302.8,212598.908,111.61128,213013.3193,-1500,2,-195,-5,0,-200,50,-20,-49,-1,0,-50,0,1,-2,-28,0,-30,25,-50,-1,-9,0,-10,0,1,2,8,0,10,10,30,1,1,0,2,-75,2,-40,0,0,-40,200,-50,0,0,-50,25,1,30,10,-50,-10,200,5,30,20,5,-50,-25
4616b695-dcc0-4748-81b0-effe1553da9f,Residential,R946_1_1,2,400,200,200,400,0,19.2,513.94452,23.52504,556.66956,0,280844,302.8,212598.908,111.61128,213013.3193,-1500,2,-195,-5,0,-200,50,-20,-49,-1,0,-50,0,1,-2,-28,0,-30,25,-50,-1,-9,0,-10,0,1,2,8,0,10,10,30,1,1,0,2,-75,2,-40,0,0,-40,200,-50,0,0,-50,25,1,30,10,-50,-10,200,5,30,20,5,-50,-25
63117e1d-3598-445e-9392-eecab199d4cf,Residential,R1992_1_1,2,400,200,200,400,0,19.2,513.94452,23.52504,556.66956,0,280844,302.8,212598.908,111.61128,213013.3193,-1500,2,-195,-5,0,-200,50,-20,-49,-1,0,-50,0,1,-2,-28,0,-30,25,-50,-1,-9,0,-10,0,1,2,8,0,10,10,30,1,1,0,2,-75,2,-40,0,0,-40,200,-50,0,0,-50,25,1,30,10,-50,-10,200,5,30,20,5,-50,-25
309ca2cf-ef72-488e-ac41-27a8d38eaa4f,Residential,R2086_1_1,2,400,200,200,400,0,19.2,513.94452,23.52504,556.66956,0,280844,302.8,212598.908,111.61128,213013.3193,-1500,2,-195,-5,0,-200,50,-20,-49,-1,0,-50,0,1,-2,-28,0,-30,25,-50,-1,-9,0,-10,0,1,2,8,0,10,10,30,1,1,0,2,-75,2,-40,0,0,-40,200,-50,0,0,-50,25,1,30,10,-50,-10,200,5,30,20,5,-50,-25
58f51570-2f8a-454d-9510-1cef9e7ef484,Residential,R2108_1_1,2,400,200,200,400,0,19.2,513.94452,23.52504,556.66956,0,280844,302.8,212598.908,111.61128,213013.3193,-1500,2,-195,-5,0,-200,50,-20,-49,-1,0,-50,0,1,-2,-28,0,-30,25,-50,-1,-9,0,-10,0,1,2,8,0,10,10,30,1,1,0,2,-75,2,-40,0,0,-40,200,-50,0,0,-50,25,1,30,10,-50,-10,200,5,30,20,5,-50,-25
f0be4e72-65cd-447d-ac3f-199b6a6f7ce3,Residential,R1432_1_1,2,400,200,200,400,0,19.2,513.94452,23.52504,556.66956,0,280844,302.8,212598.908,111.61128,213013.3193,-1500,2,-195,-5,0,-200,50,-20,-49,-1,0,-50,0,1,-2,-28,0,-30,25,-50,-1,-9,0,-10,0,1,2,8,0,10,10,30,1,1,0,2,-75,2,-40,0,0,-40,200,-50,0,0,-50,25,1,30,10,-50,-10,200,5,30,20,5,-50,-25
f4e7f6bc-56ee-4b4d-ab70-922aa37c60e2,Residential,R673_1_1,2,400,200,200,400,0,19.2,513.94452,23.52504,556.66956,0,280844,302.8,212598.908,111.61128,213013.3193,-1500,2,-195,-5,0,-200,50,-20,-49,-1,0,-50,0,1,-2,-28,0,-30,25,-50,-1,-9,0,-10,0,1,2,8,0,10,10,30,1,1,0,2,-75,2,-40,0,0,-40,200,-50,0,0,-50,25,1,30,10,-50,-10,200,5,30,20,5,-50,-25
6ec503ba-9757-4a08-b720-5707627d80e2,Residential,R287_1_1,2,400,200,200,400,0,19.2,513.94452,23.52504,556.66956,0,280844,302.8,212598.908,111.61128,213013.3193,-1500,2,-195,-5,0,-200,50,-20,-49,-1,0,-50,0,1,-2,-28,0,-30,25,-50,-1,-9,0,-10,0,1,2,8,0,10,10,30,1,1,0,2,-75,2,-40,0,0,-40,200,-50,0,0,-50,25,1,30,10,-50,-10,200,5,30,20,5,-50,-25
c7c188e8-db87-4788-8ab8-14b7c0d07d96,Residential,R429_1_1,2,400,200,200,400,0,19.2,513.94452,23.52504,556.66956,0,280844,302.8,212598.908,111.61128,213013.3193,-1500,2,-195,-5,0,-200,50,-20,-49,-1,0,-50,0,1,-2,-28,0,-30,25,-50,-1,-9,0,-10,0,1,2,8,0,10,10,30,1,1,0,2,-75,2,-40,0,0,-40,200,-50,0,0,-50,25,1,30,10,-50,-10,200,5,30,20,5,-50,-25
ed37e60d-563b-40f0-ba63-05315380efdd,Residential,R363_1_1,2,400,200,200,400,0,19.2,513.94452,23.52504,556.66956,0,280844,302.8,212598.908,111.61128,213013.3193,-1500,2,-195,-5,0,-200,50,-20,-49,-1,0,-50,0,1,-2,-28,0,-30,25,-50,-1,-9,0,-10,0,1,2,8,0,10,10,30,1,1,0,2,-75,2,-40,0,0,-40,200,-50,0,0,-50,25,1,30,10,-50,-10,200,5,30,20,5,-50,-25
c211ff4e-a595-4e5d-b0ab-81bda6810ff9,Residential,R2027_1_1,2,400,200,200,400,0,19.2,513.94452,23.52504,556.66956,0,280844,302.8,212598.908,111.61128,213013.3193,-1500,2,-195,-5,0,-200,50,-20,-49,-1,0,-50,0,1,-2,-28,0,-30,25,-50,-1,-9,0,-10,0,1,2,8,0,10,10,30,1,1,0,2,-75,2,-40,0,0,-40,200,-50,0,0,-50,25,1,30,10,-50,-10,200,5,30,20,5,-50,-25
7cb23450-6318-48f7-b113-f1e4c2f40221,Residential,R295_1_1,2,400,200,200,400,0,19.2,513.94452,23.52504,556.66956,0,280844,302.8,212598.908,111.61128,213013.3193,-1500,2,-195,-5,0,-200,50,-20,-49,-1,0,-50,0,1,-2,-28,0,-30,25,-50,-1,-9,0,-10,0,1,2,8,0,10,10,30,1,1,0,2,-75,2,-40,0,0,-40,200,-50,0,0,-50,25,1,30,10,-50,-10,200,5,30,20,5,-50,-25
d0144da7-da44-4931-9c64-6be153ae13c4,Residential,R941_1_1,2,400,200,200,400,0,19.2,513.94452,23.52504,556.66956,0,280844,302.8,212598.908,111.61128,213013.3193,-1500,2,-195,-5,0,-200,50,-20,-49,-1,0,-50,0,1,-2,-28,0,-30,25,-50,-1,-9,0,-10,0,1,2,8,0,10,10,30,1,1,0,2,-75,2,-40,0,0,-40,200,-50,0,0,-50,25,1,30,10,-50,-10,200,5,30,20,5,-50,-25
26ee9bf9-fd9d-4276-9aac-81134dbbd0ef,Residential,R724_1_1,2,400,200,200,400,0,19.2,513.94452,23.52504,556.66956,0,280844,302.8,212598.908,111.61128,213013.3193,-1500,2,-195,-5,0,-200,50,-20,-49,-1,0,-50,0,1,-2,-28,0,-30,25,-50,-1,-9,0,-10,0,1,2,8,0,10,10,30,1,1,0,2,-75,2,-40,0,0,-40,200,-50,0,0,-50,25,1,30,10,-50,-10,200,5,30,20,5,-50,-25
a61ad711-41eb-46d0-a7a1-ae70938b64fd,Residential,R565_1_1,2,400,200,200,400,0,19.2,513.94452,23.52504,556.66956,0,280844,302.8,212598.908,111.61128,213013.3193,-1500,2,-195,-5,0,-200,50,-20,-49,-1,0,-50,0,1,-2,-28,0,-30,25,-50,-1,-9,0,-10,0,1,2,8,0,10,10,30,1,1,0,2,-75,2,-40,0,0,-40,200,-50,0,0,-50,25,1,30,10,-50,-10,200,5,30,20,5,-50,-25
bdda3248-9cd3-4d54-9079-3948f04c8bd9,Residential,R216_1_1,2,400,200,200,400,0,19.2,513.94452,23.52504,556.66956,0,280844,302.8,212598.908,111.61128,213013.3193,-1500,2,-195,-5,0,-200,50,-20,-49,-1,0,-50,0,1,-2,-28,0,-30,25,-50,-1,-9,0,-10,0,1,2,8,0,10,10,30,1,1,0,2,-75,2,-40,0,0,-40,200,-50,0,0,-50,25,1,30,10,-50,-10,200,5,30,20,5,-50,-25
87839c0d-2471-48b9-99f7-07cdfcc01bed,Residential,R1029_1_1,2,400,200,200,400,0,19.2,513.94452,23.52504,556.66956,0,280844,302.8,212598.908,111.61128,213013.3193,-1500,2,-195,-5,0,-200,50,-20,-49,-1,0,-50,0,1,-2,-28,0,-30,25,-50,-1,-9,0,-10,0,1,2,8,0,10,10,30,1,1,0,2,-75,2,-40,0,0,-40,200,-50,0,0,-50,25,1,30,10,-50,-10,200,5,30,20,5,-50,-25
b4d79fa5-327d-472f-b527-27a557cd5c97,Residential,R1816_1_1,2,400,200,200,400,0,19.2,513.94452,23.52504,556.66956,0,280844,302.8,212598.908,111.61128,213013.3193,-1500,2,-195,-5,0,-200,50,-20,-49,-1,0,-50,0,1,-2,-28,0,-30,25,-50,-1,-9,0,-10,0,1,2,8,0,10,10,30,1,1,0,2,-75,2,-40,0,0,-40,200,-50,0,0,-50,25,1,30,10,-50,-10,200,5,30,20,5,-50,-25
b6878f1a-ba4a-4dfb-ab78-e8101323092b,Residential,R1290_1_1,2,400,200,200,400,0,19.2,513.94452,23.52504,556.66956,0,280844,302.8,212598.908,111.61128,213013.3193,-1500,2,-195,-5,0,-200,50,-20,-49,-1,0,-50,0,1,-2,-28,0,-30,25,-50,-1,-9,0,-10,0,1,2,8,0,10,10,30,1,1,0,2,-75,2,-40,0,0,-40,200,-50,0,0,-50,25,1,30,10,-50,-10,200,5,30,20,5,-50,-25
b09a5b5a-cdbb-47ca-9bfa-ae67e58533b2,Residential,R1409_1_1,2,400,200,200,400,0,19.2,513.94452,23.52504,556.66956,0,280844,302.8,212598.908,111.61128,213013.3193,-1500,2,-195,-5,0,-200,50,-20,-49,-1,0,-50,0,1,-2,-28,0,-30,25,-50,-1,-9,0,-10,0,1,2,8,0,10,10,30,1,1,0,2,-75,2,-40,0,0,-40,200,-50,0,0,-50,25,1,30,10,-50,-10,200,5,30,20,5,-50,-25
4f331c41-275d-484c-a4bb-707f50af623e,Residential,R1257_1_1,2,400,200,200,400,0,19.2,513.94452,23.52504,556.66956,0,280844,302.8,212598.908,111.61128,213013.3193,-1500,2,-195,-5,0,-200,50,-20,-49,-1,0,-50,0,1,-2,-28,0,-30,25,-50,-1,-9,0,-10,0,1,2,8,0,10,10,30,1,1,0,2,-75,2,-40,0,0,-40,200,-50,0,0,-50,25,1,30,10,-50,-10,200,5,30,20,5,-50,-25
8c0ec17c-2f76-49bb-b969-293770ed14e1,Residential,R1993_1_1,2,400,200,200,400,0,19.2,513.94452,23.52504,556.66956,0,280844,302.8,212598.908,111.61128,213013.3193,-1500,2,-195,-5,0,-200,50,-20,-49,-1,0,-50,0,1,-2,-28,0,-30,25,-50,-1,-9,0,-10,0,1,2,8,0,10,10,30,1,1,0,2,-75,2,-40,0,0,-40,200,-50,0,0,-50,25,1,30,10,-50,-10,200,5,30,20,5,-50,-25
322b877e-acac-4d59-b5b8-09d15df5a41b,Residential,R1953_1_1,2,400,200,200,400,0,19.2,513.94452,23.52504,556.66956,0,280844,302.8,212598.908,111.61128,213013.3193,-1500,2,-195,-5,0,-200,50,-20,-49,-1,0,-50,0,1,-2,-28,0,-30,25,-50,-1,-9,0,-10,0,1,2,8,0,10,10,30,1,1,0,2,-75,2,-40,0,0,-40,200,-50,0,0,-50,25,1,30,10,-50,-10,200,5,30,20,5,-50,-25
50bad452-f4a9-4909-9d01-7012929fe08a,Residential,R1969_1_1,2,400,200,200,400,0,19.2,513.94452,23.52504,556.66956,0,280844,302.8,212598.908,111.61128,213013.3193,-1500,2,-195,-5,0,-200,50,-20,-49,-1,0,-50,0,1,-2,-28,0,-30,25,-50,-1,-9,0,-10,0,1,2,8,0,10,10,30,1,1,0,2,-75,2,-40,0,0,-40,200,-50,0,0,-50,25,1,30,10,-50,-10,200,5,30,20,5,-50,-25
47e8adbd-9436-47e9-a9a9-9c03dd2bcad8,Residential,R1146_1_1,2,400,200,200,400,0,19.2,513.94452,23.52504,556.66956,0,280844,302.8,212598.908,111.61128,213013.3193,-1500,2,-195,-5,0,-200,50,-20,-49,-1,0,-50,0,1,-2,-28,0,-30,25,-50,-1,-9,0,-10,0,1,2,8,0,10,10,30,1,1,0,2,-75,2,-40,0,0,-40,200,-50,0,0,-50,25,1,30,10,-50,-10,200,5,30,20,5,-50,-25
3f0323e5-6e10-4628-ab3c-2e7d46c7b410,Residential,R1151_1_1,2,400,200,200,400,0,19.2,513.94452,23.52504,556.66956,0,280844,302.8,212598.908,111.61128,213013.3193,-1500,2,-195,-5,0,-200,50,-20,-49,-1,0,-50,0,1,-2,-28,0,-30,25,-50,-1,-9,0,-10,0,1,2,8,0,10,10,30,1,1,0,2,-75,2,-40,0,0,-40,200,-50,0,0,-50,25,1,30,10,-50,-10,200,5,30,20,5,-50,-25
ab9552d6-d0d4-41db-83a0-fef6de4d72f7,Residential,R1408_1_1,2,400,200,200,400,0,19.2,513.94452,23.52504,556.66956,0,280844,302.8,212598.908,111.61128,213013.3193,-1500,2,-195,-5,0,-200,50,-20,-49,-1,0,-50,0,1,-2,-28,0,-30,25,-50,-1,-9,0,-10,0,1,2,8,0,10,10,30,1,1,0,2,-75,2,-40,0,0,-40,200,-50,0,0,-50,25,1,30,10,-50,-10,200,5,30,20,5,-50,-25
daac898d-8b6e-4fee-8748-41ab432ec7d9,Residential,R1675_1_1,2,400,200,200,400,0,19.2,513.94452,23.52504,556.66956,0,280844,302.8,212598.908,111.61128,213013.3193,-1500,2,-195,-5,0,-200,50,-20,-49,-1,0,-50,0,1,-2,-28,0,-30,25,-50,-1,-9,0,-10,0,1,2,8,0,10,10,30,1,1,0,2,-75,2,-40,0,0,-40,200,-50,0,0,-50,25,1,30,10,-50,-10,200,5,30,20,5,-50,-25
e23c78be-3263-4140-9e16-06e908f868e8,Residential,R146_1_1,2,400,200,200,400,0,19.2,513.94452,23.52504,556.66956,0,280844,302.8,212598.908,111.61128,213013.3193,-1500,2,-195,-5,0,-200,50,-20,-49,-1,0,-50,0,1,-2,-28,0,-30,25,-50,-1,-9,0,-10,0,1,2,8,0,10,10,30,1,1,0,2,-75,2,-40,0,0,-40,200,-50,0,0,-50,25,1,30,10,-50,-10,200,5,30,20,5,-50,-25
fe8f06e7-c5cb-437a-952e-84179efa8039,Residential,R559_1_1,2,400,200,200,400,0,19.2,513.94452,23.52504,556.66956,0,280844,302.8,212598.908,111.61128,213013.3193,-1500,2,-195,-5,0,-200,50,-20,-49,-1,0,-50,0,1,-2,-28,0,-30,25,-50,-1,-9,0,-10,0,1,2,8,0,10,10,30,1,1,0,2,-75,2,-40,0,0,-40,200,-50,0,0,-50,25,1,30,10,-50,-10,200,5,30,20,5,-50,-25
1c762533-01da-4f13-9f89-697441f6e7cd,Residential,R1903_1_1,2,400,200,200,400,0,19.2,513.94452,23.52504,556.66956,0,280844,302.8,212598.908,111.61128,213013.3193,-1500,2,-195,-5,0,-200,50,-20,-49,-1,0,-50,0,1,-2,-28,0,-30,25,-50,-1,-9,0,-10,0,1,2,8,0,10,10,30,1,1,0,2,-75,2,-40,0,0,-40,200,-50,0,0,-50,25,1,30,10,-50,-10,200,5,30,20,5,-50,-25
8bebe33b-c6ce-46a1-9209-47f4fee50c2d,Residential,R1532_1_1,2,400,200,200,400,0,19.2,513.94452,23.52504,556.66956,0,280844,302.8,212598.908,111.61128,213013.3193,-1500,2,-195,-5,0,-200,50,-20,-49,-1,0,-50,0,1,-2,-28,0,-30,25,-50,-1,-9,0,-10,0,1,2,8,0,10,10,30,1,1,0,2,-75,2,-40,0,0,-40,200,-50,0,0,-50,25,1,30,10,-50,-10,200,5,30,20,5,-50,-25
3c8c6de7-1d02-4b9d-b259-4908ed394c41,Residential,R1677_1_1,2,400,200,200,400,0,19.2,513.94452,23.52504,556.66956,0,280844,302.8,212598.908,111.61128,213013.3193,-1500,2,-195,-5,0,-200,50,-20,-49,-1,0,-50,0,1,-2,-28,0,-30,25,-50,-1,-9,0,-10,0,1,2,8,0,10,10,30,1,1,0,2,-75,2,-40,0,0,-40,200,-50,0,0,-50,25,1,30,10,-50,-10,200,5,30,20,5,-50,-25
3b26f72f-7d38-4a6e-bb01-1027f4985dec,Residential,R945_1_1,2,400,200,200,400,0,19.2,513.94452,23.52504,556.66956,0,280844,302.8,212598.908,111.61128,213013.3193,-1500,2,-195,-5,0,-200,50,-20,-49,-1,0,-50,0,1,-2,-28,0,-30,25,-50,-1,-9,0,-10,0,1,2,8,0,10,10,30,1,1,0,2,-75,2,-40,0,0,-40,200,-50,0,0,-50,25,1,30,10,-50,-10,200,5,30,20,5,-50,-25
b18a4df3-2643-4e2a-8430-3661d9909094,Residential,R1295_1_1,2,400,200,200,400,0,19.2,513.94452,23.52504,556.66956,0,280844,302.8,212598.908,111.61128,213013.3193,-1500,2,-195,-5,0,-200,50,-20,-49,-1,0,-50,0,1,-2,-28,0,-30,25,-50,-1,-9,0,-10,0,1,2,8,0,10,10,30,1,1,0,2,-75,2,-40,0,0,-40,200,-50,0,0,-50,25,1,30,10,-50,-10,200,5,30,20,5,-50,-25
e8a3ac5a-80dc-42ae-9cf5-4e120d308304,Residential,R1479_1_1,2,400,200,200,400,0,19.2,513.94452,23.52504,556.66956,0,280844,302.8,212598.908,111.61128,213013.3193,-1500,2,-195,-5,0,-200,50,-20,-49,-1,0,-50,0,1,-2,-28,0,-30,25,-50,-1,-9,0,-10,0,1,2,8,0,10,10,30,1,1,0,2,-75,2,-40,0,0,-40,200,-50,0,0,-50,25,1,30,10,-50,-10,200,5,30,20,5,-50,-25
dc42dd96-d289-4812-a8da-8e82fa647593,Residential,R426_1_1,2,400,200,200,400,0,19.2,513.94452,23.52504,556.66956,0,280844,302.8,212598.908,111.61128,213013.3193,-1500,2,-195,-5,0,-200,50,-20,-49,-1,0,-50,0,1,-2,-28,0,-30,25,-50,-1,-9,0,-10,0,1,2,8,0,10,10,30,1,1,0,2,-75,2,-40,0,0,-40,200,-50,0,0,-50,25,1,30,10,-50,-10,200,5,30,20,5,-50,-25
ad0b798b-0098-4787-a355-72c088a4e3af,Residential,R1215_1_1,2,400,200,200,400,0,19.2,513.94452,23.52504,556.66956,0,280844,302.8,212598.908,111.61128,213013.3193,-1500,2,-195,-5,0,-200,50,-20,-49,-1,0,-50,0,1,-2,-28,0,-30,25,-50,-1,-9,0,-10,0,1,2,8,0,10,10,30,1,1,0,2,-75,2,-40,0,0,-40,200,-50,0,0,-50,25,1,30,10,-50,-10,200,5,30,20,5,-50,-25
bfc3532e-c655-42a4-8859-b4bfaee89e4d,Residential,R1231_1_1,2,400,200,200,400,0,19.2,513.94452,23.52504,556.66956,0,280844,302.8,212598.908,111.61128,213013.3193,-1500,2,-195,-5,0,-200,50,-20,-49,-1,0,-50,0,1,-2,-28,0,-30,25,-50,-1,-9,0,-10,0,1,2,8,0,10,10,30,1,1,0,2,-75,2,-40,0,0,-40,200,-50,0,0,-50,25,1,30,10,-50,-10,200,5,30,20,5,-50,-25
145fe2c0-e00d-4c45-afcc-e1f2f98fccd8,Residential,R1588_1_1,2,400,200,200,400,0,19.2,513.94452,23.52504,556.66956,0,280844,302.8,212598.908,111.61128,213013.3193,-1500,2,-195,-5,0,-200,50,-20,-49,-1,0,-50,0,1,-2,-28,0,-30,25,-50,-1,-9,0,-10,0,1,2,8,0,10,10,30,1,1,0,2,-75,2,-40,0,0,-40,200,-50,0,0,-50,25,1,30,10,-50,-10,200,5,30,20,5,-50,-25
fef7032a-6555-49e2-a876-9f888ebf36c2,Residential,R1596_1_1,2,400,200,200,400,0,19.2,513.94452,23.52504,556.66956,0,280844,302.8,212598.908,111.61128,213013.3193,-1500,2,-195,-5,0,-200,50,-20,-49,-1,0,-50,0,1,-2,-28,0,-30,25,-50,-1,-9,0,-10,0,1,2,8,0,10,10,30,1,1,0,2,-75,2,-40,0,0,-40,200,-50,0,0,-50,25,1,30,10,-50,-10,200,5,30,20,5,-50,-25
f3f69184-e09b-46dd-9ac9-0b7253c21c18,Residential,R1917_1_1,2,400,200,200,400,0,19.2,513.94452,23.52504,556.66956,0,280844,302.8,212598.908,111.61128,213013.3193,-1500,2,-195,-5,0,-200,50,-20,-49,-1,0,-50,0,1,-2,-28,0,-30,25,-50,-1,-9,0,-10,0,1,2,8,0,10,10,30,1,1,0,2,-75,2,-40,0,0,-40,200,-50,0,0,-50,25,1,30,10,-50,-10,200,5,30,20,5,-50,-25
2c097e27-17de-4f6e-85c6-ab74a880fa6e,Residential,R1492_1_1,2,400,200,200,400,0,19.2,513.94452,23.52504,556.66956,0,280844,302.8,212598.908,111.61128,213013.3193,-1500,2,-195,-5,0,-200,50,-20,-49,-1,0,-50,0,1,-2,-28,0,-30,25,-50,-1,-9,0,-10,0,1,2,8,0,10,10,30,1,1,0,2,-75,2,-40,0,0,-40,200,-50,0,0,-50,25,1,30,10,-50,-10,200,5,30,20,5,-50,-25
77da0d89-6f46-4807-b73e-631ace5cde13,Residential,R1393_1_1,2,400,200,200,400,0,19.2,513.94452,23.52504,556.66956,0,280844,302.8,212598.908,111.61128,213013.3193,-1500,2,-195,-5,0,-200,50,-20,-49,-1,0,-50,0,1,-2,-28,0,-30,25,-50,-1,-9,0,-10,0,1,2,8,0,10,10,30,1,1,0,2,-75,2,-40,0,0,-40,200,-50,0,0,-50,25,1,30,10,-50,-10,200,5,30,20,5,-50,-25
95e6166f-ea4e-4507-90f3-fe0f57a56c72,Residential,R759_1_1,2,400,200,200,400,0,19.2,513.94452,23.52504,556.66956,0,280844,302.8,212598.908,111.61128,213013.3193,-1500,2,-195,-5,0,-200,50,-20,-49,-1,0,-50,0,1,-2,-28,0,-30,25,-50,-1,-9,0,-10,0,1,2,8,0,10,10,30,1,1,0,2,-75,2,-40,0,0,-40,200,-50,0,0,-50,25,1,30,10,-50,-10,200,5,30,20,5,-50,-25
3c46f116-7cb2-423e-b38a-06083e5efe78,Residential,R537_1_1,2,400,200,200,400,0,19.2,513.94452,23.52504,556.66956,0,280844,302.8,212598.908,111.61128,213013.3193,-1500,2,-195,-5,0,-200,50,-20,-49,-1,0,-50,0,1,-2,-28,0,-30,25,-50,-1,-9,0,-10,0,1,2,8,0,10,10,30,1,1,0,2,-75,2,-40,0,0,-40,200,-50,0,0,-50,25,1,30,10,-50,-10,200,5,30,20,5,-50,-25
bcf55411-8b8f-4949-a11a-ef13344f15e3,Residential,R368_1_1,2,400,200,200,400,0,19.2,513.94452,23.52504,556.66956,0,280844,302.8,212598.908,111.61128,213013.3193,-1500,2,-195,-5,0,-200,50,-20,-49,-1,0,-50,0,1,-2,-28,0,-30,25,-50,-1,-9,0,-10,0,1,2,8,0,10,10,30,1,1,0,2,-75,2,-40,0,0,-40,200,-50,0,0,-50,25,1,30,10,-50,-10,200,5,30,20,5,-50,-25
1a867af8-5b09-4f40-bddf-d8a4c1c91471,Residential,R167_1_1,2,400,200,200,400,0,19.2,513.94452,23.52504,556.66956,0,280844,302.8,212598.908,111.61128,213013.3193,-1500,2,-195,-5,0,-200,50,-20,-49,-1,0,-50,0,1,-2,-28,0,-30,25,-50,-1,-9,0,-10,0,1,2,8,0,10,10,30,1,1,0,2,-75,2,-40,0,0,-40,200,-50,0,0,-50,25,1,30,10,-50,-10,200,5,30,20,5,-50,-25
056fb83e-c47d-4b81-a14a-c83642a292d5,Residential,R2001_1_1,2,400,200,200,400,0,19.2,513.94452,23.52504,556.66956,0,280844,302.8,212598.908,111.61128,213013.3193,-1500,2,-195,-5,0,-200,50,-20,-49,-1,0,-50,0,1,-2,-28,0,-30,25,-50,-1,-9,0,-10,0,1,2,8,0,10,10,30,1,1,0,2,-75,2,-40,0,0,-40,200,-50,0,0,-50,25,1,30,10,-50,-10,200,5,30,20,5,-50,-25
cba3ab08-caba-460f-a5d3-1562b709b2a4,Residential,R1269_1_1,2,400,200,200,400,0,19.2,513.94452,23.52504,556.66956,0,280844,302.8,212598.908,111.61128,213013.3193,-1500,2,-195,-5,0,-200,50,-20,-49,-1,0,-50,0,1,-2,-28,0,-30,25,-50,-1,-9,0,-10,0,1,2,8,0,10,10,30,1,1,0,2,-75,2,-40,0,0,-40,200,-50,0,0,-50,25,1,30,10,-50,-10,200,5,30,20,5,-50,-25
c3f67775-8f46-4118-b6f7-a50d65e79ca8,Residential,R2002_1_1,2,400,200,200,400,0,19.2,513.94452,23.52504,556.66956,0,280844,302.8,212598.908,111.61128,213013.3193,-1500,2,-195,-5,0,-200,50,-20,-49,-1,0,-50,0,1,-2,-28,0,-30,25,-50,-1,-9,0,-10,0,1,2,8,0,10,10,30,1,1,0,2,-75,2,-40,0,0,-40,200,-50,0,0,-50,25,1,30,10,-50,-10,200,5,30,20,5,-50,-25
11e45216-9a10-4432-bc2b-e1de82fa65de,Residential,R1784_1_1,2,400,200,200,400,0,19.2,513.94452,23.52504,556.66956,0,280844,302.8,212598.908,111.61128,213013.3193,-1500,2,-195,-5,0,-200,50,-20,-49,-1,0,-50,0,1,-2,-28,0,-30,25,-50,-1,-9,0,-10,0,1,2,8,0,10,10,30,1,1,0,2,-75,2,-40,0,0,-40,200,-50,0,0,-50,25,1,30,10,-50,-10,200,5,30,20,5,-50,-25
b3a2cfd3-0b0f-41d5-908a-2977d13b3edf,Residential,R249_1_1,2,400,200,200,400,0,19.2,513.94452,23.52504,556.66956,0,280844,302.8,212598.908,111.61128,213013.3193,-1500,2,-195,-5,0,-200,50,-20,-49,-1,0,-50,0,1,-2,-28,0,-30,25,-50,-1,-9,0,-10,0,1,2,8,0,10,10,30,1,1,0,2,-75,2,-40,0,0,-40,200,-50,0,0,-50,25,1,30,10,-50,-10,200,5,30,20,5,-50,-25
11641303-bcba-4d06-b07e-4bf4a6552c82,Residential,R1747_1_1,2,400,200,200,400,0,19.2,513.94452,23.52504,556.66956,0,280844,302.8,212598.908,111.61128,213013.3193,-1500,2,-195,-5,0,-200,50,-20,-49,-1,0,-50,0,1,-2,-28,0,-30,25,-50,-1,-9,0,-10,0,1,2,8,0,10,10,30,1,1,0,2,-75,2,-40,0,0,-40,200,-50,0,0,-50,25,1,30,10,-50,-10,200,5,30,20,5,-50,-25
d1a7529b-7482-4ab6-9a56-c4b7f6e69593,Residential,R895_1_1,2,400,200,200,400,0,19.2,513.94452,23.52504,556.66956,0,280844,302.8,212598.908,111.61128,213013.3193,-1500,2,-195,-5,0,-200,50,-20,-49,-1,0,-50,0,1,-2,-28,0,-30,25,-50,-1,-9,0,-10,0,1,2,8,0,10,10,30,1,1,0,2,-75,2,-40,0,0,-40,200,-50,0,0,-50,25,1,30,10,-50,-10,200,5,30,20,5,-50,-25
bf494654-ff5a-4bc1-bdc7-5cabf34267e5,Residential,R1040_1_1,2,400,200,200,400,0,19.2,513.94452,23.52504,556.66956,0,280844,302.8,212598.908,111.61128,213013.3193,-1500,2,-195,-5,0,-200,50,-20,-49,-1,0,-50,0,1,-2,-28,0,-30,25,-50,-1,-9,0,-10,0,1,2,8,0,10,10,30,1,1,0,2,-75,2,-40,0,0,-40,200,-50,0,0,-50,25,1,30,10,-50,-10,200,5,30,20,5,-50,-25
648ff153-8dcb-464f-8562-b20a4235c2ad,Residential,R1454_1_1,2,400,200,200,400,0,19.2,513.94452,23.52504,556.66956,0,280844,302.8,212598.908,111.61128,213013.3193,-1500,2,-195,-5,0,-200,50,-20,-49,-1,0,-50,0,1,-2,-28,0,-30,25,-50,-1,-9,0,-10,0,1,2,8,0,10,10,30,1,1,0,2,-75,2,-40,0,0,-40,200,-50,0,0,-50,25,1,30,10,-50,-10,200,5,30,20,5,-50,-25
af7e3098-7aee-4ef7-bf9d-10b173e83262,Residential,R1864_1_1,2,400,200,200,400,0,19.2,513.94452,23.52504,556.66956,0,280844,302.8,212598.908,111.61128,213013.3193,-1500,2,-195,-5,0,-200,50,-20,-49,-1,0,-50,0,1,-2,-28,0,-30,25,-50,-1,-9,0,-10,0,1,2,8,0,10,10,30,1,1,0,2,-75,2,-40,0,0,-40,200,-50,0,0,-50,25,1,30,10,-50,-10,200,5,30,20,5,-50,-25
a4f143b4-1b0e-481d-98b3-039e7fa21339,Residential,R1648_1_1,2,400,200,200,400,0,19.2,513.94452,23.52504,556.66956,0,280844,302.8,212598.908,111.61128,213013.3193,-1500,2,-195,-5,0,-200,50,-20,-49,-1,0,-50,0,1,-2,-28,0,-30,25,-50,-1,-9,0,-10,0,1,2,8,0,10,10,30,1,1,0,2,-75,2,-40,0,0,-40,200,-50,0,0,-50,25,1,30,10,-50,-10,200,5,30,20,5,-50,-25
85aeb694-3879-4319-9ed6-676b0ae1c786,Residential,R1791_1_1,2,400,200,200,400,0,19.2,513.94452,23.52504,556.66956,0,280844,302.8,212598.908,111.61128,213013.3193,-1500,2,-195,-5,0,-200,50,-20,-49,-1,0,-50,0,1,-2,-28,0,-30,25,-50,-1,-9,0,-10,0,1,2,8,0,10,10,30,1,1,0,2,-75,2,-40,0,0,-40,200,-50,0,0,-50,25,1,30,10,-50,-10,200,5,30,20,5,-50,-25
52c6dbbd-e3cc-44eb-805b-d554f3d4a53e,Residential,R374_1_1,2,400,200,200,400,0,19.2,513.94452,23.52504,556.66956,0,280844,302.8,212598.908,111.61128,213013.3193,-1500,2,-195,-5,0,-200,50,-20,-49,-1,0,-50,0,1,-2,-28,0,-30,25,-50,-1,-9,0,-10,0,1,2,8,0,10,10,30,1,1,0,2,-75,2,-40,0,0,-40,200,-50,0,0,-50,25,1,30,10,-50,-10,200,5,30,20,5,-50,-25
cfcc30d0-6bbb-46a6-bf83-e2098f02155f,Residential,R1278_1_1,2,400,200,200,400,0,19.2,513.94452,23.52504,556.66956,0,280844,302.8,212598.908,111.61128,213013.3193,-1500,2,-195,-5,0,-200,50,-20,-49,-1,0,-50,0,1,-2,-28,0,-30,25,-50,-1,-9,0,-10,0,1,2,8,0,10,10,30,1,1,0,2,-75,2,-40,0,0,-40,200,-50,0,0,-50,25,1,30,10,-50,-10,200,5,30,20,5,-50,-25
9db19deb-a6e8-477f-9d8c-f47c7ffe4519,Residential,R1786_1_1,2,400,200,200,400,0,19.2,513.94452,23.52504,556.66956,0,280844,302.8,212598.908,111.61128,213013.3193,-1500,2,-195,-5,0,-200,50,-20,-49,-1,0,-50,0,1,-2,-28,0,-30,25,-50,-1,-9,0,-10,0,1,2,8,0,10,10,30,1,1,0,2,-75,2,-40,0,0,-40,200,-50,0,0,-50,25,1,30,10,-50,-10,200,5,30,20,5,-50,-25
0b2e9380-e5ed-493c-a739-9df49d3d61f3,Residential,R16_1_1,2,400,200,200,400,0,19.2,513.94452,23.52504,556.66956,0,280844,302.8,212598.908,111.61128,213013.3193,-1500,2,-195,-5,0,-200,50,-20,-49,-1,0,-50,0,1,-2,-28,0,-30,25,-50,-1,-9,0,-10,0,1,2,8,0,10,10,30,1,1,0,2,-75,2,-40,0,0,-40,200,-50,0,0,-50,25,1,30,10,-50,-10,200,5,30,20,5,-50,-25
b34eaf61-de8a-4a75-ac7b-b71d47637c91,Residential,R1749_1_1,2,400,200,200,400,0,19.2,513.94452,23.52504,556.66956,0,280844,302.8,212598.908,111.61128,213013.3193,-1500,2,-195,-5,0,-200,50,-20,-49,-1,0,-50,0,1,-2,-28,0,-30,25,-50,-1,-9,0,-10,0,1,2,8,0,10,10,30,1,1,0,2,-75,2,-40,0,0,-40,200,-50,0,0,-50,25,1,30,10,-50,-10,200,5,30,20,5,-50,-25
59f9e542-48c8-41ee-ac0c-2bbfadfe67b1,Residential,R2056_1_1,2,400,200,200,400,0,19.2,513.94452,23.52504,556.66956,0,280844,302.8,212598.908,111.61128,213013.3193,-1500,2,-195,-5,0,-200,50,-20,-49,-1,0,-50,0,1,-2,-28,0,-30,25,-50,-1,-9,0,-10,0,1,2,8,0,10,10,30,1,1,0,2,-75,2,-40,0,0,-40,200,-50,0,0,-50,25,1,30,10,-50,-10,200,5,30,20,5,-50,-25
a5e60f0d-7b27-4d8c-9382-34c4eef103ff,Residential,R270_1_1,2,400,200,200,400,0,19.2,513.94452,23.52504,556.66956,0,280844,302.8,212598.908,111.61128,213013.3193,-1500,2,-195,-5,0,-200,50,-20,-49,-1,0,-50,0,1,-2,-28,0,-30,25,-50,-1,-9,0,-10,0,1,2,8,0,10,10,30,1,1,0,2,-75,2,-40,0,0,-40,200,-50,0,0,-50,25,1,30,10,-50,-10,200,5,30,20,5,-50,-25
1fa107c5-ab7b-4ef5-af63-2ab1694ec04f,Residential,R1367_1_1,2,400,200,200,400,0,19.2,513.94452,23.52504,556.66956,0,280844,302.8,212598.908,111.61128,213013.3193,-1500,2,-195,-5,0,-200,50,-20,-49,-1,0,-50,0,1,-2,-28,0,-30,25,-50,-1,-9,0,-10,0,1,2,8,0,10,10,30,1,1,0,2,-75,2,-40,0,0,-40,200,-50,0,0,-50,25,1,30,10,-50,-10,200,5,30,20,5,-50,-25
19fffe97-6212-4803-85b1-967857542b58,Residential,R99_1_1,2,400,200,200,400,0,19.2,513.94452,23.52504,556.66956,0,280844,302.8,212598.908,111.61128,213013.3193,-1500,2,-195,-5,0,-200,50,-20,-49,-1,0,-50,0,1,-2,-28,0,-30,25,-50,-1,-9,0,-10,0,1,2,8,0,10,10,30,1,1,0,2,-75,2,-40,0,0,-40,200,-50,0,0,-50,25,1,30,10,-50,-10,200,5,30,20,5,-50,-25
ea98042d-8b92-4052-92bb-94fc0166ac0e,Residential,R907_1_1,2,400,200,200,400,0,19.2,513.94452,23.52504,556.66956,0,280844,302.8,212598.908,111.61128,213013.3193,-1500,2,-195,-5,0,-200,50,-20,-49,-1,0,-50,0,1,-2,-28,0,-30,25,-50,-1,-9,0,-10,0,1,2,8,0,10,10,30,1,1,0,2,-75,2,-40,0,0,-40,200,-50,0,0,-50,25,1,30,10,-50,-10,200,5,30,20,5,-50,-25
d97ba3b2-f307-4642-8771-4b1a7f8b8465,Residential,R1920_1_1,2,400,200,200,400,0,19.2,513.94452,23.52504,556.66956,0,280844,302.8,212598.908,111.61128,213013.3193,-1500,2,-195,-5,0,-200,50,-20,-49,-1,0,-50,0,1,-2,-28,0,-30,25,-50,-1,-9,0,-10,0,1,2,8,0,10,10,30,1,1,0,2,-75,2,-40,0,0,-40,200,-50,0,0,-50,25,1,30,10,-50,-10,200,5,30,20,5,-50,-25
8a0bc379-7881-43d7-8639-47192abed148,Residential,R917_1_1,2,400,200,200,400,0,19.2,513.94452,23.52504,556.66956,0,280844,302.8,212598.908,111.61128,213013.3193,-1500,2,-195,-5,0,-200,50,-20,-49,-1,0,-50,0,1,-2,-28,0,-30,25,-50,-1,-9,0,-10,0,1,2,8,0,10,10,30,1,1,0,2,-75,2,-40,0,0,-40,200,-50,0,0,-50,25,1,30,10,-50,-10,200,5,30,20,5,-50,-25
9aeb353b-9711-44bc-aecb-1bbbb4591e7e,Residential,R1651_1_1,2,400,200,200,400,0,19.2,513.94452,23.52504,556.66956,0,280844,302.8,212598.908,111.61128,213013.3193,-1500,2,-195,-5,0,-200,50,-20,-49,-1,0,-50,0,1,-2,-28,0,-30,25,-50,-1,-9,0,-10,0,1,2,8,0,10,10,30,1,1,0,2,-75,2,-40,0,0,-40,200,-50,0,0,-50,25,1,30,10,-50,-10,200,5,30,20,5,-50,-25
5265d7e5-ae32-4578-af11-4ea108b23054,Residential,R563_1_1,2,400,200,200,400,0,19.2,513.94452,23.52504,556.66956,0,280844,302.8,212598.908,111.61128,213013.3193,-1500,2,-195,-5,0,-200,50,-20,-49,-1,0,-50,0,1,-2,-28,0,-30,25,-50,-1,-9,0,-10,0,1,2,8,0,10,10,30,1,1,0,2,-75,2,-40,0,0,-40,200,-50,0,0,-50,25,1,30,10,-50,-10,200,5,30,20,5,-50,-25
2403a0ca-7700-4692-9a71-b7c7d50d35cf,Residential,R1437_1_1,2,400,200,200,400,0,19.2,513.94452,23.52504,556.66956,0,280844,302.8,212598.908,111.61128,213013.3193,-1500,2,-195,-5,0,-200,50,-20,-49,-1,0,-50,0,1,-2,-28,0,-30,25,-50,-1,-9,0,-10,0,1,2,8,0,10,10,30,1,1,0,2,-75,2,-40,0,0,-40,200,-50,0,0,-50,25,1,30,10,-50,-10,200,5,30,20,5,-50,-25
5da6f79c-03cc-44e6-a4e5-bb899cc6a1d3,Residential,R1497_1_1,2,400,200,200,400,0,19.2,513.94452,23.52504,556.66956,0,280844,302.8,212598.908,111.61128,213013.3193,-1500,2,-195,-5,0,-200,50,-20,-49,-1,0,-50,0,1,-2,-28,0,-30,25,-50,-1,-9,0,-10,0,1,2,8,0,10,10,30,1,1,0,2,-75,2,-40,0,0,-40,200,-50,0,0,-50,25,1,30,10,-50,-10,200,5,30,20,5,-50,-25
29639bda-7c3a-4e51-8132-9d1685e9cf8f,Residential,R48_1_1,2,400,200,200,400,0,19.2,513.94452,23.52504,556.66956,0,280844,302.8,212598.908,111.61128,213013.3193,-1500,2,-195,-5,0,-200,50,-20,-49,-1,0,-50,0,1,-2,-28,0,-30,25,-50,-1,-9,0,-10,0,1,2,8,0,10,10,30,1,1,0,2,-75,2,-40,0,0,-40,200,-50,0,0,-50,25,1,30,10,-50,-10,200,5,30,20,5,-50,-25
e461cded-fc7c-4dd6-90ab-f05c8f6879dd,Residential,R2030_1_1,2,400,200,200,400,0,19.2,513.94452,23.52504,556.66956,0,280844,302.8,212598.908,111.61128,213013.3193,-1500,2,-195,-5,0,-200,50,-20,-49,-1,0,-50,0,1,-2,-28,0,-30,25,-50,-1,-9,0,-10,0,1,2,8,0,10,10,30,1,1,0,2,-75,2,-40,0,0,-40,200,-50,0,0,-50,25,1,30,10,-50,-10,200,5,30,20,5,-50,-25
9b14a46e-37f0-4370-814e-1a73701f4b10,Residential,R1918_1_1,2,400,200,200,400,0,19.2,513.94452,23.52504,556.66956,0,280844,302.8,212598.908,111.61128,213013.3193,-1500,2,-195,-5,0,-200,50,-20,-49,-1,0,-50,0,1,-2,-28,0,-30,25,-50,-1,-9,0,-10,0,1,2,8,0,10,10,30,1,1,0,2,-75,2,-40,0,0,-40,200,-50,0,0,-50,25,1,30,10,-50,-10,200,5,30,20,5,-50,-25
7b9aab98-fefc-479c-8f5a-460a198349dd,Residential,R983_1_1,2,400,200,200,400,0,19.2,513.94452,23.52504,556.66956,0,280844,302.8,212598.908,111.61128,213013.3193,-1500,2,-195,-5,0,-200,50,-20,-49,-1,0,-50,0,1,-2,-28,0,-30,25,-50,-1,-9,0,-10,0,1,2,8,0,10,10,30,1,1,0,2,-75,2,-40,0,0,-40,200,-50,0,0,-50,25,1,30,10,-50,-10,200,5,30,20,5,-50,-25
9a4bf648-8531-4dc9-9507-e12443ef56f7,Residential,R466_1_1,2,400,200,200,400,0,19.2,513.94452,23.52504,556.66956,0,280844,302.8,212598.908,111.61128,213013.3193,-1500,2,-195,-5,0,-200,50,-20,-49,-1,0,-50,0,1,-2,-28,0,-30,25,-50,-1,-9,0,-10,0,1,2,8,0,10,10,30,1,1,0,2,-75,2,-40,0,0,-40,200,-50,0,0,-50,25,1,30,10,-50,-10,200,5,30,20,5,-50,-25
dc81914c-0df9-40c7-8dbf-f0781d0d537f,Residential,R61_1_1,2,400,200,200,400,0,19.2,513.94452,23.52504,556.66956,0,280844,302.8,212598.908,111.61128,213013.3193,-1500,2,-195,-5,0,-200,50,-20,-49,-1,0,-50,0,1,-2,-28,0,-30,25,-50,-1,-9,0,-10,0,1,2,8,0,10,10,30,1,1,0,2,-75,2,-40,0,0,-40,200,-50,0,0,-50,25,1,30,10,-50,-10,200,5,30,20,5,-50,-25
18b3dc02-340d-4431-bd9b-41e4bedba1aa,Residential,R348_1_1,2,400,200,200,400,0,19.2,513.94452,23.52504,556.66956,0,280844,302.8,212598.908,111.61128,213013.3193,-1500,2,-195,-5,0,-200,50,-20,-49,-1,0,-50,0,1,-2,-28,0,-30,25,-50,-1,-9,0,-10,0,1,2,8,0,10,10,30,1,1,0,2,-75,2,-40,0,0,-40,200,-50,0,0,-50,25,1,30,10,-50,-10,200,5,30,20,5,-50,-25
5db7748f-0075-4c7d-ac38-2da7b88f6901,Residential,R276_1_1,2,400,200,200,400,0,19.2,513.94452,23.52504,556.66956,0,280844,302.8,212598.908,111.61128,213013.3193,-1500,2,-195,-5,0,-200,50,-20,-49,-1,0,-50,0,1,-2,-28,0,-30,25,-50,-1,-9,0,-10,0,1,2,8,0,10,10,30,1,1,0,2,-75,2,-40,0,0,-40,200,-50,0,0,-50,25,1,30,10,-50,-10,200,5,30,20,5,-50,-25
afa63c24-1203-4f23-9e57-7d46910e623e,Residential,R207_1_1,2,400,200,200,400,0,19.2,513.94452,23.52504,556.66956,0,280844,302.8,212598.908,111.61128,213013.3193,-1500,2,-195,-5,0,-200,50,-20,-49,-1,0,-50,0,1,-2,-28,0,-30,25,-50,-1,-9,0,-10,0,1,2,8,0,10,10,30,1,1,0,2,-75,2,-40,0,0,-40,200,-50,0,0,-50,25,1,30,10,-50,-10,200,5,30,20,5,-50,-25
76546a56-5e2f-4b1c-bd12-423230182316,Residential,R2062_1_1,2,400,200,200,400,0,19.2,513.94452,23.52504,556.66956,0,280844,302.8,212598.908,111.61128,213013.3193,-1500,2,-195,-5,0,-200,50,-20,-49,-1,0,-50,0,1,-2,-28,0,-30,25,-50,-1,-9,0,-10,0,1,2,8,0,10,10,30,1,1,0,2,-75,2,-40,0,0,-40,200,-50,0,0,-50,25,1,30,10,-50,-10,200,5,30,20,5,-50,-25
2057122b-f27d-41a3-afc1-4c0e38d3f606,Residential,R226_1_1,2,400,200,200,400,0,19.2,513.94452,23.52504,556.66956,0,280844,302.8,212598.908,111.61128,213013.3193,-1500,2,-195,-5,0,-200,50,-20,-49,-1,0,-50,0,1,-2,-28,0,-30,25,-50,-1,-9,0,-10,0,1,2,8,0,10,10,30,1,1,0,2,-75,2,-40,0,0,-40,200,-50,0,0,-50,25,1,30,10,-50,-10,200,5,30,20,5,-50,-25
d3a9a1eb-15cf-41f6-9658-43d0df5cbcd0,Residential,R180_1_1,2,400,200,200,400,0,19.2,513.94452,23.52504,556.66956,0,280844,302.8,212598.908,111.61128,213013.3193,-1500,2,-195,-5,0,-200,50,-20,-49,-1,0,-50,0,1,-2,-28,0,-30,25,-50,-1,-9,0,-10,0,1,2,8,0,10,10,30,1,1,0,2,-75,2,-40,0,0,-40,200,-50,0,0,-50,25,1,30,10,-50,-10,200,5,30,20,5,-50,-25
01328702-619d-413e-b08b-4b0c9a337d34,Residential,R509_1_1,2,400,200,200,400,0,19.2,513.94452,23.52504,556.66956,0,280844,302.8,212598.908,111.61128,213013.3193,-1500,2,-195,-5,0,-200,50,-20,-49,-1,0,-50,0,1,-2,-28,0,-30,25,-50,-1,-9,0,-10,0,1,2,8,0,10,10,30,1,1,0,2,-75,2,-40,0,0,-40,200,-50,0,0,-50,25,1,30,10,-50,-10,200,5,30,20,5,-50,-25
1d04c6d5-d85f-4e3a-ae55-45478956925b,Residential,R962_1_1,2,400,200,200,400,0,19.2,513.94452,23.52504,556.66956,0,280844,302.8,212598.908,111.61128,213013.3193,-1500,2,-195,-5,0,-200,50,-20,-49,-1,0,-50,0,1,-2,-28,0,-30,25,-50,-1,-9,0,-10,0,1,2,8,0,10,10,30,1,1,0,2,-75,2,-40,0,0,-40,200,-50,0,0,-50,25,1,30,10,-50,-10,200,5,30,20,5,-50,-25
7a47f837-ebdb-48d8-acf5-9cc0b5f30e39,Residential,R369_1_1,2,400,200,200,400,0,19.2,513.94452,23.52504,556.66956,0,280844,302.8,212598.908,111.61128,213013.3193,-1500,2,-195,-5,0,-200,50,-20,-49,-1,0,-50,0,1,-2,-28,0,-30,25,-50,-1,-9,0,-10,0,1,2,8,0,10,10,30,1,1,0,2,-75,2,-40,0,0,-40,200,-50,0,0,-50,25,1,30,10,-50,-10,200,5,30,20,5,-50,-25
3d9856aa-d054-4765-aebc-18704c3f80eb,Residential,R910_1_1,2,400,200,200,400,0,19.2,513.94452,23.52504,556.66956,0,280844,302.8,212598.908,111.61128,213013.3193,-1500,2,-195,-5,0,-200,50,-20,-49,-1,0,-50,0,1,-2,-28,0,-30,25,-50,-1,-9,0,-10,0,1,2,8,0,10,10,30,1,1,0,2,-75,2,-40,0,0,-40,200,-50,0,0,-50,25,1,30,10,-50,-10,200,5,30,20,5,-50,-25
ad89f0b3-0c19-495b-b34f-4ddf45bd939d,Residential,R1254_1_1,2,400,200,200,400,0,19.2,513.94452,23.52504,556.66956,0,280844,302.8,212598.908,111.61128,213013.3193,-1500,2,-195,-5,0,-200,50,-20,-49,-1,0,-50,0,1,-2,-28,0,-30,25,-50,-1,-9,0,-10,0,1,2,8,0,10,10,30,1,1,0,2,-75,2,-40,0,0,-40,200,-50,0,0,-50,25,1,30,10,-50,-10,200,5,30,20,5,-50,-25
de3ced5e-a253-475d-ab53-d4b7ba664a0a,Residential,R590_1_1,2,400,200,200,400,0,19.2,513.94452,23.52504,556.66956,0,280844,302.8,212598.908,111.61128,213013.3193,-1500,2,-195,-5,0,-200,50,-20,-49,-1,0,-50,0,1,-2,-28,0,-30,25,-50,-1,-9,0,-10,0,1,2,8,0,10,10,30,1,1,0,2,-75,2,-40,0,0,-40,200,-50,0,0,-50,25,1,30,10,-50,-10,200,5,30,20,5,-50,-25
905b4e09-5193-406b-a989-3e5bbb9ea91d,Residential,R330_1_1,2,400,200,200,400,0,19.2,513.94452,23.52504,556.66956,0,280844,302.8,212598.908,111.61128,213013.3193,-1500,2,-195,-5,0,-200,50,-20,-49,-1,0,-50,0,1,-2,-28,0,-30,25,-50,-1,-9,0,-10,0,1,2,8,0,10,10,30,1,1,0,2,-75,2,-40,0,0,-40,200,-50,0,0,-50,25,1,30,10,-50,-10,200,5,30,20,5,-50,-25
6a73576d-8cbc-4485-960f-9298bd31acee,Residential,R2051_1_1,2,400,200,200,400,0,19.2,513.94452,23.52504,556.66956,0,280844,302.8,212598.908,111.61128,213013.3193,-1500,2,-195,-5,0,-200,50,-20,-49,-1,0,-50,0,1,-2,-28,0,-30,25,-50,-1,-9,0,-10,0,1,2,8,0,10,10,30,1,1,0,2,-75,2,-40,0,0,-40,200,-50,0,0,-50,25,1,30,10,-50,-10,200,5,30,20,5,-50,-25
d3bd283d-1f28-4056-883b-041342ec7b99,Residential,R911_1_1,2,400,200,200,400,0,19.2,513.94452,23.52504,556.66956,0,280844,302.8,212598.908,111.61128,213013.3193,-1500,2,-195,-5,0,-200,50,-20,-49,-1,0,-50,0,1,-2,-28,0,-30,25,-50,-1,-9,0,-10,0,1,2,8,0,10,10,30,1,1,0,2,-75,2,-40,0,0,-40,200,-50,0,0,-50,25,1,30,10,-50,-10,200,5,30,20,5,-50,-25
4c470b40-2472-49b6-8c63-5f143d693a86,Residential,R2114_1_1,2,400,200,200,400,0,19.2,513.94452,23.52504,556.66956,0,280844,302.8,212598.908,111.61128,213013.3193,-1500,2,-195,-5,0,-200,50,-20,-49,-1,0,-50,0,1,-2,-28,0,-30,25,-50,-1,-9,0,-10,0,1,2,8,0,10,10,30,1,1,0,2,-75,2,-40,0,0,-40,200,-50,0,0,-50,25,1,30,10,-50,-10,200,5,30,20,5,-50,-25
238b1857-a80d-4ff2-b9aa-82b3e061ab12,Residential,R616_1_1,2,400,200,200,400,0,19.2,513.94452,23.52504,556.66956,0,280844,302.8,212598.908,111.61128,213013.3193,-1500,2,-195,-5,0,-200,50,-20,-49,-1,0,-50,0,1,-2,-28,0,-30,25,-50,-1,-9,0,-10,0,1,2,8,0,10,10,30,1,1,0,2,-75,2,-40,0,0,-40,200,-50,0,0,-50,25,1,30,10,-50,-10,200,5,30,20,5,-50,-25
d75ae824-a166-400d-a5db-554f19255b85,Residential,R1345_1_1,2,400,200,200,400,0,19.2,513.94452,23.52504,556.66956,0,280844,302.8,212598.908,111.61128,213013.3193,-1500,2,-195,-5,0,-200,50,-20,-49,-1,0,-50,0,1,-2,-28,0,-30,25,-50,-1,-9,0,-10,0,1,2,8,0,10,10,30,1,1,0,2,-75,2,-40,0,0,-40,200,-50,0,0,-50,25,1,30,10,-50,-10,200,5,30,20,5,-50,-25
70ce4e89-6a07-4a59-8369-fca12b5a0a59,Residential,R1628_1_1,2,400,200,200,400,0,19.2,513.94452,23.52504,556.66956,0,280844,302.8,212598.908,111.61128,213013.3193,-1500,2,-195,-5,0,-200,50,-20,-49,-1,0,-50,0,1,-2,-28,0,-30,25,-50,-1,-9,0,-10,0,1,2,8,0,10,10,30,1,1,0,2,-75,2,-40,0,0,-40,200,-50,0,0,-50,25,1,30,10,-50,-10,200,5,30,20,5,-50,-25
0b01c064-9da1-4ca2-834c-836df6c60fb7,Residential,R1885_1_1,2,400,200,200,400,0,19.2,513.94452,23.52504,556.66956,0,280844,302.8,212598.908,111.61128,213013.3193,-1500,2,-195,-5,0,-200,50,-20,-49,-1,0,-50,0,1,-2,-28,0,-30,25,-50,-1,-9,0,-10,0,1,2,8,0,10,10,30,1,1,0,2,-75,2,-40,0,0,-40,200,-50,0,0,-50,25,1,30,10,-50,-10,200,5,30,20,5,-50,-25
735a4fea-f4f8-4c83-bab1-a374dcbf9791,Residential,R1085_1_1,2,400,200,200,400,0,19.2,513.94452,23.52504,556.66956,0,280844,302.8,212598.908,111.61128,213013.3193,-1500,2,-195,-5,0,-200,50,-20,-49,-1,0,-50,0,1,-2,-28,0,-30,25,-50,-1,-9,0,-10,0,1,2,8,0,10,10,30,1,1,0,2,-75,2,-40,0,0,-40,200,-50,0,0,-50,25,1,30,10,-50,-10,200,5,30,20,5,-50,-25
82e0ceff-b075-4a7f-b31c-a0f506ca2d14,Residential,R318_1_1,2,400,200,200,400,0,19.2,513.94452,23.52504,556.66956,0,280844,302.8,212598.908,111.61128,213013.3193,-1500,2,-195,-5,0,-200,50,-20,-49,-1,0,-50,0,1,-2,-28,0,-30,25,-50,-1,-9,0,-10,0,1,2,8,0,10,10,30,1,1,0,2,-75,2,-40,0,0,-40,200,-50,0,0,-50,25,1,30,10,-50,-10,200,5,30,20,5,-50,-25
baf24812-9bc0-4546-8f6f-39873b656764,Residential,R342_1_1,2,400,200,200,400,0,19.2,513.94452,23.52504,556.66956,0,280844,302.8,212598.908,111.61128,213013.3193,-1500,2,-195,-5,0,-200,50,-20,-49,-1,0,-50,0,1,-2,-28,0,-30,25,-50,-1,-9,0,-10,0,1,2,8,0,10,10,30,1,1,0,2,-75,2,-40,0,0,-40,200,-50,0,0,-50,25,1,30,10,-50,-10,200,5,30,20,5,-50,-25
2bba74ae-4903-46d5-bf0a-bf41263f97a2,Residential,R1140_1_1,2,400,200,200,400,0,19.2,513.94452,23.52504,556.66956,0,280844,302.8,212598.908,111.61128,213013.3193,-1500,2,-195,-5,0,-200,50,-20,-49,-1,0,-50,0,1,-2,-28,0,-30,25,-50,-1,-9,0,-10,0,1,2,8,0,10,10,30,1,1,0,2,-75,2,-40,0,0,-40,200,-50,0,0,-50,25,1,30,10,-50,-10,200,5,30,20,5,-50,-25
664118d4-e17e-492a-b484-a4728e7da7ba,Residential,R1111_1_1,2,400,200,200,400,0,19.2,513.94452,23.52504,556.66956,0,280844,302.8,212598.908,111.61128,213013.3193,-1500,2,-195,-5,0,-200,50,-20,-49,-1,0,-50,0,1,-2,-28,0,-30,25,-50,-1,-9,0,-10,0,1,2,8,0,10,10,30,1,1,0,2,-75,2,-40,0,0,-40,200,-50,0,0,-50,25,1,30,10,-50,-10,200,5,30,20,5,-50,-25
590c23d4-18fe-4bc4-9472-0036b791694f,Residential,R483_1_1,2,400,200,200,400,0,19.2,513.94452,23.52504,556.66956,0,280844,302.8,212598.908,111.61128,213013.3193,-1500,2,-195,-5,0,-200,50,-20,-49,-1,0,-50,0,1,-2,-28,0,-30,25,-50,-1,-9,0,-10,0,1,2,8,0,10,10,30,1,1,0,2,-75,2,-40,0,0,-40,200,-50,0,0,-50,25,1,30,10,-50,-10,200,5,30,20,5,-50,-25
538dd0b7-4500-4850-86ea-20ac235d1267,Residential,R1335_1_1,2,400,200,200,400,0,19.2,513.94452,23.52504,556.66956,0,280844,302.8,212598.908,111.61128,213013.3193,-1500,2,-195,-5,0,-200,50,-20,-49,-1,0,-50,0,1,-2,-28,0,-30,25,-50,-1,-9,0,-10,0,1,2,8,0,10,10,30,1,1,0,2,-75,2,-40,0,0,-40,200,-50,0,0,-50,25,1,30,10,-50,-10,200,5,30,20,5,-50,-25
e70f0cfd-15fd-45d3-b3af-a1cedf841027,Residential,R1354_1_1,2,400,200,200,400,0,19.2,513.94452,23.52504,556.66956,0,280844,302.8,212598.908,111.61128,213013.3193,-1500,2,-195,-5,0,-200,50,-20,-49,-1,0,-50,0,1,-2,-28,0,-30,25,-50,-1,-9,0,-10,0,1,2,8,0,10,10,30,1,1,0,2,-75,2,-40,0,0,-40,200,-50,0,0,-50,25,1,30,10,-50,-10,200,5,30,20,5,-50,-25
cabfc1eb-7fde-403c-864b-3da28eae0941,Residential,R1277_1_1,2,400,200,200,400,0,19.2,513.94452,23.52504,556.66956,0,280844,302.8,212598.908,111.61128,213013.3193,-1500,2,-195,-5,0,-200,50,-20,-49,-1,0,-50,0,1,-2,-28,0,-30,25,-50,-1,-9,0,-10,0,1,2,8,0,10,10,30,1,1,0,2,-75,2,-40,0,0,-40,200,-50,0,0,-50,25,1,30,10,-50,-10,200,5,30,20,5,-50,-25
2b951a7f-4f7b-4aa3-831a-9c513a187536,Residential,R926_1_1,2,400,200,200,400,0,19.2,513.94452,23.52504,556.66956,0,280844,302.8,212598.908,111.61128,213013.3193,-1500,2,-195,-5,0,-200,50,-20,-49,-1,0,-50,0,1,-2,-28,0,-30,25,-50,-1,-9,0,-10,0,1,2,8,0,10,10,30,1,1,0,2,-75,2,-40,0,0,-40,200,-50,0,0,-50,25,1,30,10,-50,-10,200,5,30,20,5,-50,-25
5ee38c11-b38c-45eb-b66e-73c157168e7e,Residential,R1922_1_1,2,400,200,200,400,0,19.2,513.94452,23.52504,556.66956,0,280844,302.8,212598.908,111.61128,213013.3193,-1500,2,-195,-5,0,-200,50,-20,-49,-1,0,-50,0,1,-2,-28,0,-30,25,-50,-1,-9,0,-10,0,1,2,8,0,10,10,30,1,1,0,2,-75,2,-40,0,0,-40,200,-50,0,0,-50,25,1,30,10,-50,-10,200,5,30,20,5,-50,-25
37f15e87-b249-439a-b46b-e85d27205e82,Residential,R923_1_1,2,400,200,200,400,0,19.2,513.94452,23.52504,556.66956,0,280844,302.8,212598.908,111.61128,213013.3193,-1500,2,-195,-5,0,-200,50,-20,-49,-1,0,-50,0,1,-2,-28,0,-30,25,-50,-1,-9,0,-10,0,1,2,8,0,10,10,30,1,1,0,2,-75,2,-40,0,0,-40,200,-50,0,0,-50,25,1,30,10,-50,-10,200,5,30,20,5,-50,-25
4ad8fb00-8c08-4d5a-9d22-642c401150f4,Residential,R2089_1_1,2,400,200,200,400,0,19.2,513.94452,23.52504,556.66956,0,280844,302.8,212598.908,111.61128,213013.3193,-1500,2,-195,-5,0,-200,50,-20,-49,-1,0,-50,0,1,-2,-28,0,-30,25,-50,-1,-9,0,-10,0,1,2,8,0,10,10,30,1,1,0,2,-75,2,-40,0,0,-40,200,-50,0,0,-50,25,1,30,10,-50,-10,200,5,30,20,5,-50,-25
c91b56b9-a16d-4387-98ff-0df05e6628be,Residential,R2072_1_1,2,400,200,200,400,0,19.2,513.94452,23.52504,556.66956,0,280844,302.8,212598.908,111.61128,213013.3193,-1500,2,-195,-5,0,-200,50,-20,-49,-1,0,-50,0,1,-2,-28,0,-30,25,-50,-1,-9,0,-10,0,1,2,8,0,10,10,30,1,1,0,2,-75,2,-40,0,0,-40,200,-50,0,0,-50,25,1,30,10,-50,-10,200,5,30,20,5,-50,-25
3a163f26-9a3c-4b57-8725-4caa39abfcbc,Residential,R1453_1_1,2,400,200,200,400,0,19.2,513.94452,23.52504,556.66956,0,280844,302.8,212598.908,111.61128,213013.3193,-1500,2,-195,-5,0,-200,50,-20,-49,-1,0,-50,0,1,-2,-28,0,-30,25,-50,-1,-9,0,-10,0,1,2,8,0,10,10,30,1,1,0,2,-75,2,-40,0,0,-40,200,-50,0,0,-50,25,1,30,10,-50,-10,200,5,30,20,5,-50,-25
d81e6b5d-7ab5-4062-b98a-6b33da16fd6a,Residential,R514_1_1,2,400,200,200,400,0,19.2,513.94452,23.52504,556.66956,0,280844,302.8,212598.908,111.61128,213013.3193,-1500,2,-195,-5,0,-200,50,-20,-49,-1,0,-50,0,1,-2,-28,0,-30,25,-50,-1,-9,0,-10,0,1,2,8,0,10,10,30,1,1,0,2,-75,2,-40,0,0,-40,200,-50,0,0,-50,25,1,30,10,-50,-10,200,5,30,20,5,-50,-25
b82eef91-7a99-4e6f-8fc4-c230ae9f37ff,Residential,R1343_1_1,2,400,200,200,400,0,19.2,513.94452,23.52504,556.66956,0,280844,302.8,212598.908,111.61128,213013.3193,-1500,2,-195,-5,0,-200,50,-20,-49,-1,0,-50,0,1,-2,-28,0,-30,25,-50,-1,-9,0,-10,0,1,2,8,0,10,10,30,1,1,0,2,-75,2,-40,0,0,-40,200,-50,0,0,-50,25,1,30,10,-50,-10,200,5,30,20,5,-50,-25
9b1ad2a8-3cbb-4e04-b971-1c21e9ab0f0e,Residential,R528_1_1,2,400,200,200,400,0,19.2,513.94452,23.52504,556.66956,0,280844,302.8,212598.908,111.61128,213013.3193,-1500,2,-195,-5,0,-200,50,-20,-49,-1,0,-50,0,1,-2,-28,0,-30,25,-50,-1,-9,0,-10,0,1,2,8,0,10,10,30,1,1,0,2,-75,2,-40,0,0,-40,200,-50,0,0,-50,25,1,30,10,-50,-10,200,5,30,20,5,-50,-25
e8ade52f-e8b0-4300-a542-fe84bcb66c27,Residential,R1422_1_1,2,400,200,200,400,0,19.2,513.94452,23.52504,556.66956,0,280844,302.8,212598.908,111.61128,213013.3193,-1500,2,-195,-5,0,-200,50,-20,-49,-1,0,-50,0,1,-2,-28,0,-30,25,-50,-1,-9,0,-10,0,1,2,8,0,10,10,30,1,1,0,2,-75,2,-40,0,0,-40,200,-50,0,0,-50,25,1,30,10,-50,-10,200,5,30,20,5,-50,-25
9a76795b-dcee-4244-84e1-1766defa9d58,Residential,R1187_1_1,2,400,200,200,400,0,19.2,513.94452,23.52504,556.66956,0,280844,302.8,212598.908,111.61128,213013.3193,-1500,2,-195,-5,0,-200,50,-20,-49,-1,0,-50,0,1,-2,-28,0,-30,25,-50,-1,-9,0,-10,0,1,2,8,0,10,10,30,1,1,0,2,-75,2,-40,0,0,-40,200,-50,0,0,-50,25,1,30,10,-50,-10,200,5,30,20,5,-50,-25
0811737f-60dd-410f-99a7-60914f0081ef,Residential,R1014_1_1,2,400,200,200,400,0,19.2,513.94452,23.52504,556.66956,0,280844,302.8,212598.908,111.61128,213013.3193,-1500,2,-195,-5,0,-200,50,-20,-49,-1,0,-50,0,1,-2,-28,0,-30,25,-50,-1,-9,0,-10,0,1,2,8,0,10,10,30,1,1,0,2,-75,2,-40,0,0,-40,200,-50,0,0,-50,25,1,30,10,-50,-10,200,5,30,20,5,-50,-25
7614a63c-c3de-4d39-b734-8ffc81949c7e,Residential,R1478_1_1,2,400,200,200,400,0,19.2,513.94452,23.52504,556.66956,0,280844,302.8,212598.908,111.61128,213013.3193,-1500,2,-195,-5,0,-200,50,-20,-49,-1,0,-50,0,1,-2,-28,0,-30,25,-50,-1,-9,0,-10,0,1,2,8,0,10,10,30,1,1,0,2,-75,2,-40,0,0,-40,200,-50,0,0,-50,25,1,30,10,-50,-10,200,5,30,20,5,-50,-25
c47b7277-15ed-43f9-9d10-cff8130ae55f,Residential,R65_1_1,2,400,200,200,400,0,19.2,513.94452,23.52504,556.66956,0,280844,302.8,212598.908,111.61128,213013.3193,-1500,2,-195,-5,0,-200,50,-20,-49,-1,0,-50,0,1,-2,-28,0,-30,25,-50,-1,-9,0,-10,0,1,2,8,0,10,10,30,1,1,0,2,-75,2,-40,0,0,-40,200,-50,0,0,-50,25,1,30,10,-50,-10,200,5,30,20,5,-50,-25
0f068cfe-b578-48c0-adb2-75aff7c501ec,Residential,R397_1_1,2,400,200,200,400,0,19.2,513.94452,23.52504,556.66956,0,280844,302.8,212598.908,111.61128,213013.3193,-1500,2,-195,-5,0,-200,50,-20,-49,-1,0,-50,0,1,-2,-28,0,-30,25,-50,-1,-9,0,-10,0,1,2,8,0,10,10,30,1,1,0,2,-75,2,-40,0,0,-40,200,-50,0,0,-50,25,1,30,10,-50,-10,200,5,30,20,5,-50,-25
59204a86-79eb-49dc-b577-c596c7e5e36c,Residential,R1281_1_1,2,400,200,200,400,0,19.2,513.94452,23.52504,556.66956,0,280844,302.8,212598.908,111.61128,213013.3193,-1500,2,-195,-5,0,-200,50,-20,-49,-1,0,-50,0,1,-2,-28,0,-30,25,-50,-1,-9,0,-10,0,1,2,8,0,10,10,30,1,1,0,2,-75,2,-40,0,0,-40,200,-50,0,0,-50,25,1,30,10,-50,-10,200,5,30,20,5,-50,-25
f73bce47-a21b-4664-b17f-d3276a2b49e5,Residential,R760_1_1,2,400,200,200,400,0,19.2,513.94452,23.52504,556.66956,0,280844,302.8,212598.908,111.61128,213013.3193,-1500,2,-195,-5,0,-200,50,-20,-49,-1,0,-50,0,1,-2,-28,0,-30,25,-50,-1,-9,0,-10,0,1,2,8,0,10,10,30,1,1,0,2,-75,2,-40,0,0,-40,200,-50,0,0,-50,25,1,30,10,-50,-10,200,5,30,20,5,-50,-25
66f87052-db13-4f70-a830-d1c98c88d789,Residential,R539_1_1,2,400,200,200,400,0,19.2,513.94452,23.52504,556.66956,0,280844,302.8,212598.908,111.61128,213013.3193,-1500,2,-195,-5,0,-200,50,-20,-49,-1,0,-50,0,1,-2,-28,0,-30,25,-50,-1,-9,0,-10,0,1,2,8,0,10,10,30,1,1,0,2,-75,2,-40,0,0,-40,200,-50,0,0,-50,25,1,30,10,-50,-10,200,5,30,20,5,-50,-25
c65357fa-ff2c-405c-8ed1-23f138787757,Residential,R596_1_1,2,400,200,200,400,0,19.2,513.94452,23.52504,556.66956,0,280844,302.8,212598.908,111.61128,213013.3193,-1500,2,-195,-5,0,-200,50,-20,-49,-1,0,-50,0,1,-2,-28,0,-30,25,-50,-1,-9,0,-10,0,1,2,8,0,10,10,30,1,1,0,2,-75,2,-40,0,0,-40,200,-50,0,0,-50,25,1,30,10,-50,-10,200,5,30,20,5,-50,-25
318a3e44-f379-4dac-ba02-786ce5fe5e1e,Residential,R407_1_1,2,400,200,200,400,0,19.2,513.94452,23.52504,556.66956,0,280844,302.8,212598.908,111.61128,213013.3193,-1500,2,-195,-5,0,-200,50,-20,-49,-1,0,-50,0,1,-2,-28,0,-30,25,-50,-1,-9,0,-10,0,1,2,8,0,10,10,30,1,1,0,2,-75,2,-40,0,0,-40,200,-50,0,0,-50,25,1,30,10,-50,-10,200,5,30,20,5,-50,-25
a863b8b8-6606-4359-8778-83e9e224c348,Residential,R487_1_1,2,400,200,200,400,0,19.2,513.94452,23.52504,556.66956,0,280844,302.8,212598.908,111.61128,213013.3193,-1500,2,-195,-5,0,-200,50,-20,-49,-1,0,-50,0,1,-2,-28,0,-30,25,-50,-1,-9,0,-10,0,1,2,8,0,10,10,30,1,1,0,2,-75,2,-40,0,0,-40,200,-50,0,0,-50,25,1,30,10,-50,-10,200,5,30,20,5,-50,-25
b713ee8f-01e6-4b42-b33d-4d821755bce7,Residential,R2106_1_1,2,400,200,200,400,0,19.2,513.94452,23.52504,556.66956,0,280844,302.8,212598.908,111.61128,213013.3193,-1500,2,-195,-5,0,-200,50,-20,-49,-1,0,-50,0,1,-2,-28,0,-30,25,-50,-1,-9,0,-10,0,1,2,8,0,10,10,30,1,1,0,2,-75,2,-40,0,0,-40,200,-50,0,0,-50,25,1,30,10,-50,-10,200,5,30,20,5,-50,-25
167844b8-b5b9-4b52-a870-c30cfc800a4d,Residential,R2155_1_1,2,400,200,200,400,0,19.2,513.94452,23.52504,556.66956,0,280844,302.8,212598.908,111.61128,213013.3193,-1500,2,-195,-5,0,-200,50,-20,-49,-1,0,-50,0,1,-2,-28,0,-30,25,-50,-1,-9,0,-10,0,1,2,8,0,10,10,30,1,1,0,2,-75,2,-40,0,0,-40,200,-50,0,0,-50,25,1,30,10,-50,-10,200,5,30,20,5,-50,-25
3753cd13-c988-47e6-a392-44125740f548,Residential,R979_1_1,2,400,200,200,400,0,19.2,513.94452,23.52504,556.66956,0,280844,302.8,212598.908,111.61128,213013.3193,-1500,2,-195,-5,0,-200,50,-20,-49,-1,0,-50,0,1,-2,-28,0,-30,25,-50,-1,-9,0,-10,0,1,2,8,0,10,10,30,1,1,0,2,-75,2,-40,0,0,-40,200,-50,0,0,-50,25,1,30,10,-50,-10,200,5,30,20,5,-50,-25
f254b17b-6769-494a-97d4-ddac1e29b72d,Residential,R1116_1_1,2,400,200,200,400,0,19.2,513.94452,23.52504,556.66956,0,280844,302.8,212598.908,111.61128,213013.3193,-1500,2,-195,-5,0,-200,50,-20,-49,-1,0,-50,0,1,-2,-28,0,-30,25,-50,-1,-9,0,-10,0,1,2,8,0,10,10,30,1,1,0,2,-75,2,-40,0,0,-40,200,-50,0,0,-50,25,1,30,10,-50,-10,200,5,30,20,5,-50,-25
a3645b40-ec69-4930-8ec0-942c1a980e58,Residential,R64_1_1,2,400,200,200,400,0,19.2,513.94452,23.52504,556.66956,0,280844,302.8,212598.908,111.61128,213013.3193,-1500,2,-195,-5,0,-200,50,-20,-49,-1,0,-50,0,1,-2,-28,0,-30,25,-50,-1,-9,0,-10,0,1,2,8,0,10,10,30,1,1,0,2,-75,2,-40,0,0,-40,200,-50,0,0,-50,25,1,30,10,-50,-10,200,5,30,20,5,-50,-25
84e20d9b-6009-47c1-a44b-73a0599f2095,Residential,R1329_1_1,2,400,200,200,400,0,19.2,513.94452,23.52504,556.66956,0,280844,302.8,212598.908,111.61128,213013.3193,-1500,2,-195,-5,0,-200,50,-20,-49,-1,0,-50,0,1,-2,-28,0,-30,25,-50,-1,-9,0,-10,0,1,2,8,0,10,10,30,1,1,0,2,-75,2,-40,0,0,-40,200,-50,0,0,-50,25,1,30,10,-50,-10,200,5,30,20,5,-50,-25
4d0ce65d-58b5-4852-adb0-d524fad59a5b,Residential,R107_1_1,2,400,200,200,400,0,19.2,513.94452,23.52504,556.66956,0,280844,302.8,212598.908,111.61128,213013.3193,-1500,2,-195,-5,0,-200,50,-20,-49,-1,0,-50,0,1,-2,-28,0,-30,25,-50,-1,-9,0,-10,0,1,2,8,0,10,10,30,1,1,0,2,-75,2,-40,0,0,-40,200,-50,0,0,-50,25,1,30,10,-50,-10,200,5,30,20,5,-50,-25
6e14528b-e3fe-4886-b9b3-fc44f6f89db6,Residential,R1165_1_1,2,400,200,200,400,0,19.2,513.94452,23.52504,556.66956,0,280844,302.8,212598.908,111.61128,213013.3193,-1500,2,-195,-5,0,-200,50,-20,-49,-1,0,-50,0,1,-2,-28,0,-30,25,-50,-1,-9,0,-10,0,1,2,8,0,10,10,30,1,1,0,2,-75,2,-40,0,0,-40,200,-50,0,0,-50,25,1,30,10,-50,-10,200,5,30,20,5,-50,-25
7a7da31b-eecb-4e9c-8ee8-6a6db2f8b5dd,Residential,R1733_1_1,2,400,200,200,400,0,19.2,513.94452,23.52504,556.66956,0,280844,302.8,212598.908,111.61128,213013.3193,-1500,2,-195,-5,0,-200,50,-20,-49,-1,0,-50,0,1,-2,-28,0,-30,25,-50,-1,-9,0,-10,0,1,2,8,0,10,10,30,1,1,0,2,-75,2,-40,0,0,-40,200,-50,0,0,-50,25,1,30,10,-50,-10,200,5,30,20,5,-50,-25
de684a2a-9331-4301-a34e-dabbd69dd6d1,Residential,R1035_1_1,2,400,200,200,400,0,19.2,513.94452,23.52504,556.66956,0,280844,302.8,212598.908,111.61128,213013.3193,-1500,2,-195,-5,0,-200,50,-20,-49,-1,0,-50,0,1,-2,-28,0,-30,25,-50,-1,-9,0,-10,0,1,2,8,0,10,10,30,1,1,0,2,-75,2,-40,0,0,-40,200,-50,0,0,-50,25,1,30,10,-50,-10,200,5,30,20,5,-50,-25
7f414fec-450c-4cd6-9892-4421c1b6913f,Residential,R2144_1_1,2,400,200,200,400,0,19.2,513.94452,23.52504,556.66956,0,280844,302.8,212598.908,111.61128,213013.3193,-1500,2,-195,-5,0,-200,50,-20,-49,-1,0,-50,0,1,-2,-28,0,-30,25,-50,-1,-9,0,-10,0,1,2,8,0,10,10,30,1,1,0,2,-75,2,-40,0,0,-40,200,-50,0,0,-50,25,1,30,10,-50,-10,200,5,30,20,5,-50,-25
6c746090-bf7c-4338-ade2-d680d4870b2a,Residential,R36_1_1,2,400,200,200,400,0,19.2,513.94452,23.52504,556.66956,0,280844,302.8,212598.908,111.61128,213013.3193,-1500,2,-195,-5,0,-200,50,-20,-49,-1,0,-50,0,1,-2,-28,0,-30,25,-50,-1,-9,0,-10,0,1,2,8,0,10,10,30,1,1,0,2,-75,2,-40,0,0,-40,200,-50,0,0,-50,25,1,30,10,-50,-10,200,5,30,20,5,-50,-25
2a509846-9ca2-4b17-9377-02405fc74627,Residential,R414_1_1,2,400,200,200,400,0,19.2,513.94452,23.52504,556.66956,0,280844,302.8,212598.908,111.61128,213013.3193,-1500,2,-195,-5,0,-200,50,-20,-49,-1,0,-50,0,1,-2,-28,0,-30,25,-50,-1,-9,0,-10,0,1,2,8,0,10,10,30,1,1,0,2,-75,2,-40,0,0,-40,200,-50,0,0,-50,25,1,30,10,-50,-10,200,5,30,20,5,-50,-25
8bed963a-b513-4a17-ab95-058e8e635f7b,Residential,R1857_1_1,2,400,200,200,400,0,19.2,513.94452,23.52504,556.66956,0,280844,302.8,212598.908,111.61128,213013.3193,-1500,2,-195,-5,0,-200,50,-20,-49,-1,0,-50,0,1,-2,-28,0,-30,25,-50,-1,-9,0,-10,0,1,2,8,0,10,10,30,1,1,0,2,-75,2,-40,0,0,-40,200,-50,0,0,-50,25,1,30,10,-50,-10,200,5,30,20,5,-50,-25
83a4f17f-7e2b-48c5-a1e7-40d944f612f1,Residential,R654_1_1,2,400,200,200,400,0,19.2,513.94452,23.52504,556.66956,0,280844,302.8,212598.908,111.61128,213013.3193,-1500,2,-195,-5,0,-200,50,-20,-49,-1,0,-50,0,1,-2,-28,0,-30,25,-50,-1,-9,0,-10,0,1,2,8,0,10,10,30,1,1,0,2,-75,2,-40,0,0,-40,200,-50,0,0,-50,25,1,30,10,-50,-10,200,5,30,20,5,-50,-25
83ef0662-b6c0-43d0-aeac-aee089227f97,Residential,R2083_1_1,2,400,200,200,400,0,19.2,513.94452,23.52504,556.66956,0,280844,302.8,212598.908,111.61128,213013.3193,-1500,2,-195,-5,0,-200,50,-20,-49,-1,0,-50,0,1,-2,-28,0,-30,25,-50,-1,-9,0,-10,0,1,2,8,0,10,10,30,1,1,0,2,-75,2,-40,0,0,-40,200,-50,0,0,-50,25,1,30,10,-50,-10,200,5,30,20,5,-50,-25
3710956a-d407-4b4a-b7d2-5aef33d4775d,Residential,R924_1_1,2,400,200,200,400,0,19.2,513.94452,23.52504,556.66956,0,280844,302.8,212598.908,111.61128,213013.3193,-1500,2,-195,-5,0,-200,50,-20,-49,-1,0,-50,0,1,-2,-28,0,-30,25,-50,-1,-9,0,-10,0,1,2,8,0,10,10,30,1,1,0,2,-75,2,-40,0,0,-40,200,-50,0,0,-50,25,1,30,10,-50,-10,200,5,30,20,5,-50,-25
794244c5-1034-4381-82d5-881dbd75a8fe,Residential,R953_1_1,2,400,200,200,400,0,19.2,513.94452,23.52504,556.66956,0,280844,302.8,212598.908,111.61128,213013.3193,-1500,2,-195,-5,0,-200,50,-20,-49,-1,0,-50,0,1,-2,-28,0,-30,25,-50,-1,-9,0,-10,0,1,2,8,0,10,10,30,1,1,0,2,-75,2,-40,0,0,-40,200,-50,0,0,-50,25,1,30,10,-50,-10,200,5,30,20,5,-50,-25
8a7ccf10-3889-45ac-9a64-73da92b87686,Residential,R2119_1_1,2,400,200,200,400,0,19.2,513.94452,23.52504,556.66956,0,280844,302.8,212598.908,111.61128,213013.3193,-1500,2,-195,-5,0,-200,50,-20,-49,-1,0,-50,0,1,-2,-28,0,-30,25,-50,-1,-9,0,-10,0,1,2,8,0,10,10,30,1,1,0,2,-75,2,-40,0,0,-40,200,-50,0,0,-50,25,1,30,10,-50,-10,200,5,30,20,5,-50,-25
19633591-6e09-4784-ad4d-d582b36fe9cc,Residential,R989_1_1,2,400,200,200,400,0,19.2,513.94452,23.52504,556.66956,0,280844,302.8,212598.908,111.61128,213013.3193,-1500,2,-195,-5,0,-200,50,-20,-49,-1,0,-50,0,1,-2,-28,0,-30,25,-50,-1,-9,0,-10,0,1,2,8,0,10,10,30,1,1,0,2,-75,2,-40,0,0,-40,200,-50,0,0,-50,25,1,30,10,-50,-10,200,5,30,20,5,-50,-25
40767114-1c2c-4bb4-ba81-a69b4b1fee3c,Residential,R1577_1_1,2,400,200,200,400,0,19.2,513.94452,23.52504,556.66956,0,280844,302.8,212598.908,111.61128,213013.3193,-1500,2,-195,-5,0,-200,50,-20,-49,-1,0,-50,0,1,-2,-28,0,-30,25,-50,-1,-9,0,-10,0,1,2,8,0,10,10,30,1,1,0,2,-75,2,-40,0,0,-40,200,-50,0,0,-50,25,1,30,10,-50,-10,200,5,30,20,5,-50,-25
7582e8af-98bc-4cb0-bba0-93ba57bc5f63,Residential,R1156_1_1,2,400,200,200,400,0,19.2,513.94452,23.52504,556.66956,0,280844,302.8,212598.908,111.61128,213013.3193,-1500,2,-195,-5,0,-200,50,-20,-49,-1,0,-50,0,1,-2,-28,0,-30,25,-50,-1,-9,0,-10,0,1,2,8,0,10,10,30,1,1,0,2,-75,2,-40,0,0,-40,200,-50,0,0,-50,25,1,30,10,-50,-10,200,5,30,20,5,-50,-25
ca6fa0a1-d09e-40bf-bf29-a178f6251a85,Residential,R1995_1_1,2,400,200,200,400,0,19.2,513.94452,23.52504,556.66956,0,280844,302.8,212598.908,111.61128,213013.3193,-1500,2,-195,-5,0,-200,50,-20,-49,-1,0,-50,0,1,-2,-28,0,-30,25,-50,-1,-9,0,-10,0,1,2,8,0,10,10,30,1,1,0,2,-75,2,-40,0,0,-40,200,-50,0,0,-50,25,1,30,10,-50,-10,200,5,30,20,5,-50,-25
8c69bf20-8bee-44f7-a774-a1ef4391ddfb,Residential,R1394_1_1,2,400,200,200,400,0,19.2,513.94452,23.52504,556.66956,0,280844,302.8,212598.908,111.61128,213013.3193,-1500,2,-195,-5,0,-200,50,-20,-49,-1,0,-50,0,1,-2,-28,0,-30,25,-50,-1,-9,0,-10,0,1,2,8,0,10,10,30,1,1,0,2,-75,2,-40,0,0,-40,200,-50,0,0,-50,25,1,30,10,-50,-10,200,5,30,20,5,-50,-25
f22f823e-1c8a-423f-bc73-badc2dda25f3,Residential,R1046_1_1,2,400,200,200,400,0,19.2,513.94452,23.52504,556.66956,0,280844,302.8,212598.908,111.61128,213013.3193,-1500,2,-195,-5,0,-200,50,-20,-49,-1,0,-50,0,1,-2,-28,0,-30,25,-50,-1,-9,0,-10,0,1,2,8,0,10,10,30,1,1,0,2,-75,2,-40,0,0,-40,200,-50,0,0,-50,25,1,30,10,-50,-10,200,5,30,20,5,-50,-25
182db443-c43b-456f-9e5d-f6da125d9fa4,Residential,R1803_1_1,2,400,200,200,400,0,19.2,513.94452,23.52504,556.66956,0,280844,302.8,212598.908,111.61128,213013.3193,-1500,2,-195,-5,0,-200,50,-20,-49,-1,0,-50,0,1,-2,-28,0,-30,25,-50,-1,-9,0,-10,0,1,2,8,0,10,10,30,1,1,0,2,-75,2,-40,0,0,-40,200,-50,0,0,-50,25,1,30,10,-50,-10,200,5,30,20,5,-50,-25
13be478a-59de-49ac-b595-7b96509e8a6c,Residential,R42_1_1,2,400,200,200,400,0,19.2,513.94452,23.52504,556.66956,0,280844,302.8,212598.908,111.61128,213013.3193,-1500,2,-195,-5,0,-200,50,-20,-49,-1,0,-50,0,1,-2,-28,0,-30,25,-50,-1,-9,0,-10,0,1,2,8,0,10,10,30,1,1,0,2,-75,2,-40,0,0,-40,200,-50,0,0,-50,25,1,30,10,-50,-10,200,5,30,20,5,-50,-25
d6ada84f-c63b-49cf-9c70-f3e5347fc3c3,Residential,R1169_1_1,2,400,200,200,400,0,19.2,513.94452,23.52504,556.66956,0,280844,302.8,212598.908,111.61128,213013.3193,-1500,2,-195,-5,0,-200,50,-20,-49,-1,0,-50,0,1,-2,-28,0,-30,25,-50,-1,-9,0,-10,0,1,2,8,0,10,10,30,1,1,0,2,-75,2,-40,0,0,-40,200,-50,0,0,-50,25,1,30,10,-50,-10,200,5,30,20,5,-50,-25
f2f24ec7-eb0e-4762-a6b7-4ad27e9d5637,Residential,R1462_1_1,2,400,200,200,400,0,19.2,513.94452,23.52504,556.66956,0,280844,302.8,212598.908,111.61128,213013.3193,-1500,2,-195,-5,0,-200,50,-20,-49,-1,0,-50,0,1,-2,-28,0,-30,25,-50,-1,-9,0,-10,0,1,2,8,0,10,10,30,1,1,0,2,-75,2,-40,0,0,-40,200,-50,0,0,-50,25,1,30,10,-50,-10,200,5,30,20,5,-50,-25
63cbe1a8-a657-4aea-bf13-25495917f096,Residential,R120_1_1,2,400,200,200,400,0,19.2,513.94452,23.52504,556.66956,0,280844,302.8,212598.908,111.61128,213013.3193,-1500,2,-195,-5,0,-200,50,-20,-49,-1,0,-50,0,1,-2,-28,0,-30,25,-50,-1,-9,0,-10,0,1,2,8,0,10,10,30,1,1,0,2,-75,2,-40,0,0,-40,200,-50,0,0,-50,25,1,30,10,-50,-10,200,5,30,20,5,-50,-25
b460fe53-2587-4836-87ad-6fa17a11c8ac,Residential,R715_1_1,2,400,200,200,400,0,19.2,513.94452,23.52504,556.66956,0,280844,302.8,212598.908,111.61128,213013.3193,-1500,2,-195,-5,0,-200,50,-20,-49,-1,0,-50,0,1,-2,-28,0,-30,25,-50,-1,-9,0,-10,0,1,2,8,0,10,10,30,1,1,0,2,-75,2,-40,0,0,-40,200,-50,0,0,-50,25,1,30,10,-50,-10,200,5,30,20,5,-50,-25
662f30d5-9360-4ade-b307-74569d3204d8,Residential,R1502_1_1,2,400,200,200,400,0,19.2,513.94452,23.52504,556.66956,0,280844,302.8,212598.908,111.61128,213013.3193,-1500,2,-195,-5,0,-200,50,-20,-49,-1,0,-50,0,1,-2,-28,0,-30,25,-50,-1,-9,0,-10,0,1,2,8,0,10,10,30,1,1,0,2,-75,2,-40,0,0,-40,200,-50,0,0,-50,25,1,30,10,-50,-10,200,5,30,20,5,-50,-25
c2a89d0c-6a14-4e2d-a387-0e8dfb84907b,Residential,R1797_1_1,2,400,200,200,400,0,19.2,513.94452,23.52504,556.66956,0,280844,302.8,212598.908,111.61128,213013.3193,-1500,2,-195,-5,0,-200,50,-20,-49,-1,0,-50,0,1,-2,-28,0,-30,25,-50,-1,-9,0,-10,0,1,2,8,0,10,10,30,1,1,0,2,-75,2,-40,0,0,-40,200,-50,0,0,-50,25,1,30,10,-50,-10,200,5,30,20,5,-50,-25
16f6de53-2210-4bd2-9cad-2ae823724b3b,Residential,R964_1_1,2,400,200,200,400,0,19.2,513.94452,23.52504,556.66956,0,280844,302.8,212598.908,111.61128,213013.3193,-1500,2,-195,-5,0,-200,50,-20,-49,-1,0,-50,0,1,-2,-28,0,-30,25,-50,-1,-9,0,-10,0,1,2,8,0,10,10,30,1,1,0,2,-75,2,-40,0,0,-40,200,-50,0,0,-50,25,1,30,10,-50,-10,200,5,30,20,5,-50,-25
a76107e8-9d40-4413-b950-4ac4ff7779a7,Residential,R1843_1_1,2,400,200,200,400,0,19.2,513.94452,23.52504,556.66956,0,280844,302.8,212598.908,111.61128,213013.3193,-1500,2,-195,-5,0,-200,50,-20,-49,-1,0,-50,0,1,-2,-28,0,-30,25,-50,-1,-9,0,-10,0,1,2,8,0,10,10,30,1,1,0,2,-75,2,-40,0,0,-40,200,-50,0,0,-50,25,1,30,10,-50,-10,200,5,30,20,5,-50,-25
531eebb3-5dd6-4db9-848a-cf972bd9ef33,Residential,R1252_1_1,2,400,200,200,400,0,19.2,513.94452,23.52504,556.66956,0,280844,302.8,212598.908,111.61128,213013.3193,-1500,2,-195,-5,0,-200,50,-20,-49,-1,0,-50,0,1,-2,-28,0,-30,25,-50,-1,-9,0,-10,0,1,2,8,0,10,10,30,1,1,0,2,-75,2,-40,0,0,-40,200,-50,0,0,-50,25,1,30,10,-50,-10,200,5,30,20,5,-50,-25
ccbe8763-1784-4ab5-abf0-da9ec188a8d6,Residential,R162_1_1,2,400,200,200,400,0,19.2,513.94452,23.52504,556.66956,0,280844,302.8,212598.908,111.61128,213013.3193,-1500,2,-195,-5,0,-200,50,-20,-49,-1,0,-50,0,1,-2,-28,0,-30,25,-50,-1,-9,0,-10,0,1,2,8,0,10,10,30,1,1,0,2,-75,2,-40,0,0,-40,200,-50,0,0,-50,25,1,30,10,-50,-10,200,5,30,20,5,-50,-25
f2f6b3a9-c5cc-49f1-addb-e287f6b77fbb,Residential,R1507_1_1,2,400,200,200,400,0,19.2,513.94452,23.52504,556.66956,0,280844,302.8,212598.908,111.61128,213013.3193,-1500,2,-195,-5,0,-200,50,-20,-49,-1,0,-50,0,1,-2,-28,0,-30,25,-50,-1,-9,0,-10,0,1,2,8,0,10,10,30,1,1,0,2,-75,2,-40,0,0,-40,200,-50,0,0,-50,25,1,30,10,-50,-10,200,5,30,20,5,-50,-25
28105d01-971d-43d1-ae91-30ae6feccbd4,Residential,R301_1_1,2,400,200,200,400,0,19.2,513.94452,23.52504,556.66956,0,280844,302.8,212598.908,111.61128,213013.3193,-1500,2,-195,-5,0,-200,50,-20,-49,-1,0,-50,0,1,-2,-28,0,-30,25,-50,-1,-9,0,-10,0,1,2,8,0,10,10,30,1,1,0,2,-75,2,-40,0,0,-40,200,-50,0,0,-50,25,1,30,10,-50,-10,200,5,30,20,5,-50,-25
ff62378d-610e-4ba6-a38b-e8b5529ab53d,Residential,R1574_1_1,2,400,200,200,400,0,19.2,513.94452,23.52504,556.66956,0,280844,302.8,212598.908,111.61128,213013.3193,-1500,2,-195,-5,0,-200,50,-20,-49,-1,0,-50,0,1,-2,-28,0,-30,25,-50,-1,-9,0,-10,0,1,2,8,0,10,10,30,1,1,0,2,-75,2,-40,0,0,-40,200,-50,0,0,-50,25,1,30,10,-50,-10,200,5,30,20,5,-50,-25
285e3378-d283-4b19-b4f5-aa013cd51d14,Residential,R1304_1_1,2,400,200,200,400,0,19.2,513.94452,23.52504,556.66956,0,280844,302.8,212598.908,111.61128,213013.3193,-1500,2,-195,-5,0,-200,50,-20,-49,-1,0,-50,0,1,-2,-28,0,-30,25,-50,-1,-9,0,-10,0,1,2,8,0,10,10,30,1,1,0,2,-75,2,-40,0,0,-40,200,-50,0,0,-50,25,1,30,10,-50,-10,200,5,30,20,5,-50,-25
482565f6-e3ac-4b61-aeca-ce1a12c7567b,Residential,R344_1_1,2,400,200,200,400,0,19.2,513.94452,23.52504,556.66956,0,280844,302.8,212598.908,111.61128,213013.3193,-1500,2,-195,-5,0,-200,50,-20,-49,-1,0,-50,0,1,-2,-28,0,-30,25,-50,-1,-9,0,-10,0,1,2,8,0,10,10,30,1,1,0,2,-75,2,-40,0,0,-40,200,-50,0,0,-50,25,1,30,10,-50,-10,200,5,30,20,5,-50,-25
a82e1573-799b-422a-9f54-14e9c0a11489,Residential,R32_1_1,2,400,200,200,400,0,19.2,513.94452,23.52504,556.66956,0,280844,302.8,212598.908,111.61128,213013.3193,-1500,2,-195,-5,0,-200,50,-20,-49,-1,0,-50,0,1,-2,-28,0,-30,25,-50,-1,-9,0,-10,0,1,2,8,0,10,10,30,1,1,0,2,-75,2,-40,0,0,-40,200,-50,0,0,-50,25,1,30,10,-50,-10,200,5,30,20,5,-50,-25
57e8c8a5-70af-4f71-8f31-1cfe87d98f7e,Residential,R1706_1_1,2,400,200,200,400,0,19.2,513.94452,23.52504,556.66956,0,280844,302.8,212598.908,111.61128,213013.3193,-1500,2,-195,-5,0,-200,50,-20,-49,-1,0,-50,0,1,-2,-28,0,-30,25,-50,-1,-9,0,-10,0,1,2,8,0,10,10,30,1,1,0,2,-75,2,-40,0,0,-40,200,-50,0,0,-50,25,1,30,10,-50,-10,200,5,30,20,5,-50,-25
89c33828-6ee1-4703-9900-08eb4414c51d,Residential,R1930_1_1,2,400,200,200,400,0,19.2,513.94452,23.52504,556.66956,0,280844,302.8,212598.908,111.61128,213013.3193,-1500,2,-195,-5,0,-200,50,-20,-49,-1,0,-50,0,1,-2,-28,0,-30,25,-50,-1,-9,0,-10,0,1,2,8,0,10,10,30,1,1,0,2,-75,2,-40,0,0,-40,200,-50,0,0,-50,25,1,30,10,-50,-10,200,5,30,20,5,-50,-25
5a4aefe9-6312-49bb-bd97-8b673812cec3,Residential,R1607_1_1,2,400,200,200,400,0,19.2,513.94452,23.52504,556.66956,0,280844,302.8,212598.908,111.61128,213013.3193,-1500,2,-195,-5,0,-200,50,-20,-49,-1,0,-50,0,1,-2,-28,0,-30,25,-50,-1,-9,0,-10,0,1,2,8,0,10,10,30,1,1,0,2,-75,2,-40,0,0,-40,200,-50,0,0,-50,25,1,30,10,-50,-10,200,5,30,20,5,-50,-25
540be79d-5507-42c8-963c-403a39fe79e5,Residential,R136_1_1,2,400,200,200,400,0,19.2,513.94452,23.52504,556.66956,0,280844,302.8,212598.908,111.61128,213013.3193,-1500,2,-195,-5,0,-200,50,-20,-49,-1,0,-50,0,1,-2,-28,0,-30,25,-50,-1,-9,0,-10,0,1,2,8,0,10,10,30,1,1,0,2,-75,2,-40,0,0,-40,200,-50,0,0,-50,25,1,30,10,-50,-10,200,5,30,20,5,-50,-25
437a8480-5ba9-4aa6-88d6-5f6585018ea3,Residential,R264_1_1,2,400,200,200,400,0,19.2,513.94452,23.52504,556.66956,0,280844,302.8,212598.908,111.61128,213013.3193,-1500,2,-195,-5,0,-200,50,-20,-49,-1,0,-50,0,1,-2,-28,0,-30,25,-50,-1,-9,0,-10,0,1,2,8,0,10,10,30,1,1,0,2,-75,2,-40,0,0,-40,200,-50,0,0,-50,25,1,30,10,-50,-10,200,5,30,20,5,-50,-25
3ae5246a-2f6a-4e60-a539-f8a640cf0957,Residential,R1082_1_1,2,400,200,200,400,0,19.2,513.94452,23.52504,556.66956,0,280844,302.8,212598.908,111.61128,213013.3193,-1500,2,-195,-5,0,-200,50,-20,-49,-1,0,-50,0,1,-2,-28,0,-30,25,-50,-1,-9,0,-10,0,1,2,8,0,10,10,30,1,1,0,2,-75,2,-40,0,0,-40,200,-50,0,0,-50,25,1,30,10,-50,-10,200,5,30,20,5,-50,-25
32dcccfa-463e-40ac-988c-ce8d21ee2931,Residential,R17_1_1,2,400,200,200,400,0,19.2,513.94452,23.52504,556.66956,0,280844,302.8,212598.908,111.61128,213013.3193,-1500,2,-195,-5,0,-200,50,-20,-49,-1,0,-50,0,1,-2,-28,0,-30,25,-50,-1,-9,0,-10,0,1,2,8,0,10,10,30,1,1,0,2,-75,2,-40,0,0,-40,200,-50,0,0,-50,25,1,30,10,-50,-10,200,5,30,20,5,-50,-25
b1148263-f4f2-4e69-95b7-dde8313f419a,Residential,R1189_1_1,2,400,200,200,400,0,19.2,513.94452,23.52504,556.66956,0,280844,302.8,212598.908,111.61128,213013.3193,-1500,2,-195,-5,0,-200,50,-20,-49,-1,0,-50,0,1,-2,-28,0,-30,25,-50,-1,-9,0,-10,0,1,2,8,0,10,10,30,1,1,0,2,-75,2,-40,0,0,-40,200,-50,0,0,-50,25,1,30,10,-50,-10,200,5,30,20,5,-50,-25
b2942519-d733-464e-8585-7196b26c09b9,Residential,R194_1_1,2,400,200,200,400,0,19.2,513.94452,23.52504,556.66956,0,280844,302.8,212598.908,111.61128,213013.3193,-1500,2,-195,-5,0,-200,50,-20,-49,-1,0,-50,0,1,-2,-28,0,-30,25,-50,-1,-9,0,-10,0,1,2,8,0,10,10,30,1,1,0,2,-75,2,-40,0,0,-40,200,-50,0,0,-50,25,1,30,10,-50,-10,200,5,30,20,5,-50,-25
7795b4ce-cdde-4479-81bf-6d911f8806f0,Residential,R1738_1_1,2,400,200,200,400,0,19.2,513.94452,23.52504,556.66956,0,280844,302.8,212598.908,111.61128,213013.3193,-1500,2,-195,-5,0,-200,50,-20,-49,-1,0,-50,0,1,-2,-28,0,-30,25,-50,-1,-9,0,-10,0,1,2,8,0,10,10,30,1,1,0,2,-75,2,-40,0,0,-40,200,-50,0,0,-50,25,1,30,10,-50,-10,200,5,30,20,5,-50,-25
d61f1bdd-4198-40ee-a3dc-c749d60ef1f7,Residential,R1490_1_1,2,400,200,200,400,0,19.2,513.94452,23.52504,556.66956,0,280844,302.8,212598.908,111.61128,213013.3193,-1500,2,-195,-5,0,-200,50,-20,-49,-1,0,-50,0,1,-2,-28,0,-30,25,-50,-1,-9,0,-10,0,1,2,8,0,10,10,30,1,1,0,2,-75,2,-40,0,0,-40,200,-50,0,0,-50,25,1,30,10,-50,-10,200,5,30,20,5,-50,-25
d75c6103-4368-43f2-8ff0-69aea88979c8,Residential,R939_1_1,2,400,200,200,400,0,19.2,513.94452,23.52504,556.66956,0,280844,302.8,212598.908,111.61128,213013.3193,-1500,2,-195,-5,0,-200,50,-20,-49,-1,0,-50,0,1,-2,-28,0,-30,25,-50,-1,-9,0,-10,0,1,2,8,0,10,10,30,1,1,0,2,-75,2,-40,0,0,-40,200,-50,0,0,-50,25,1,30,10,-50,-10,200,5,30,20,5,-50,-25
c7c91e5b-587a-45f3-acc8-c5a97ea68d05,Residential,R612_1_1,2,400,200,200,400,0,19.2,513.94452,23.52504,556.66956,0,280844,302.8,212598.908,111.61128,213013.3193,-1500,2,-195,-5,0,-200,50,-20,-49,-1,0,-50,0,1,-2,-28,0,-30,25,-50,-1,-9,0,-10,0,1,2,8,0,10,10,30,1,1,0,2,-75,2,-40,0,0,-40,200,-50,0,0,-50,25,1,30,10,-50,-10,200,5,30,20,5,-50,-25
c6ca3fb2-0e73-497f-bd34-aa57b95eb20d,Residential,R2050_1_1,2,400,200,200,400,0,19.2,513.94452,23.52504,556.66956,0,280844,302.8,212598.908,111.61128,213013.3193,-1500,2,-195,-5,0,-200,50,-20,-49,-1,0,-50,0,1,-2,-28,0,-30,25,-50,-1,-9,0,-10,0,1,2,8,0,10,10,30,1,1,0,2,-75,2,-40,0,0,-40,200,-50,0,0,-50,25,1,30,10,-50,-10,200,5,30,20,5,-50,-25
e26032fd-01c2-48cc-947b-8d6bd421ae28,Residential,R1518_1_1,2,400,200,200,400,0,19.2,513.94452,23.52504,556.66956,0,280844,302.8,212598.908,111.61128,213013.3193,-1500,2,-195,-5,0,-200,50,-20,-49,-1,0,-50,0,1,-2,-28,0,-30,25,-50,-1,-9,0,-10,0,1,2,8,0,10,10,30,1,1,0,2,-75,2,-40,0,0,-40,200,-50,0,0,-50,25,1,30,10,-50,-10,200,5,30,20,5,-50,-25
a8ead853-de72-4973-9fb9-20a3440db6e8,Residential,R434_1_1,2,400,200,200,400,0,19.2,513.94452,23.52504,556.66956,0,280844,302.8,212598.908,111.61128,213013.3193,-1500,2,-195,-5,0,-200,50,-20,-49,-1,0,-50,0,1,-2,-28,0,-30,25,-50,-1,-9,0,-10,0,1,2,8,0,10,10,30,1,1,0,2,-75,2,-40,0,0,-40,200,-50,0,0,-50,25,1,30,10,-50,-10,200,5,30,20,5,-50,-25
251806ea-934c-462b-a48e-d0a1c79591ec,Residential,R381_1_1,2,400,200,200,400,0,19.2,513.94452,23.52504,556.66956,0,280844,302.8,212598.908,111.61128,213013.3193,-1500,2,-195,-5,0,-200,50,-20,-49,-1,0,-50,0,1,-2,-28,0,-30,25,-50,-1,-9,0,-10,0,1,2,8,0,10,10,30,1,1,0,2,-75,2,-40,0,0,-40,200,-50,0,0,-50,25,1,30,10,-50,-10,200,5,30,20,5,-50,-25
f9fd066d-0848-4570-85c1-5775967f0018,Residential,R1685_1_1,2,400,200,200,400,0,19.2,513.94452,23.52504,556.66956,0,280844,302.8,212598.908,111.61128,213013.3193,-1500,2,-195,-5,0,-200,50,-20,-49,-1,0,-50,0,1,-2,-28,0,-30,25,-50,-1,-9,0,-10,0,1,2,8,0,10,10,30,1,1,0,2,-75,2,-40,0,0,-40,200,-50,0,0,-50,25,1,30,10,-50,-10,200,5,30,20,5,-50,-25
d7ce5641-8be3-4cd0-9bd6-f52a9b43a2f6,Residential,R993_1_1,2,400,200,200,400,0,19.2,513.94452,23.52504,556.66956,0,280844,302.8,212598.908,111.61128,213013.3193,-1500,2,-195,-5,0,-200,50,-20,-49,-1,0,-50,0,1,-2,-28,0,-30,25,-50,-1,-9,0,-10,0,1,2,8,0,10,10,30,1,1,0,2,-75,2,-40,0,0,-40,200,-50,0,0,-50,25,1,30,10,-50,-10,200,5,30,20,5,-50,-25
2f13ea89-0ea7-434b-8eaa-ab92e63bac55,Residential,R2178_1_1,2,400,200,200,400,0,19.2,513.94452,23.52504,556.66956,0,280844,302.8,212598.908,111.61128,213013.3193,-1500,2,-195,-5,0,-200,50,-20,-49,-1,0,-50,0,1,-2,-28,0,-30,25,-50,-1,-9,0,-10,0,1,2,8,0,10,10,30,1,1,0,2,-75,2,-40,0,0,-40,200,-50,0,0,-50,25,1,30,10,-50,-10,200,5,30,20,5,-50,-25
c7462c4f-9c7e-4290-a884-7b5da57e5953,Residential,R1300_1_1,2,400,200,200,400,0,19.2,513.94452,23.52504,556.66956,0,280844,302.8,212598.908,111.61128,213013.3193,-1500,2,-195,-5,0,-200,50,-20,-49,-1,0,-50,0,1,-2,-28,0,-30,25,-50,-1,-9,0,-10,0,1,2,8,0,10,10,30,1,1,0,2,-75,2,-40,0,0,-40,200,-50,0,0,-50,25,1,30,10,-50,-10,200,5,30,20,5,-50,-25
6078aeb4-79ef-4960-8d41-5ab1a702b6a6,Residential,R877_1_1,2,400,200,200,400,0,19.2,513.94452,23.52504,556.66956,0,280844,302.8,212598.908,111.61128,213013.3193,-1500,2,-195,-5,0,-200,50,-20,-49,-1,0,-50,0,1,-2,-28,0,-30,25,-50,-1,-9,0,-10,0,1,2,8,0,10,10,30,1,1,0,2,-75,2,-40,0,0,-40,200,-50,0,0,-50,25,1,30,10,-50,-10,200,5,30,20,5,-50,-25
40d6b6e6-2140-4022-8989-7c1845d01fe1,Residential,R1248_1_1,2,400,200,200,400,0,19.2,513.94452,23.52504,556.66956,0,280844,302.8,212598.908,111.61128,213013.3193,-1500,2,-195,-5,0,-200,50,-20,-49,-1,0,-50,0,1,-2,-28,0,-30,25,-50,-1,-9,0,-10,0,1,2,8,0,10,10,30,1,1,0,2,-75,2,-40,0,0,-40,200,-50,0,0,-50,25,1,30,10,-50,-10,200,5,30,20,5,-50,-25
dde81b69-bd4b-4b92-b74e-3868827fc953,Residential,R421_1_1,2,400,200,200,400,0,19.2,513.94452,23.52504,556.66956,0,280844,302.8,212598.908,111.61128,213013.3193,-1500,2,-195,-5,0,-200,50,-20,-49,-1,0,-50,0,1,-2,-28,0,-30,25,-50,-1,-9,0,-10,0,1,2,8,0,10,10,30,1,1,0,2,-75,2,-40,0,0,-40,200,-50,0,0,-50,25,1,30,10,-50,-10,200,5,30,20,5,-50,-25
97656a42-9a69-47b8-b35b-764328601c44,Residential,R1323_1_1,2,400,200,200,400,0,19.2,513.94452,23.52504,556.66956,0,280844,302.8,212598.908,111.61128,213013.3193,-1500,2,-195,-5,0,-200,50,-20,-49,-1,0,-50,0,1,-2,-28,0,-30,25,-50,-1,-9,0,-10,0,1,2,8,0,10,10,30,1,1,0,2,-75,2,-40,0,0,-40,200,-50,0,0,-50,25,1,30,10,-50,-10,200,5,30,20,5,-50,-25
918553f2-8991-4f46-a5d0-e04ff7b22b5c,Residential,R922_1_1,2,400,200,200,400,0,19.2,513.94452,23.52504,556.66956,0,280844,302.8,212598.908,111.61128,213013.3193,-1500,2,-195,-5,0,-200,50,-20,-49,-1,0,-50,0,1,-2,-28,0,-30,25,-50,-1,-9,0,-10,0,1,2,8,0,10,10,30,1,1,0,2,-75,2,-40,0,0,-40,200,-50,0,0,-50,25,1,30,10,-50,-10,200,5,30,20,5,-50,-25
96d41537-558b-461d-93a2-03521a0760f3,Residential,R448_1_1,2,400,200,200,400,0,19.2,513.94452,23.52504,556.66956,0,280844,302.8,212598.908,111.61128,213013.3193,-1500,2,-195,-5,0,-200,50,-20,-49,-1,0,-50,0,1,-2,-28,0,-30,25,-50,-1,-9,0,-10,0,1,2,8,0,10,10,30,1,1,0,2,-75,2,-40,0,0,-40,200,-50,0,0,-50,25,1,30,10,-50,-10,200,5,30,20,5,-50,-25
12aaea6f-5ee7-4a24-b700-e603e04ac37a,Residential,R643_1_1,2,400,200,200,400,0,19.2,513.94452,23.52504,556.66956,0,280844,302.8,212598.908,111.61128,213013.3193,-1500,2,-195,-5,0,-200,50,-20,-49,-1,0,-50,0,1,-2,-28,0,-30,25,-50,-1,-9,0,-10,0,1,2,8,0,10,10,30,1,1,0,2,-75,2,-40,0,0,-40,200,-50,0,0,-50,25,1,30,10,-50,-10,200,5,30,20,5,-50,-25
4a986de5-b427-4766-b882-79bd669da82f,Residential,R1175_1_1,2,400,200,200,400,0,19.2,513.94452,23.52504,556.66956,0,280844,302.8,212598.908,111.61128,213013.3193,-1500,2,-195,-5,0,-200,50,-20,-49,-1,0,-50,0,1,-2,-28,0,-30,25,-50,-1,-9,0,-10,0,1,2,8,0,10,10,30,1,1,0,2,-75,2,-40,0,0,-40,200,-50,0,0,-50,25,1,30,10,-50,-10,200,5,30,20,5,-50,-25
8f894005-6f91-4f62-a684-319288d9440a,Residential,R333_1_1,2,400,200,200,400,0,19.2,513.94452,23.52504,556.66956,0,280844,302.8,212598.908,111.61128,213013.3193,-1500,2,-195,-5,0,-200,50,-20,-49,-1,0,-50,0,1,-2,-28,0,-30,25,-50,-1,-9,0,-10,0,1,2,8,0,10,10,30,1,1,0,2,-75,2,-40,0,0,-40,200,-50,0,0,-50,25,1,30,10,-50,-10,200,5,30,20,5,-50,-25
517544ce-82cf-4910-897e-ecca3bc7e5d7,Residential,R845_1_1,2,400,200,200,400,0,19.2,513.94452,23.52504,556.66956,0,280844,302.8,212598.908,111.61128,213013.3193,-1500,2,-195,-5,0,-200,50,-20,-49,-1,0,-50,0,1,-2,-28,0,-30,25,-50,-1,-9,0,-10,0,1,2,8,0,10,10,30,1,1,0,2,-75,2,-40,0,0,-40,200,-50,0,0,-50,25,1,30,10,-50,-10,200,5,30,20,5,-50,-25
de11ca91-fb7a-4c48-8a81-18332d3b38c8,Residential,R1022_1_1,2,400,200,200,400,0,19.2,513.94452,23.52504,556.66956,0,280844,302.8,212598.908,111.61128,213013.3193,-1500,2,-195,-5,0,-200,50,-20,-49,-1,0,-50,0,1,-2,-28,0,-30,25,-50,-1,-9,0,-10,0,1,2,8,0,10,10,30,1,1,0,2,-75,2,-40,0,0,-40,200,-50,0,0,-50,25,1,30,10,-50,-10,200,5,30,20,5,-50,-25
99ab963a-8f1e-485a-b78a-a064805da6d8,Residential,R1610_1_1,2,400,200,200,400,0,19.2,513.94452,23.52504,556.66956,0,280844,302.8,212598.908,111.61128,213013.3193,-1500,2,-195,-5,0,-200,50,-20,-49,-1,0,-50,0,1,-2,-28,0,-30,25,-50,-1,-9,0,-10,0,1,2,8,0,10,10,30,1,1,0,2,-75,2,-40,0,0,-40,200,-50,0,0,-50,25,1,30,10,-50,-10,200,5,30,20,5,-50,-25
1a4662cf-f732-4a2d-989a-c67b2aa49adf,Residential,R830_1_1,2,400,200,200,400,0,19.2,513.94452,23.52504,556.66956,0,280844,302.8,212598.908,111.61128,213013.3193,-1500,2,-195,-5,0,-200,50,-20,-49,-1,0,-50,0,1,-2,-28,0,-30,25,-50,-1,-9,0,-10,0,1,2,8,0,10,10,30,1,1,0,2,-75,2,-40,0,0,-40,200,-50,0,0,-50,25,1,30,10,-50,-10,200,5,30,20,5,-50,-25
6b72b161-f788-4696-9536-6a9440fea64b,Residential,R741_1_1,2,400,200,200,400,0,19.2,513.94452,23.52504,556.66956,0,280844,302.8,212598.908,111.61128,213013.3193,-1500,2,-195,-5,0,-200,50,-20,-49,-1,0,-50,0,1,-2,-28,0,-30,25,-50,-1,-9,0,-10,0,1,2,8,0,10,10,30,1,1,0,2,-75,2,-40,0,0,-40,200,-50,0,0,-50,25,1,30,10,-50,-10,200,5,30,20,5,-50,-25
266d8158-2429-449d-8e21-9df258703989,Residential,R1832_1_1,2,400,200,200,400,0,19.2,513.94452,23.52504,556.66956,0,280844,302.8,212598.908,111.61128,213013.3193,-1500,2,-195,-5,0,-200,50,-20,-49,-1,0,-50,0,1,-2,-28,0,-30,25,-50,-1,-9,0,-10,0,1,2,8,0,10,10,30,1,1,0,2,-75,2,-40,0,0,-40,200,-50,0,0,-50,25,1,30,10,-50,-10,200,5,30,20,5,-50,-25
53b17b30-87fa-4bad-a307-7d0ffa99f64a,Residential,R676_1_1,2,400,200,200,400,0,19.2,513.94452,23.52504,556.66956,0,280844,302.8,212598.908,111.61128,213013.3193,-1500,2,-195,-5,0,-200,50,-20,-49,-1,0,-50,0,1,-2,-28,0,-30,25,-50,-1,-9,0,-10,0,1,2,8,0,10,10,30,1,1,0,2,-75,2,-40,0,0,-40,200,-50,0,0,-50,25,1,30,10,-50,-10,200,5,30,20,5,-50,-25
dc3e0c59-cf44-4b08-97f1-d1a555463215,Residential,R201_1_1,2,400,200,200,400,0,19.2,513.94452,23.52504,556.66956,0,280844,302.8,212598.908,111.61128,213013.3193,-1500,2,-195,-5,0,-200,50,-20,-49,-1,0,-50,0,1,-2,-28,0,-30,25,-50,-1,-9,0,-10,0,1,2,8,0,10,10,30,1,1,0,2,-75,2,-40,0,0,-40,200,-50,0,0,-50,25,1,30,10,-50,-10,200,5,30,20,5,-50,-25
c1704b76-8ab1-496a-b058-446d8193744e,Residential,R1224_1_1,2,400,200,200,400,0,19.2,513.94452,23.52504,556.66956,0,280844,302.8,212598.908,111.61128,213013.3193,-1500,2,-195,-5,0,-200,50,-20,-49,-1,0,-50,0,1,-2,-28,0,-30,25,-50,-1,-9,0,-10,0,1,2,8,0,10,10,30,1,1,0,2,-75,2,-40,0,0,-40,200,-50,0,0,-50,25,1,30,10,-50,-10,200,5,30,20,5,-50,-25
4255c715-c549-41ca-b4a7-ccb58c45dcd6,Residential,R2005_1_1,2,400,200,200,400,0,19.2,513.94452,23.52504,556.66956,0,280844,302.8,212598.908,111.61128,213013.3193,-1500,2,-195,-5,0,-200,50,-20,-49,-1,0,-50,0,1,-2,-28,0,-30,25,-50,-1,-9,0,-10,0,1,2,8,0,10,10,30,1,1,0,2,-75,2,-40,0,0,-40,200,-50,0,0,-50,25,1,30,10,-50,-10,200,5,30,20,5,-50,-25
349bdb15-28d7-4436-9e8a-4e3236fd12d8,Residential,R2000_1_1,2,400,200,200,400,0,19.2,513.94452,23.52504,556.66956,0,280844,302.8,212598.908,111.61128,213013.3193,-1500,2,-195,-5,0,-200,50,-20,-49,-1,0,-50,0,1,-2,-28,0,-30,25,-50,-1,-9,0,-10,0,1,2,8,0,10,10,30,1,1,0,2,-75,2,-40,0,0,-40,200,-50,0,0,-50,25,1,30,10,-50,-10,200,5,30,20,5,-50,-25
92d44476-1c6c-41ee-a938-830cb72ec1d0,Residential,R55_1_1,2,400,200,200,400,0,19.2,513.94452,23.52504,556.66956,0,280844,302.8,212598.908,111.61128,213013.3193,-1500,2,-195,-5,0,-200,50,-20,-49,-1,0,-50,0,1,-2,-28,0,-30,25,-50,-1,-9,0,-10,0,1,2,8,0,10,10,30,1,1,0,2,-75,2,-40,0,0,-40,200,-50,0,0,-50,25,1,30,10,-50,-10,200,5,30,20,5,-50,-25
8776289a-1ba3-46b9-bee6-d9fbf8efcf63,Residential,R1389_1_1,2,400,200,200,400,0,19.2,513.94452,23.52504,556.66956,0,280844,302.8,212598.908,111.61128,213013.3193,-1500,2,-195,-5,0,-200,50,-20,-49,-1,0,-50,0,1,-2,-28,0,-30,25,-50,-1,-9,0,-10,0,1,2,8,0,10,10,30,1,1,0,2,-75,2,-40,0,0,-40,200,-50,0,0,-50,25,1,30,10,-50,-10,200,5,30,20,5,-50,-25
bc0f40a2-852e-4560-b0c6-50d08287c1d2,Residential,R2163_1_1,2,400,200,200,400,0,19.2,513.94452,23.52504,556.66956,0,280844,302.8,212598.908,111.61128,213013.3193,-1500,2,-195,-5,0,-200,50,-20,-49,-1,0,-50,0,1,-2,-28,0,-30,25,-50,-1,-9,0,-10,0,1,2,8,0,10,10,30,1,1,0,2,-75,2,-40,0,0,-40,200,-50,0,0,-50,25,1,30,10,-50,-10,200,5,30,20,5,-50,-25
3eaf1457-9806-4bac-adad-ee83f73c8e08,Residential,R1158_1_1,2,400,200,200,400,0,19.2,513.94452,23.52504,556.66956,0,280844,302.8,212598.908,111.61128,213013.3193,-1500,2,-195,-5,0,-200,50,-20,-49,-1,0,-50,0,1,-2,-28,0,-30,25,-50,-1,-9,0,-10,0,1,2,8,0,10,10,30,1,1,0,2,-75,2,-40,0,0,-40,200,-50,0,0,-50,25,1,30,10,-50,-10,200,5,30,20,5,-50,-25
0d79c61d-4736-4d69-8398-54938f760181,Residential,R2024_1_1,2,400,200,200,400,0,19.2,513.94452,23.52504,556.66956,0,280844,302.8,212598.908,111.61128,213013.3193,-1500,2,-195,-5,0,-200,50,-20,-49,-1,0,-50,0,1,-2,-28,0,-30,25,-50,-1,-9,0,-10,0,1,2,8,0,10,10,30,1,1,0,2,-75,2,-40,0,0,-40,200,-50,0,0,-50,25,1,30,10,-50,-10,200,5,30,20,5,-50,-25
b614ee80-4233-4286-9754-29662b4ffd98,Residential,R1822_1_1,2,400,200,200,400,0,19.2,513.94452,23.52504,556.66956,0,280844,302.8,212598.908,111.61128,213013.3193,-1500,2,-195,-5,0,-200,50,-20,-49,-1,0,-50,0,1,-2,-28,0,-30,25,-50,-1,-9,0,-10,0,1,2,8,0,10,10,30,1,1,0,2,-75,2,-40,0,0,-40,200,-50,0,0,-50,25,1,30,10,-50,-10,200,5,30,20,5,-50,-25
f5ba697d-7c0b-475b-8190-90e711752b41,Residential,R1362_1_1,2,400,200,200,400,0,19.2,513.94452,23.52504,556.66956,0,280844,302.8,212598.908,111.61128,213013.3193,-1500,2,-195,-5,0,-200,50,-20,-49,-1,0,-50,0,1,-2,-28,0,-30,25,-50,-1,-9,0,-10,0,1,2,8,0,10,10,30,1,1,0,2,-75,2,-40,0,0,-40,200,-50,0,0,-50,25,1,30,10,-50,-10,200,5,30,20,5,-50,-25
fbdff157-f5c1-4994-918a-343b2d43d01b,Residential,R1324_1_1,2,400,200,200,400,0,19.2,513.94452,23.52504,556.66956,0,280844,302.8,212598.908,111.61128,213013.3193,-1500,2,-195,-5,0,-200,50,-20,-49,-1,0,-50,0,1,-2,-28,0,-30,25,-50,-1,-9,0,-10,0,1,2,8,0,10,10,30,1,1,0,2,-75,2,-40,0,0,-40,200,-50,0,0,-50,25,1,30,10,-50,-10,200,5,30,20,5,-50,-25
ee58bf3d-1383-4add-bb05-6e89bb051686,Residential,R1902_1_1,2,400,200,200,400,0,19.2,513.94452,23.52504,556.66956,0,280844,302.8,212598.908,111.61128,213013.3193,-1500,2,-195,-5,0,-200,50,-20,-49,-1,0,-50,0,1,-2,-28,0,-30,25,-50,-1,-9,0,-10,0,1,2,8,0,10,10,30,1,1,0,2,-75,2,-40,0,0,-40,200,-50,0,0,-50,25,1,30,10,-50,-10,200,5,30,20,5,-50,-25
7e414dd7-3e76-4d66-a3ab-faf27a716dea,Residential,R832_1_1,2,400,200,200,400,0,19.2,513.94452,23.52504,556.66956,0,280844,302.8,212598.908,111.61128,213013.3193,-1500,2,-195,-5,0,-200,50,-20,-49,-1,0,-50,0,1,-2,-28,0,-30,25,-50,-1,-9,0,-10,0,1,2,8,0,10,10,30,1,1,0,2,-75,2,-40,0,0,-40,200,-50,0,0,-50,25,1,30,10,-50,-10,200,5,30,20,5,-50,-25
17cb16da-6a81-4ccb-b4c6-b05501fcd1ff,Residential,R1773_1_1,2,400,200,200,400,0,19.2,513.94452,23.52504,556.66956,0,280844,302.8,212598.908,111.61128,213013.3193,-1500,2,-195,-5,0,-200,50,-20,-49,-1,0,-50,0,1,-2,-28,0,-30,25,-50,-1,-9,0,-10,0,1,2,8,0,10,10,30,1,1,0,2,-75,2,-40,0,0,-40,200,-50,0,0,-50,25,1,30,10,-50,-10,200,5,30,20,5,-50,-25
9c286a94-206a-4475-90ec-fa5812d27d28,Residential,R810_1_1,2,400,200,200,400,0,19.2,513.94452,23.52504,556.66956,0,280844,302.8,212598.908,111.61128,213013.3193,-1500,2,-195,-5,0,-200,50,-20,-49,-1,0,-50,0,1,-2,-28,0,-30,25,-50,-1,-9,0,-10,0,1,2,8,0,10,10,30,1,1,0,2,-75,2,-40,0,0,-40,200,-50,0,0,-50,25,1,30,10,-50,-10,200,5,30,20,5,-50,-25
5993a482-cac2-42b2-8831-c2adb256e9f9,Residential,R396_1_1,2,400,200,200,400,0,19.2,513.94452,23.52504,556.66956,0,280844,302.8,212598.908,111.61128,213013.3193,-1500,2,-195,-5,0,-200,50,-20,-49,-1,0,-50,0,1,-2,-28,0,-30,25,-50,-1,-9,0,-10,0,1,2,8,0,10,10,30,1,1,0,2,-75,2,-40,0,0,-40,200,-50,0,0,-50,25,1,30,10,-50,-10,200,5,30,20,5,-50,-25
5cc5b3b4-c1fc-4764-898e-feed0ffa20ef,Residential,R1400_1_1,2,400,200,200,400,0,19.2,513.94452,23.52504,556.66956,0,280844,302.8,212598.908,111.61128,213013.3193,-1500,2,-195,-5,0,-200,50,-20,-49,-1,0,-50,0,1,-2,-28,0,-30,25,-50,-1,-9,0,-10,0,1,2,8,0,10,10,30,1,1,0,2,-75,2,-40,0,0,-40,200,-50,0,0,-50,25,1,30,10,-50,-10,200,5,30,20,5,-50,-25
bd4c27f3-a439-4185-b338-a7087daa56b4,Residential,R2185_1_1,2,400,200,200,400,0,19.2,513.94452,23.52504,556.66956,0,280844,302.8,212598.908,111.61128,213013.3193,-1500,2,-195,-5,0,-200,50,-20,-49,-1,0,-50,0,1,-2,-28,0,-30,25,-50,-1,-9,0,-10,0,1,2,8,0,10,10,30,1,1,0,2,-75,2,-40,0,0,-40,200,-50,0,0,-50,25,1,30,10,-50,-10,200,5,30,20,5,-50,-25
9adc0e5b-0f12-4379-a229-6bf808fddb53,Residential,R444_1_1,2,400,200,200,400,0,19.2,513.94452,23.52504,556.66956,0,280844,302.8,212598.908,111.61128,213013.3193,-1500,2,-195,-5,0,-200,50,-20,-49,-1,0,-50,0,1,-2,-28,0,-30,25,-50,-1,-9,0,-10,0,1,2,8,0,10,10,30,1,1,0,2,-75,2,-40,0,0,-40,200,-50,0,0,-50,25,1,30,10,-50,-10,200,5,30,20,5,-50,-25
09b2548d-a74d-4085-bd61-bae8d598e369,Residential,R1990_1_1,2,400,200,200,400,0,19.2,513.94452,23.52504,556.66956,0,280844,302.8,212598.908,111.61128,213013.3193,-1500,2,-195,-5,0,-200,50,-20,-49,-1,0,-50,0,1,-2,-28,0,-30,25,-50,-1,-9,0,-10,0,1,2,8,0,10,10,30,1,1,0,2,-75,2,-40,0,0,-40,200,-50,0,0,-50,25,1,30,10,-50,-10,200,5,30,20,5,-50,-25
2e39e862-a101-4e77-b4fe-2dbc4a5a379a,Residential,R1401_1_1,2,400,200,200,400,0,19.2,513.94452,23.52504,556.66956,0,280844,302.8,212598.908,111.61128,213013.3193,-1500,2,-195,-5,0,-200,50,-20,-49,-1,0,-50,0,1,-2,-28,0,-30,25,-50,-1,-9,0,-10,0,1,2,8,0,10,10,30,1,1,0,2,-75,2,-40,0,0,-40,200,-50,0,0,-50,25,1,30,10,-50,-10,200,5,30,20,5,-50,-25
c4a71aed-d24f-438b-8697-e2bdb1511e5a,Residential,R1602_1_1,2,400,200,200,400,0,19.2,513.94452,23.52504,556.66956,0,280844,302.8,212598.908,111.61128,213013.3193,-1500,2,-195,-5,0,-200,50,-20,-49,-1,0,-50,0,1,-2,-28,0,-30,25,-50,-1,-9,0,-10,0,1,2,8,0,10,10,30,1,1,0,2,-75,2,-40,0,0,-40,200,-50,0,0,-50,25,1,30,10,-50,-10,200,5,30,20,5,-50,-25
4bd3c561-b23d-433b-a8e5-f65bfe180aea,Residential,R2180_1_1,2,400,200,200,400,0,19.2,513.94452,23.52504,556.66956,0,280844,302.8,212598.908,111.61128,213013.3193,-1500,2,-195,-5,0,-200,50,-20,-49,-1,0,-50,0,1,-2,-28,0,-30,25,-50,-1,-9,0,-10,0,1,2,8,0,10,10,30,1,1,0,2,-75,2,-40,0,0,-40,200,-50,0,0,-50,25,1,30,10,-50,-10,200,5,30,20,5,-50,-25
0552f20d-cd6b-4b4e-b9ae-daff928c575b,Residential,R1293_1_1,2,400,200,200,400,0,19.2,513.94452,23.52504,556.66956,0,280844,302.8,212598.908,111.61128,213013.3193,-1500,2,-195,-5,0,-200,50,-20,-49,-1,0,-50,0,1,-2,-28,0,-30,25,-50,-1,-9,0,-10,0,1,2,8,0,10,10,30,1,1,0,2,-75,2,-40,0,0,-40,200,-50,0,0,-50,25,1,30,10,-50,-10,200,5,30,20,5,-50,-25
fbbbeb86-bd83-41dd-a741-9b231e9bb070,Residential,R2095_1_1,2,400,200,200,400,0,19.2,513.94452,23.52504,556.66956,0,280844,302.8,212598.908,111.61128,213013.3193,-1500,2,-195,-5,0,-200,50,-20,-49,-1,0,-50,0,1,-2,-28,0,-30,25,-50,-1,-9,0,-10,0,1,2,8,0,10,10,30,1,1,0,2,-75,2,-40,0,0,-40,200,-50,0,0,-50,25,1,30,10,-50,-10,200,5,30,20,5,-50,-25
629ddebb-cf6a-4f93-8c46-bc6b3a3a8c5e,Residential,R112_1_1,2,400,200,200,400,0,19.2,513.94452,23.52504,556.66956,0,280844,302.8,212598.908,111.61128,213013.3193,-1500,2,-195,-5,0,-200,50,-20,-49,-1,0,-50,0,1,-2,-28,0,-30,25,-50,-1,-9,0,-10,0,1,2,8,0,10,10,30,1,1,0,2,-75,2,-40,0,0,-40,200,-50,0,0,-50,25,1,30,10,-50,-10,200,5,30,20,5,-50,-25
ce67a64b-bc9f-4903-8523-7aa01e31a8a6,Residential,R1804_1_1,2,400,200,200,400,0,19.2,513.94452,23.52504,556.66956,0,280844,302.8,212598.908,111.61128,213013.3193,-1500,2,-195,-5,0,-200,50,-20,-49,-1,0,-50,0,1,-2,-28,0,-30,25,-50,-1,-9,0,-10,0,1,2,8,0,10,10,30,1,1,0,2,-75,2,-40,0,0,-40,200,-50,0,0,-50,25,1,30,10,-50,-10,200,5,30,20,5,-50,-25
d463a238-8090-47fe-809d-ba4e878c1010,Residential,R683_1_1,2,400,200,200,400,0,19.2,513.94452,23.52504,556.66956,0,280844,302.8,212598.908,111.61128,213013.3193,-1500,2,-195,-5,0,-200,50,-20,-49,-1,0,-50,0,1,-2,-28,0,-30,25,-50,-1,-9,0,-10,0,1,2,8,0,10,10,30,1,1,0,2,-75,2,-40,0,0,-40,200,-50,0,0,-50,25,1,30,10,-50,-10,200,5,30,20,5,-50,-25
08767555-ff18-4f6e-be99-c70fb3fff0cd,Residential,R618_1_1,2,400,200,200,400,0,19.2,513.94452,23.52504,556.66956,0,280844,302.8,212598.908,111.61128,213013.3193,-1500,2,-195,-5,0,-200,50,-20,-49,-1,0,-50,0,1,-2,-28,0,-30,25,-50,-1,-9,0,-10,0,1,2,8,0,10,10,30,1,1,0,2,-75,2,-40,0,0,-40,200,-50,0,0,-50,25,1,30,10,-50,-10,200,5,30,20,5,-50,-25
1f61b07e-350b-4632-8838-bead41ace963,Residential,R1780_1_1,2,400,200,200,400,0,19.2,513.94452,23.52504,556.66956,0,280844,302.8,212598.908,111.61128,213013.3193,-1500,2,-195,-5,0,-200,50,-20,-49,-1,0,-50,0,1,-2,-28,0,-30,25,-50,-1,-9,0,-10,0,1,2,8,0,10,10,30,1,1,0,2,-75,2,-40,0,0,-40,200,-50,0,0,-50,25,1,30,10,-50,-10,200,5,30,20,5,-50,-25
4c93c7bd-34cc-4cdb-b219-2a3e528c308e,Residential,R714_1_1,2,400,200,200,400,0,19.2,513.94452,23.52504,556.66956,0,280844,302.8,212598.908,111.61128,213013.3193,-1500,2,-195,-5,0,-200,50,-20,-49,-1,0,-50,0,1,-2,-28,0,-30,25,-50,-1,-9,0,-10,0,1,2,8,0,10,10,30,1,1,0,2,-75,2,-40,0,0,-40,200,-50,0,0,-50,25,1,30,10,-50,-10,200,5,30,20,5,-50,-25
d0e6de92-cdba-4221-aa5a-869d4e355a54,Residential,R13_1_1,2,400,200,200,400,0,19.2,513.94452,23.52504,556.66956,0,280844,302.8,212598.908,111.61128,213013.3193,-1500,2,-195,-5,0,-200,50,-20,-49,-1,0,-50,0,1,-2,-28,0,-30,25,-50,-1,-9,0,-10,0,1,2,8,0,10,10,30,1,1,0,2,-75,2,-40,0,0,-40,200,-50,0,0,-50,25,1,30,10,-50,-10,200,5,30,20,5,-50,-25
1e40a228-7fb4-4694-b96d-bacddfd72db0,Residential,R2010_1_1,2,400,200,200,400,0,19.2,513.94452,23.52504,556.66956,0,280844,302.8,212598.908,111.61128,213013.3193,-1500,2,-195,-5,0,-200,50,-20,-49,-1,0,-50,0,1,-2,-28,0,-30,25,-50,-1,-9,0,-10,0,1,2,8,0,10,10,30,1,1,0,2,-75,2,-40,0,0,-40,200,-50,0,0,-50,25,1,30,10,-50,-10,200,5,30,20,5,-50,-25
e4140ec1-cf79-46eb-8a53-43378c5671c1,Residential,R450_1_1,2,400,200,200,400,0,19.2,513.94452,23.52504,556.66956,0,280844,302.8,212598.908,111.61128,213013.3193,-1500,2,-195,-5,0,-200,50,-20,-49,-1,0,-50,0,1,-2,-28,0,-30,25,-50,-1,-9,0,-10,0,1,2,8,0,10,10,30,1,1,0,2,-75,2,-40,0,0,-40,200,-50,0,0,-50,25,1,30,10,-50,-10,200,5,30,20,5,-50,-25
8cf25e6f-bea6-4566-8b58-91bbe621b91e,Residential,R307_1_1,2,400,200,200,400,0,19.2,513.94452,23.52504,556.66956,0,280844,302.8,212598.908,111.61128,213013.3193,-1500,2,-195,-5,0,-200,50,-20,-49,-1,0,-50,0,1,-2,-28,0,-30,25,-50,-1,-9,0,-10,0,1,2,8,0,10,10,30,1,1,0,2,-75,2,-40,0,0,-40,200,-50,0,0,-50,25,1,30,10,-50,-10,200,5,30,20,5,-50,-25
e38a78b8-99ec-458f-abaf-362576f9139a,Residential,R711_1_1,2,400,200,200,400,0,19.2,513.94452,23.52504,556.66956,0,280844,302.8,212598.908,111.61128,213013.3193,-1500,2,-195,-5,0,-200,50,-20,-49,-1,0,-50,0,1,-2,-28,0,-30,25,-50,-1,-9,0,-10,0,1,2,8,0,10,10,30,1,1,0,2,-75,2,-40,0,0,-40,200,-50,0,0,-50,25,1,30,10,-50,-10,200,5,30,20,5,-50,-25
bf7f1367-ed72-4e34-8ea3-f3b4cfb5e540,Residential,R1839_1_1,2,400,200,200,400,0,19.2,513.94452,23.52504,556.66956,0,280844,302.8,212598.908,111.61128,213013.3193,-1500,2,-195,-5,0,-200,50,-20,-49,-1,0,-50,0,1,-2,-28,0,-30,25,-50,-1,-9,0,-10,0,1,2,8,0,10,10,30,1,1,0,2,-75,2,-40,0,0,-40,200,-50,0,0,-50,25,1,30,10,-50,-10,200,5,30,20,5,-50,-25
739496e6-de05-48b9-bf1e-f6dab8ceb30a,Residential,R2148_1_1,2,400,200,200,400,0,19.2,513.94452,23.52504,556.66956,0,280844,302.8,212598.908,111.61128,213013.3193,-1500,2,-195,-5,0,-200,50,-20,-49,-1,0,-50,0,1,-2,-28,0,-30,25,-50,-1,-9,0,-10,0,1,2,8,0,10,10,30,1,1,0,2,-75,2,-40,0,0,-40,200,-50,0,0,-50,25,1,30,10,-50,-10,200,5,30,20,5,-50,-25
d417cd45-65a1-430e-bad6-3183a0243726,Residential,R526_1_1,2,400,200,200,400,0,19.2,513.94452,23.52504,556.66956,0,280844,302.8,212598.908,111.61128,213013.3193,-1500,2,-195,-5,0,-200,50,-20,-49,-1,0,-50,0,1,-2,-28,0,-30,25,-50,-1,-9,0,-10,0,1,2,8,0,10,10,30,1,1,0,2,-75,2,-40,0,0,-40,200,-50,0,0,-50,25,1,30,10,-50,-10,200,5,30,20,5,-50,-25
b9e41cf3-ae38-4c64-8226-20113ed5bbcc,Residential,R77_1_1,2,400,200,200,400,0,19.2,513.94452,23.52504,556.66956,0,280844,302.8,212598.908,111.61128,213013.3193,-1500,2,-195,-5,0,-200,50,-20,-49,-1,0,-50,0,1,-2,-28,0,-30,25,-50,-1,-9,0,-10,0,1,2,8,0,10,10,30,1,1,0,2,-75,2,-40,0,0,-40,200,-50,0,0,-50,25,1,30,10,-50,-10,200,5,30,20,5,-50,-25
9f372e48-7875-498b-9df4-b8e6bba257af,Residential,R2028_1_1,2,400,200,200,400,0,19.2,513.94452,23.52504,556.66956,0,280844,302.8,212598.908,111.61128,213013.3193,-1500,2,-195,-5,0,-200,50,-20,-49,-1,0,-50,0,1,-2,-28,0,-30,25,-50,-1,-9,0,-10,0,1,2,8,0,10,10,30,1,1,0,2,-75,2,-40,0,0,-40,200,-50,0,0,-50,25,1,30,10,-50,-10,200,5,30,20,5,-50,-25
52f76b6e-0009-4d02-a77e-72ccbcec619b,Residential,R1692_1_1,2,400,200,200,400,0,19.2,513.94452,23.52504,556.66956,0,280844,302.8,212598.908,111.61128,213013.3193,-1500,2,-195,-5,0,-200,50,-20,-49,-1,0,-50,0,1,-2,-28,0,-30,25,-50,-1,-9,0,-10,0,1,2,8,0,10,10,30,1,1,0,2,-75,2,-40,0,0,-40,200,-50,0,0,-50,25,1,30,10,-50,-10,200,5,30,20,5,-50,-25
788c8bed-91f9-4d26-86c8-6e95344318c3,Residential,R1262_1_1,2,400,200,200,400,0,19.2,513.94452,23.52504,556.66956,0,280844,302.8,212598.908,111.61128,213013.3193,-1500,2,-195,-5,0,-200,50,-20,-49,-1,0,-50,0,1,-2,-28,0,-30,25,-50,-1,-9,0,-10,0,1,2,8,0,10,10,30,1,1,0,2,-75,2,-40,0,0,-40,200,-50,0,0,-50,25,1,30,10,-50,-10,200,5,30,20,5,-50,-25
516dfb63-9757-4dc5-87d8-c18028680e97,Residential,R2159_1_1,2,400,200,200,400,0,19.2,513.94452,23.52504,556.66956,0,280844,302.8,212598.908,111.61128,213013.3193,-1500,2,-195,-5,0,-200,50,-20,-49,-1,0,-50,0,1,-2,-28,0,-30,25,-50,-1,-9,0,-10,0,1,2,8,0,10,10,30,1,1,0,2,-75,2,-40,0,0,-40,200,-50,0,0,-50,25,1,30,10,-50,-10,200,5,30,20,5,-50,-25
0826c608-14ad-4597-b5f4-60872e11e8f8,Residential,R635_1_1,2,400,200,200,400,0,19.2,513.94452,23.52504,556.66956,0,280844,302.8,212598.908,111.61128,213013.3193,-1500,2,-195,-5,0,-200,50,-20,-49,-1,0,-50,0,1,-2,-28,0,-30,25,-50,-1,-9,0,-10,0,1,2,8,0,10,10,30,1,1,0,2,-75,2,-40,0,0,-40,200,-50,0,0,-50,25,1,30,10,-50,-10,200,5,30,20,5,-50,-25
4fc0b733-0d36-453c-ab85-03b1ae6619ec,Residential,R1825_1_1,2,400,200,200,400,0,19.2,513.94452,23.52504,556.66956,0,280844,302.8,212598.908,111.61128,213013.3193,-1500,2,-195,-5,0,-200,50,-20,-49,-1,0,-50,0,1,-2,-28,0,-30,25,-50,-1,-9,0,-10,0,1,2,8,0,10,10,30,1,1,0,2,-75,2,-40,0,0,-40,200,-50,0,0,-50,25,1,30,10,-50,-10,200,5,30,20,5,-50,-25
379f77b9-f7d1-4322-9257-39c15abc91aa,Residential,R995_1_1,2,400,200,200,400,0,19.2,513.94452,23.52504,556.66956,0,280844,302.8,212598.908,111.61128,213013.3193,-1500,2,-195,-5,0,-200,50,-20,-49,-1,0,-50,0,1,-2,-28,0,-30,25,-50,-1,-9,0,-10,0,1,2,8,0,10,10,30,1,1,0,2,-75,2,-40,0,0,-40,200,-50,0,0,-50,25,1,30,10,-50,-10,200,5,30,20,5,-50,-25
6326ca27-761d-4259-bef4-6eb08d3965ca,Residential,R133_1_1,2,400,200,200,400,0,19.2,513.94452,23.52504,556.66956,0,280844,302.8,212598.908,111.61128,213013.3193,-1500,2,-195,-5,0,-200,50,-20,-49,-1,0,-50,0,1,-2,-28,0,-30,25,-50,-1,-9,0,-10,0,1,2,8,0,10,10,30,1,1,0,2,-75,2,-40,0,0,-40,200,-50,0,0,-50,25,1,30,10,-50,-10,200,5,30,20,5,-50,-25
bf7bc454-35a0-46bf-a907-1217bf6c4f1d,Residential,R1562_1_1,2,400,200,200,400,0,19.2,513.94452,23.52504,556.66956,0,280844,302.8,212598.908,111.61128,213013.3193,-1500,2,-195,-5,0,-200,50,-20,-49,-1,0,-50,0,1,-2,-28,0,-30,25,-50,-1,-9,0,-10,0,1,2,8,0,10,10,30,1,1,0,2,-75,2,-40,0,0,-40,200,-50,0,0,-50,25,1,30,10,-50,-10,200,5,30,20,5,-50,-25
a65e06b6-cc1b-4751-87d8-40ad63c8329b,Residential,R85_1_1,2,400,200,200,400,0,19.2,513.94452,23.52504,556.66956,0,280844,302.8,212598.908,111.61128,213013.3193,-1500,2,-195,-5,0,-200,50,-20,-49,-1,0,-50,0,1,-2,-28,0,-30,25,-50,-1,-9,0,-10,0,1,2,8,0,10,10,30,1,1,0,2,-75,2,-40,0,0,-40,200,-50,0,0,-50,25,1,30,10,-50,-10,200,5,30,20,5,-50,-25
049e99f5-726b-40a3-b63b-4a7b486962f0,Residential,R1294_1_1,2,400,200,200,400,0,19.2,513.94452,23.52504,556.66956,0,280844,302.8,212598.908,111.61128,213013.3193,-1500,2,-195,-5,0,-200,50,-20,-49,-1,0,-50,0,1,-2,-28,0,-30,25,-50,-1,-9,0,-10,0,1,2,8,0,10,10,30,1,1,0,2,-75,2,-40,0,0,-40,200,-50,0,0,-50,25,1,30,10,-50,-10,200,5,30,20,5,-50,-25
011b4bcd-f688-4c12-876d-111e4a3bc010,Residential,R873_1_1,2,400,200,200,400,0,19.2,513.94452,23.52504,556.66956,0,280844,302.8,212598.908,111.61128,213013.3193,-1500,2,-195,-5,0,-200,50,-20,-49,-1,0,-50,0,1,-2,-28,0,-30,25,-50,-1,-9,0,-10,0,1,2,8,0,10,10,30,1,1,0,2,-75,2,-40,0,0,-40,200,-50,0,0,-50,25,1,30,10,-50,-10,200,5,30,20,5,-50,-25
39ea6a90-1b4b-48bb-83f9-f27439b29b5c,Residential,R132_1_1,2,400,200,200,400,0,19.2,513.94452,23.52504,556.66956,0,280844,302.8,212598.908,111.61128,213013.3193,-1500,2,-195,-5,0,-200,50,-20,-49,-1,0,-50,0,1,-2,-28,0,-30,25,-50,-1,-9,0,-10,0,1,2,8,0,10,10,30,1,1,0,2,-75,2,-40,0,0,-40,200,-50,0,0,-50,25,1,30,10,-50,-10,200,5,30,20,5,-50,-25
167043ab-df8d-49f8-ab13-0a36fd62acb8,Residential,R1691_1_1,2,400,200,200,400,0,19.2,513.94452,23.52504,556.66956,0,280844,302.8,212598.908,111.61128,213013.3193,-1500,2,-195,-5,0,-200,50,-20,-49,-1,0,-50,0,1,-2,-28,0,-30,25,-50,-1,-9,0,-10,0,1,2,8,0,10,10,30,1,1,0,2,-75,2,-40,0,0,-40,200,-50,0,0,-50,25,1,30,10,-50,-10,200,5,30,20,5,-50,-25
cc430c11-6236-498a-8835-e5380e2407e8,Residential,R457_1_1,2,400,200,200,400,0,19.2,513.94452,23.52504,556.66956,0,280844,302.8,212598.908,111.61128,213013.3193,-1500,2,-195,-5,0,-200,50,-20,-49,-1,0,-50,0,1,-2,-28,0,-30,25,-50,-1,-9,0,-10,0,1,2,8,0,10,10,30,1,1,0,2,-75,2,-40,0,0,-40,200,-50,0,0,-50,25,1,30,10,-50,-10,200,5,30,20,5,-50,-25
006f0a53-8bbb-4e3a-872b-7af6ad298320,Residential,R1424_1_1,2,400,200,200,400,0,19.2,513.94452,23.52504,556.66956,0,280844,302.8,212598.908,111.61128,213013.3193,-1500,2,-195,-5,0,-200,50,-20,-49,-1,0,-50,0,1,-2,-28,0,-30,25,-50,-1,-9,0,-10,0,1,2,8,0,10,10,30,1,1,0,2,-75,2,-40,0,0,-40,200,-50,0,0,-50,25,1,30,10,-50,-10,200,5,30,20,5,-50,-25
26324cb3-a7dc-419b-b2fa-d517b4951bd3,Residential,R1932_1_1,2,400,200,200,400,0,19.2,513.94452,23.52504,556.66956,0,280844,302.8,212598.908,111.61128,213013.3193,-1500,2,-195,-5,0,-200,50,-20,-49,-1,0,-50,0,1,-2,-28,0,-30,25,-50,-1,-9,0,-10,0,1,2,8,0,10,10,30,1,1,0,2,-75,2,-40,0,0,-40,200,-50,0,0,-50,25,1,30,10,-50,-10,200,5,30,20,5,-50,-25
e072baf9-14e2-46a8-8f25-ee587b730d3a,Residential,R597_1_1,2,400,200,200,400,0,19.2,513.94452,23.52504,556.66956,0,280844,302.8,212598.908,111.61128,213013.3193,-1500,2,-195,-5,0,-200,50,-20,-49,-1,0,-50,0,1,-2,-28,0,-30,25,-50,-1,-9,0,-10,0,1,2,8,0,10,10,30,1,1,0,2,-75,2,-40,0,0,-40,200,-50,0,0,-50,25,1,30,10,-50,-10,200,5,30,20,5,-50,-25
e17d4feb-6463-4e60-9506-9faf523bde19,Residential,R1899_1_1,2,400,200,200,400,0,19.2,513.94452,23.52504,556.66956,0,280844,302.8,212598.908,111.61128,213013.3193,-1500,2,-195,-5,0,-200,50,-20,-49,-1,0,-50,0,1,-2,-28,0,-30,25,-50,-1,-9,0,-10,0,1,2,8,0,10,10,30,1,1,0,2,-75,2,-40,0,0,-40,200,-50,0,0,-50,25,1,30,10,-50,-10,200,5,30,20,5,-50,-25
ab3c32ff-74f6-4a0a-a874-3b9535ffc108,Residential,R1799_1_1,2,400,200,200,400,0,19.2,513.94452,23.52504,556.66956,0,280844,302.8,212598.908,111.61128,213013.3193,-1500,2,-195,-5,0,-200,50,-20,-49,-1,0,-50,0,1,-2,-28,0,-30,25,-50,-1,-9,0,-10,0,1,2,8,0,10,10,30,1,1,0,2,-75,2,-40,0,0,-40,200,-50,0,0,-50,25,1,30,10,-50,-10,200,5,30,20,5,-50,-25
602af353-88d3-4586-8fe5-958e375ad4ec,Residential,R1959_1_1,2,400,200,200,400,0,19.2,513.94452,23.52504,556.66956,0,280844,302.8,212598.908,111.61128,213013.3193,-1500,2,-195,-5,0,-200,50,-20,-49,-1,0,-50,0,1,-2,-28,0,-30,25,-50,-1,-9,0,-10,0,1,2,8,0,10,10,30,1,1,0,2,-75,2,-40,0,0,-40,200,-50,0,0,-50,25,1,30,10,-50,-10,200,5,30,20,5,-50,-25
719edc02-2012-4094-8739-c40a6b1eee97,Residential,R1809_1_1,2,400,200,200,400,0,19.2,513.94452,23.52504,556.66956,0,280844,302.8,212598.908,111.61128,213013.3193,-1500,2,-195,-5,0,-200,50,-20,-49,-1,0,-50,0,1,-2,-28,0,-30,25,-50,-1,-9,0,-10,0,1,2,8,0,10,10,30,1,1,0,2,-75,2,-40,0,0,-40,200,-50,0,0,-50,25,1,30,10,-50,-10,200,5,30,20,5,-50,-25
a7cf57f5-bf67-4610-86b8-ef98369ca500,Residential,R143_1_1,2,400,200,200,400,0,19.2,513.94452,23.52504,556.66956,0,280844,302.8,212598.908,111.61128,213013.3193,-1500,2,-195,-5,0,-200,50,-20,-49,-1,0,-50,0,1,-2,-28,0,-30,25,-50,-1,-9,0,-10,0,1,2,8,0,10,10,30,1,1,0,2,-75,2,-40,0,0,-40,200,-50,0,0,-50,25,1,30,10,-50,-10,200,5,30,20,5,-50,-25
c6195f1b-0a39-4829-bea9-07569f3974d1,Residential,R678_1_1,2,400,200,200,400,0,19.2,513.94452,23.52504,556.66956,0,280844,302.8,212598.908,111.61128,213013.3193,-1500,2,-195,-5,0,-200,50,-20,-49,-1,0,-50,0,1,-2,-28,0,-30,25,-50,-1,-9,0,-10,0,1,2,8,0,10,10,30,1,1,0,2,-75,2,-40,0,0,-40,200,-50,0,0,-50,25,1,30,10,-50,-10,200,5,30,20,5,-50,-25
60928811-806f-4843-abf5-d57619aae82e,Residential,R499_1_1,2,400,200,200,400,0,19.2,513.94452,23.52504,556.66956,0,280844,302.8,212598.908,111.61128,213013.3193,-1500,2,-195,-5,0,-200,50,-20,-49,-1,0,-50,0,1,-2,-28,0,-30,25,-50,-1,-9,0,-10,0,1,2,8,0,10,10,30,1,1,0,2,-75,2,-40,0,0,-40,200,-50,0,0,-50,25,1,30,10,-50,-10,200,5,30,20,5,-50,-25
daee0e3f-ada2-47c7-bdb0-a53fafb66422,Residential,R113_1_1,2,400,200,200,400,0,19.2,513.94452,23.52504,556.66956,0,280844,302.8,212598.908,111.61128,213013.3193,-1500,2,-195,-5,0,-200,50,-20,-49,-1,0,-50,0,1,-2,-28,0,-30,25,-50,-1,-9,0,-10,0,1,2,8,0,10,10,30,1,1,0,2,-75,2,-40,0,0,-40,200,-50,0,0,-50,25,1,30,10,-50,-10,200,5,30,20,5,-50,-25
560359e8-f466-4c1b-b31b-86f948ce0402,Residential,R753_1_1,2,400,200,200,400,0,19.2,513.94452,23.52504,556.66956,0,280844,302.8,212598.908,111.61128,213013.3193,-1500,2,-195,-5,0,-200,50,-20,-49,-1,0,-50,0,1,-2,-28,0,-30,25,-50,-1,-9,0,-10,0,1,2,8,0,10,10,30,1,1,0,2,-75,2,-40,0,0,-40,200,-50,0,0,-50,25,1,30,10,-50,-10,200,5,30,20,5,-50,-25
aedfa333-3455-4a05-b8f7-f8803283378d,Residential,R1942_1_1,2,400,200,200,400,0,19.2,513.94452,23.52504,556.66956,0,280844,302.8,212598.908,111.61128,213013.3193,-1500,2,-195,-5,0,-200,50,-20,-49,-1,0,-50,0,1,-2,-28,0,-30,25,-50,-1,-9,0,-10,0,1,2,8,0,10,10,30,1,1,0,2,-75,2,-40,0,0,-40,200,-50,0,0,-50,25,1,30,10,-50,-10,200,5,30,20,5,-50,-25
72bd15c0-5ba0-44aa-8ce5-a4d34ecb42ff,Residential,R577_1_1,2,400,200,200,400,0,19.2,513.94452,23.52504,556.66956,0,280844,302.8,212598.908,111.61128,213013.3193,-1500,2,-195,-5,0,-200,50,-20,-49,-1,0,-50,0,1,-2,-28,0,-30,25,-50,-1,-9,0,-10,0,1,2,8,0,10,10,30,1,1,0,2,-75,2,-40,0,0,-40,200,-50,0,0,-50,25,1,30,10,-50,-10,200,5,30,20,5,-50,-25
e72801ab-258e-43d4-8b7a-aba7f24901a6,Residential,R84_1_1,2,400,200,200,400,0,19.2,513.94452,23.52504,556.66956,0,280844,302.8,212598.908,111.61128,213013.3193,-1500,2,-195,-5,0,-200,50,-20,-49,-1,0,-50,0,1,-2,-28,0,-30,25,-50,-1,-9,0,-10,0,1,2,8,0,10,10,30,1,1,0,2,-75,2,-40,0,0,-40,200,-50,0,0,-50,25,1,30,10,-50,-10,200,5,30,20,5,-50,-25
903a0438-b193-4db3-aca2-31d9d36210c1,Residential,R171_1_1,2,400,200,200,400,0,19.2,513.94452,23.52504,556.66956,0,280844,302.8,212598.908,111.61128,213013.3193,-1500,2,-195,-5,0,-200,50,-20,-49,-1,0,-50,0,1,-2,-28,0,-30,25,-50,-1,-9,0,-10,0,1,2,8,0,10,10,30,1,1,0,2,-75,2,-40,0,0,-40,200,-50,0,0,-50,25,1,30,10,-50,-10,200,5,30,20,5,-50,-25
9b1a86bc-1c6e-4e94-b62c-693e93cecbe5,Residential,R1076_1_1,2,400,200,200,400,0,19.2,513.94452,23.52504,556.66956,0,280844,302.8,212598.908,111.61128,213013.3193,-1500,2,-195,-5,0,-200,50,-20,-49,-1,0,-50,0,1,-2,-28,0,-30,25,-50,-1,-9,0,-10,0,1,2,8,0,10,10,30,1,1,0,2,-75,2,-40,0,0,-40,200,-50,0,0,-50,25,1,30,10,-50,-10,200,5,30,20,5,-50,-25
b4f4e51a-b91f-4956-8a9d-cf6b30074009,Residential,R1350_1_1,2,400,200,200,400,0,19.2,513.94452,23.52504,556.66956,0,280844,302.8,212598.908,111.61128,213013.3193,-1500,2,-195,-5,0,-200,50,-20,-49,-1,0,-50,0,1,-2,-28,0,-30,25,-50,-1,-9,0,-10,0,1,2,8,0,10,10,30,1,1,0,2,-75,2,-40,0,0,-40,200,-50,0,0,-50,25,1,30,10,-50,-10,200,5,30,20,5,-50,-25
5fe53907-71d0-448b-a4dc-8c53aa0160e5,Residential,R722_1_1,2,400,200,200,400,0,19.2,513.94452,23.52504,556.66956,0,280844,302.8,212598.908,111.61128,213013.3193,-1500,2,-195,-5,0,-200,50,-20,-49,-1,0,-50,0,1,-2,-28,0,-30,25,-50,-1,-9,0,-10,0,1,2,8,0,10,10,30,1,1,0,2,-75,2,-40,0,0,-40,200,-50,0,0,-50,25,1,30,10,-50,-10,200,5,30,20,5,-50,-25
7bb06c59-4c56-4723-aa5e-0f2313d1de7a,Residential,R1840_1_1,2,400,200,200,400,0,19.2,513.94452,23.52504,556.66956,0,280844,302.8,212598.908,111.61128,213013.3193,-1500,2,-195,-5,0,-200,50,-20,-49,-1,0,-50,0,1,-2,-28,0,-30,25,-50,-1,-9,0,-10,0,1,2,8,0,10,10,30,1,1,0,2,-75,2,-40,0,0,-40,200,-50,0,0,-50,25,1,30,10,-50,-10,200,5,30,20,5,-50,-25
98b78bcb-4e8a-4f9a-a92c-ed34c0728fd6,Residential,R1599_1_1,2,400,200,200,400,0,19.2,513.94452,23.52504,556.66956,0,280844,302.8,212598.908,111.61128,213013.3193,-1500,2,-195,-5,0,-200,50,-20,-49,-1,0,-50,0,1,-2,-28,0,-30,25,-50,-1,-9,0,-10,0,1,2,8,0,10,10,30,1,1,0,2,-75,2,-40,0,0,-40,200,-50,0,0,-50,25,1,30,10,-50,-10,200,5,30,20,5,-50,-25
da4da161-9f10-4e64-8b4f-6b65eb6ded60,Residential,R1944_1_1,2,400,200,200,400,0,19.2,513.94452,23.52504,556.66956,0,280844,302.8,212598.908,111.61128,213013.3193,-1500,2,-195,-5,0,-200,50,-20,-49,-1,0,-50,0,1,-2,-28,0,-30,25,-50,-1,-9,0,-10,0,1,2,8,0,10,10,30,1,1,0,2,-75,2,-40,0,0,-40,200,-50,0,0,-50,25,1,30,10,-50,-10,200,5,30,20,5,-50,-25
4096549e-801e-4cb3-b8a1-15debf5d750b,Residential,R142_1_1,2,400,200,200,400,0,19.2,513.94452,23.52504,556.66956,0,280844,302.8,212598.908,111.61128,213013.3193,-1500,2,-195,-5,0,-200,50,-20,-49,-1,0,-50,0,1,-2,-28,0,-30,25,-50,-1,-9,0,-10,0,1,2,8,0,10,10,30,1,1,0,2,-75,2,-40,0,0,-40,200,-50,0,0,-50,25,1,30,10,-50,-10,200,5,30,20,5,-50,-25
f7d2a4a6-e37e-4d54-86a5-5cae042082a9,Residential,R1858_1_1,2,400,200,200,400,0,19.2,513.94452,23.52504,556.66956,0,280844,302.8,212598.908,111.61128,213013.3193,-1500,2,-195,-5,0,-200,50,-20,-49,-1,0,-50,0,1,-2,-28,0,-30,25,-50,-1,-9,0,-10,0,1,2,8,0,10,10,30,1,1,0,2,-75,2,-40,0,0,-40,200,-50,0,0,-50,25,1,30,10,-50,-10,200,5,30,20,5,-50,-25
261e72b7-1be4-481d-8319-ad2e50689656,Residential,R1460_1_1,2,400,200,200,400,0,19.2,513.94452,23.52504,556.66956,0,280844,302.8,212598.908,111.61128,213013.3193,-1500,2,-195,-5,0,-200,50,-20,-49,-1,0,-50,0,1,-2,-28,0,-30,25,-50,-1,-9,0,-10,0,1,2,8,0,10,10,30,1,1,0,2,-75,2,-40,0,0,-40,200,-50,0,0,-50,25,1,30,10,-50,-10,200,5,30,20,5,-50,-25
772ec204-06b5-46dd-b4bd-f66d6684b961,Residential,R1916_1_1,2,400,200,200,400,0,19.2,513.94452,23.52504,556.66956,0,280844,302.8,212598.908,111.61128,213013.3193,-1500,2,-195,-5,0,-200,50,-20,-49,-1,0,-50,0,1,-2,-28,0,-30,25,-50,-1,-9,0,-10,0,1,2,8,0,10,10,30,1,1,0,2,-75,2,-40,0,0,-40,200,-50,0,0,-50,25,1,30,10,-50,-10,200,5,30,20,5,-50,-25
8884eca7-c359-43ed-b691-888a07447d44,Residential,R2107_1_1,2,400,200,200,400,0,19.2,513.94452,23.52504,556.66956,0,280844,302.8,212598.908,111.61128,213013.3193,-1500,2,-195,-5,0,-200,50,-20,-49,-1,0,-50,0,1,-2,-28,0,-30,25,-50,-1,-9,0,-10,0,1,2,8,0,10,10,30,1,1,0,2,-75,2,-40,0,0,-40,200,-50,0,0,-50,25,1,30,10,-50,-10,200,5,30,20,5,-50,-25
f5c792ba-c917-4f1d-9e44-eee2e3c43b3b,Residential,R1250_1_1,2,400,200,200,400,0,19.2,513.94452,23.52504,556.66956,0,280844,302.8,212598.908,111.61128,213013.3193,-1500,2,-195,-5,0,-200,50,-20,-49,-1,0,-50,0,1,-2,-28,0,-30,25,-50,-1,-9,0,-10,0,1,2,8,0,10,10,30,1,1,0,2,-75,2,-40,0,0,-40,200,-50,0,0,-50,25,1,30,10,-50,-10,200,5,30,20,5,-50,-25
25e2167c-28d4-4d30-ab41-28d6e4348130,Residential,R432_1_1,2,400,200,200,400,0,19.2,513.94452,23.52504,556.66956,0,280844,302.8,212598.908,111.61128,213013.3193,-1500,2,-195,-5,0,-200,50,-20,-49,-1,0,-50,0,1,-2,-28,0,-30,25,-50,-1,-9,0,-10,0,1,2,8,0,10,10,30,1,1,0,2,-75,2,-40,0,0,-40,200,-50,0,0,-50,25,1,30,10,-50,-10,200,5,30,20,5,-50,-25
98ab1896-2d99-4700-89e7-421f928b7e19,Residential,R1050_1_1,2,400,200,200,400,0,19.2,513.94452,23.52504,556.66956,0,280844,302.8,212598.908,111.61128,213013.3193,-1500,2,-195,-5,0,-200,50,-20,-49,-1,0,-50,0,1,-2,-28,0,-30,25,-50,-1,-9,0,-10,0,1,2,8,0,10,10,30,1,1,0,2,-75,2,-40,0,0,-40,200,-50,0,0,-50,25,1,30,10,-50,-10,200,5,30,20,5,-50,-25
c3d0193f-51ec-4b82-9ce6-ecccc9921ffd,Residential,R557_1_1,2,400,200,200,400,0,19.2,513.94452,23.52504,556.66956,0,280844,302.8,212598.908,111.61128,213013.3193,-1500,2,-195,-5,0,-200,50,-20,-49,-1,0,-50,0,1,-2,-28,0,-30,25,-50,-1,-9,0,-10,0,1,2,8,0,10,10,30,1,1,0,2,-75,2,-40,0,0,-40,200,-50,0,0,-50,25,1,30,10,-50,-10,200,5,30,20,5,-50,-25
39ca311d-70c8-4295-98ea-1b8caa9b73d0,Residential,R515_1_1,2,400,200,200,400,0,19.2,513.94452,23.52504,556.66956,0,280844,302.8,212598.908,111.61128,213013.3193,-1500,2,-195,-5,0,-200,50,-20,-49,-1,0,-50,0,1,-2,-28,0,-30,25,-50,-1,-9,0,-10,0,1,2,8,0,10,10,30,1,1,0,2,-75,2,-40,0,0,-40,200,-50,0,0,-50,25,1,30,10,-50,-10,200,5,30,20,5,-50,-25
791c64f8-b6e3-48de-9ce9-fa984f746a0e,Residential,R229_1_1,2,400,200,200,400,0,19.2,513.94452,23.52504,556.66956,0,280844,302.8,212598.908,111.61128,213013.3193,-1500,2,-195,-5,0,-200,50,-20,-49,-1,0,-50,0,1,-2,-28,0,-30,25,-50,-1,-9,0,-10,0,1,2,8,0,10,10,30,1,1,0,2,-75,2,-40,0,0,-40,200,-50,0,0,-50,25,1,30,10,-50,-10,200,5,30,20,5,-50,-25
c4026673-7f34-47fd-bd6e-b72a1847663f,Residential,R390_1_1,2,400,200,200,400,0,19.2,513.94452,23.52504,556.66956,0,280844,302.8,212598.908,111.61128,213013.3193,-1500,2,-195,-5,0,-200,50,-20,-49,-1,0,-50,0,1,-2,-28,0,-30,25,-50,-1,-9,0,-10,0,1,2,8,0,10,10,30,1,1,0,2,-75,2,-40,0,0,-40,200,-50,0,0,-50,25,1,30,10,-50,-10,200,5,30,20,5,-50,-25
f78f37e2-eecb-4abc-a491-e5dcb62cbf47,Residential,R913_1_1,2,400,200,200,400,0,19.2,513.94452,23.52504,556.66956,0,280844,302.8,212598.908,111.61128,213013.3193,-1500,2,-195,-5,0,-200,50,-20,-49,-1,0,-50,0,1,-2,-28,0,-30,25,-50,-1,-9,0,-10,0,1,2,8,0,10,10,30,1,1,0,2,-75,2,-40,0,0,-40,200,-50,0,0,-50,25,1,30,10,-50,-10,200,5,30,20,5,-50,-25
35b3a298-e19c-49b3-8410-cb83254a112a,Residential,R1657_1_1,2,400,200,200,400,0,19.2,513.94452,23.52504,556.66956,0,280844,302.8,212598.908,111.61128,213013.3193,-1500,2,-195,-5,0,-200,50,-20,-49,-1,0,-50,0,1,-2,-28,0,-30,25,-50,-1,-9,0,-10,0,1,2,8,0,10,10,30,1,1,0,2,-75,2,-40,0,0,-40,200,-50,0,0,-50,25,1,30,10,-50,-10,200,5,30,20,5,-50,-25
f220f82a-9c94-42bc-be25-b14d7c565a23,Residential,R538_1_1,2,400,200,200,400,0,19.2,513.94452,23.52504,556.66956,0,280844,302.8,212598.908,111.61128,213013.3193,-1500,2,-195,-5,0,-200,50,-20,-49,-1,0,-50,0,1,-2,-28,0,-30,25,-50,-1,-9,0,-10,0,1,2,8,0,10,10,30,1,1,0,2,-75,2,-40,0,0,-40,200,-50,0,0,-50,25,1,30,10,-50,-10,200,5,30,20,5,-50,-25
bde73703-b378-478b-95f2-6bb377a0e866,Residential,R135_1_1,2,400,200,200,400,0,19.2,513.94452,23.52504,556.66956,0,280844,302.8,212598.908,111.61128,213013.3193,-1500,2,-195,-5,0,-200,50,-20,-49,-1,0,-50,0,1,-2,-28,0,-30,25,-50,-1,-9,0,-10,0,1,2,8,0,10,10,30,1,1,0,2,-75,2,-40,0,0,-40,200,-50,0,0,-50,25,1,30,10,-50,-10,200,5,30,20,5,-50,-25
ddcb4350-a7f2-4ef4-a11a-e2a6411a10d8,Residential,R231_1_1,2,400,200,200,400,0,19.2,513.94452,23.52504,556.66956,0,280844,302.8,212598.908,111.61128,213013.3193,-1500,2,-195,-5,0,-200,50,-20,-49,-1,0,-50,0,1,-2,-28,0,-30,25,-50,-1,-9,0,-10,0,1,2,8,0,10,10,30,1,1,0,2,-75,2,-40,0,0,-40,200,-50,0,0,-50,25,1,30,10,-50,-10,200,5,30,20,5,-50,-25
c521b777-d7d9-4ba3-a6b8-e2cc73042a89,Residential,R522_1_1,2,400,200,200,400,0,19.2,513.94452,23.52504,556.66956,0,280844,302.8,212598.908,111.61128,213013.3193,-1500,2,-195,-5,0,-200,50,-20,-49,-1,0,-50,0,1,-2,-28,0,-30,25,-50,-1,-9,0,-10,0,1,2,8,0,10,10,30,1,1,0,2,-75,2,-40,0,0,-40,200,-50,0,0,-50,25,1,30,10,-50,-10,200,5,30,20,5,-50,-25
2372278b-809d-4208-92e7-aceb19c001d8,Residential,R1964_1_1,2,400,200,200,400,0,19.2,513.94452,23.52504,556.66956,0,280844,302.8,212598.908,111.61128,213013.3193,-1500,2,-195,-5,0,-200,50,-20,-49,-1,0,-50,0,1,-2,-28,0,-30,25,-50,-1,-9,0,-10,0,1,2,8,0,10,10,30,1,1,0,2,-75,2,-40,0,0,-40,200,-50,0,0,-50,25,1,30,10,-50,-10,200,5,30,20,5,-50,-25
a4b73361-ab10-4faa-a806-55f278a3923c,Residential,R278_1_1,2,400,200,200,400,0,19.2,513.94452,23.52504,556.66956,0,280844,302.8,212598.908,111.61128,213013.3193,-1500,2,-195,-5,0,-200,50,-20,-49,-1,0,-50,0,1,-2,-28,0,-30,25,-50,-1,-9,0,-10,0,1,2,8,0,10,10,30,1,1,0,2,-75,2,-40,0,0,-40,200,-50,0,0,-50,25,1,30,10,-50,-10,200,5,30,20,5,-50,-25
8742d430-4a04-4a2e-98b2-eb6cf3748b1e,Residential,R1557_1_1,2,400,200,200,400,0,19.2,513.94452,23.52504,556.66956,0,280844,302.8,212598.908,111.61128,213013.3193,-1500,2,-195,-5,0,-200,50,-20,-49,-1,0,-50,0,1,-2,-28,0,-30,25,-50,-1,-9,0,-10,0,1,2,8,0,10,10,30,1,1,0,2,-75,2,-40,0,0,-40,200,-50,0,0,-50,25,1,30,10,-50,-10,200,5,30,20,5,-50,-25
ecfdf25f-cb8c-4e49-ac6f-ce236b2683ff,Residential,R184_1_1,2,400,200,200,400,0,19.2,513.94452,23.52504,556.66956,0,280844,302.8,212598.908,111.61128,213013.3193,-1500,2,-195,-5,0,-200,50,-20,-49,-1,0,-50,0,1,-2,-28,0,-30,25,-50,-1,-9,0,-10,0,1,2,8,0,10,10,30,1,1,0,2,-75,2,-40,0,0,-40,200,-50,0,0,-50,25,1,30,10,-50,-10,200,5,30,20,5,-50,-25
a6aaeb13-5586-4c55-ae01-fe58c6f59f67,Residential,R1088_1_1,2,400,200,200,400,0,19.2,513.94452,23.52504,556.66956,0,280844,302.8,212598.908,111.61128,213013.3193,-1500,2,-195,-5,0,-200,50,-20,-49,-1,0,-50,0,1,-2,-28,0,-30,25,-50,-1,-9,0,-10,0,1,2,8,0,10,10,30,1,1,0,2,-75,2,-40,0,0,-40,200,-50,0,0,-50,25,1,30,10,-50,-10,200,5,30,20,5,-50,-25
dfa20e60-5ed9-4a59-bdff-d794a9b422d4,Residential,R829_1_1,2,400,200,200,400,0,19.2,513.94452,23.52504,556.66956,0,280844,302.8,212598.908,111.61128,213013.3193,-1500,2,-195,-5,0,-200,50,-20,-49,-1,0,-50,0,1,-2,-28,0,-30,25,-50,-1,-9,0,-10,0,1,2,8,0,10,10,30,1,1,0,2,-75,2,-40,0,0,-40,200,-50,0,0,-50,25,1,30,10,-50,-10,200,5,30,20,5,-50,-25
fe61cd5c-8d3a-4cbc-a74f-db3e76768f6a,Residential,R1003_1_1,2,400,200,200,400,0,19.2,513.94452,23.52504,556.66956,0,280844,302.8,212598.908,111.61128,213013.3193,-1500,2,-195,-5,0,-200,50,-20,-49,-1,0,-50,0,1,-2,-28,0,-30,25,-50,-1,-9,0,-10,0,1,2,8,0,10,10,30,1,1,0,2,-75,2,-40,0,0,-40,200,-50,0,0,-50,25,1,30,10,-50,-10,200,5,30,20,5,-50,-25
1a74ba40-cefd-407c-9995-bf466e8c627c,Residential,R744_1_1,2,400,200,200,400,0,19.2,513.94452,23.52504,556.66956,0,280844,302.8,212598.908,111.61128,213013.3193,-1500,2,-195,-5,0,-200,50,-20,-49,-1,0,-50,0,1,-2,-28,0,-30,25,-50,-1,-9,0,-10,0,1,2,8,0,10,10,30,1,1,0,2,-75,2,-40,0,0,-40,200,-50,0,0,-50,25,1,30,10,-50,-10,200,5,30,20,5,-50,-25
f94da415-60ca-474b-91fe-1fc7326f54d9,Residential,R1737_1_1,2,400,200,200,400,0,19.2,513.94452,23.52504,556.66956,0,280844,302.8,212598.908,111.61128,213013.3193,-1500,2,-195,-5,0,-200,50,-20,-49,-1,0,-50,0,1,-2,-28,0,-30,25,-50,-1,-9,0,-10,0,1,2,8,0,10,10,30,1,1,0,2,-75,2,-40,0,0,-40,200,-50,0,0,-50,25,1,30,10,-50,-10,200,5,30,20,5,-50,-25
5c46817a-a488-4b72-8ad8-371aa47d36b4,Residential,R862_1_1,2,400,200,200,400,0,19.2,513.94452,23.52504,556.66956,0,280844,302.8,212598.908,111.61128,213013.3193,-1500,2,-195,-5,0,-200,50,-20,-49,-1,0,-50,0,1,-2,-28,0,-30,25,-50,-1,-9,0,-10,0,1,2,8,0,10,10,30,1,1,0,2,-75,2,-40,0,0,-40,200,-50,0,0,-50,25,1,30,10,-50,-10,200,5,30,20,5,-50,-25
d497e588-8713-42ef-958e-0c17178caa3e,Residential,R624_1_1,2,400,200,200,400,0,19.2,513.94452,23.52504,556.66956,0,280844,302.8,212598.908,111.61128,213013.3193,-1500,2,-195,-5,0,-200,50,-20,-49,-1,0,-50,0,1,-2,-28,0,-30,25,-50,-1,-9,0,-10,0,1,2,8,0,10,10,30,1,1,0,2,-75,2,-40,0,0,-40,200,-50,0,0,-50,25,1,30,10,-50,-10,200,5,30,20,5,-50,-25
7327fe61-d155-4c08-aed8-8fb8d736f5ae,Residential,R681_1_1,2,400,200,200,400,0,19.2,513.94452,23.52504,556.66956,0,280844,302.8,212598.908,111.61128,213013.3193,-1500,2,-195,-5,0,-200,50,-20,-49,-1,0,-50,0,1,-2,-28,0,-30,25,-50,-1,-9,0,-10,0,1,2,8,0,10,10,30,1,1,0,2,-75,2,-40,0,0,-40,200,-50,0,0,-50,25,1,30,10,-50,-10,200,5,30,20,5,-50,-25
bbf4a679-b6ad-4853-be38-f7eadcec4049,Residential,R740_1_1,2,400,200,200,400,0,19.2,513.94452,23.52504,556.66956,0,280844,302.8,212598.908,111.61128,213013.3193,-1500,2,-195,-5,0,-200,50,-20,-49,-1,0,-50,0,1,-2,-28,0,-30,25,-50,-1,-9,0,-10,0,1,2,8,0,10,10,30,1,1,0,2,-75,2,-40,0,0,-40,200,-50,0,0,-50,25,1,30,10,-50,-10,200,5,30,20,5,-50,-25
d0a59fb3-467e-4618-ac7c-d97d03dc9891,Residential,R175_1_1,2,400,200,200,400,0,19.2,513.94452,23.52504,556.66956,0,280844,302.8,212598.908,111.61128,213013.3193,-1500,2,-195,-5,0,-200,50,-20,-49,-1,0,-50,0,1,-2,-28,0,-30,25,-50,-1,-9,0,-10,0,1,2,8,0,10,10,30,1,1,0,2,-75,2,-40,0,0,-40,200,-50,0,0,-50,25,1,30,10,-50,-10,200,5,30,20,5,-50,-25
019edc95-3a0f-437f-82ea-a375bc0c48d1,Residential,R1301_1_1,2,400,200,200,400,0,19.2,513.94452,23.52504,556.66956,0,280844,302.8,212598.908,111.61128,213013.3193,-1500,2,-195,-5,0,-200,50,-20,-49,-1,0,-50,0,1,-2,-28,0,-30,25,-50,-1,-9,0,-10,0,1,2,8,0,10,10,30,1,1,0,2,-75,2,-40,0,0,-40,200,-50,0,0,-50,25,1,30,10,-50,-10,200,5,30,20,5,-50,-25
6e588b61-dec1-4118-8f8a-bb6088858619,Residential,R806_1_1,2,400,200,200,400,0,19.2,513.94452,23.52504,556.66956,0,280844,302.8,212598.908,111.61128,213013.3193,-1500,2,-195,-5,0,-200,50,-20,-49,-1,0,-50,0,1,-2,-28,0,-30,25,-50,-1,-9,0,-10,0,1,2,8,0,10,10,30,1,1,0,2,-75,2,-40,0,0,-40,200,-50,0,0,-50,25,1,30,10,-50,-10,200,5,30,20,5,-50,-25
0d60fe90-c45a-4941-bd08-3105852f4ff2,Residential,R699_1_1,2,400,200,200,400,0,19.2,513.94452,23.52504,556.66956,0,280844,302.8,212598.908,111.61128,213013.3193,-1500,2,-195,-5,0,-200,50,-20,-49,-1,0,-50,0,1,-2,-28,0,-30,25,-50,-1,-9,0,-10,0,1,2,8,0,10,10,30,1,1,0,2,-75,2,-40,0,0,-40,200,-50,0,0,-50,25,1,30,10,-50,-10,200,5,30,20,5,-50,-25
b1cd814b-78ba-4769-8cd1-9bc663b8f4f9,Residential,R1545_1_1,2,400,200,200,400,0,19.2,513.94452,23.52504,556.66956,0,280844,302.8,212598.908,111.61128,213013.3193,-1500,2,-195,-5,0,-200,50,-20,-49,-1,0,-50,0,1,-2,-28,0,-30,25,-50,-1,-9,0,-10,0,1,2,8,0,10,10,30,1,1,0,2,-75,2,-40,0,0,-40,200,-50,0,0,-50,25,1,30,10,-50,-10,200,5,30,20,5,-50,-25
f5de6225-02c3-4ca3-a919-1200160190d1,Residential,R321_1_1,2,400,200,200,400,0,19.2,513.94452,23.52504,556.66956,0,280844,302.8,212598.908,111.61128,213013.3193,-1500,2,-195,-5,0,-200,50,-20,-49,-1,0,-50,0,1,-2,-28,0,-30,25,-50,-1,-9,0,-10,0,1,2,8,0,10,10,30,1,1,0,2,-75,2,-40,0,0,-40,200,-50,0,0,-50,25,1,30,10,-50,-10,200,5,30,20,5,-50,-25
9064a952-6989-4480-a27e-e2028a3dbd79,Residential,R652_1_1,2,400,200,200,400,0,19.2,513.94452,23.52504,556.66956,0,280844,302.8,212598.908,111.61128,213013.3193,-1500,2,-195,-5,0,-200,50,-20,-49,-1,0,-50,0,1,-2,-28,0,-30,25,-50,-1,-9,0,-10,0,1,2,8,0,10,10,30,1,1,0,2,-75,2,-40,0,0,-40,200,-50,0,0,-50,25,1,30,10,-50,-10,200,5,30,20,5,-50,-25
0a1f50cb-69c6-4c73-a4c7-ce62b6c96e99,Residential,R149_1_1,2,400,200,200,400,0,19.2,513.94452,23.52504,556.66956,0,280844,302.8,212598.908,111.61128,213013.3193,-1500,2,-195,-5,0,-200,50,-20,-49,-1,0,-50,0,1,-2,-28,0,-30,25,-50,-1,-9,0,-10,0,1,2,8,0,10,10,30,1,1,0,2,-75,2,-40,0,0,-40,200,-50,0,0,-50,25,1,30,10,-50,-10,200,5,30,20,5,-50,-25
93759f9b-4df6-4a62-906c-d3e9e347e5f4,Residential,R721_1_1,2,400,200,200,400,0,19.2,513.94452,23.52504,556.66956,0,280844,302.8,212598.908,111.61128,213013.3193,-1500,2,-195,-5,0,-200,50,-20,-49,-1,0,-50,0,1,-2,-28,0,-30,25,-50,-1,-9,0,-10,0,1,2,8,0,10,10,30,1,1,0,2,-75,2,-40,0,0,-40,200,-50,0,0,-50,25,1,30,10,-50,-10,200,5,30,20,5,-50,-25
6eec379c-0110-44cf-a3cf-09aabc208937,Residential,R1629_1_1,2,400,200,200,400,0,19.2,513.94452,23.52504,556.66956,0,280844,302.8,212598.908,111.61128,213013.3193,-1500,2,-195,-5,0,-200,50,-20,-49,-1,0,-50,0,1,-2,-28,0,-30,25,-50,-1,-9,0,-10,0,1,2,8,0,10,10,30,1,1,0,2,-75,2,-40,0,0,-40,200,-50,0,0,-50,25,1,30,10,-50,-10,200,5,30,20,5,-50,-25
b6846647-15f6-43e7-987a-e15169bc63ce,Residential,R377_1_1,2,400,200,200,400,0,19.2,513.94452,23.52504,556.66956,0,280844,302.8,212598.908,111.61128,213013.3193,-1500,2,-195,-5,0,-200,50,-20,-49,-1,0,-50,0,1,-2,-28,0,-30,25,-50,-1,-9,0,-10,0,1,2,8,0,10,10,30,1,1,0,2,-75,2,-40,0,0,-40,200,-50,0,0,-50,25,1,30,10,-50,-10,200,5,30,20,5,-50,-25
6f147e65-f08c-458c-af24-c80ce1274d6b,Residential,R525_1_1,2,400,200,200,400,0,19.2,513.94452,23.52504,556.66956,0,280844,302.8,212598.908,111.61128,213013.3193,-1500,2,-195,-5,0,-200,50,-20,-49,-1,0,-50,0,1,-2,-28,0,-30,25,-50,-1,-9,0,-10,0,1,2,8,0,10,10,30,1,1,0,2,-75,2,-40,0,0,-40,200,-50,0,0,-50,25,1,30,10,-50,-10,200,5,30,20,5,-50,-25
41f9bad5-c932-4e9f-a86f-f263186f1435,Residential,R1381_1_1,2,400,200,200,400,0,19.2,513.94452,23.52504,556.66956,0,280844,302.8,212598.908,111.61128,213013.3193,-1500,2,-195,-5,0,-200,50,-20,-49,-1,0,-50,0,1,-2,-28,0,-30,25,-50,-1,-9,0,-10,0,1,2,8,0,10,10,30,1,1,0,2,-75,2,-40,0,0,-40,200,-50,0,0,-50,25,1,30,10,-50,-10,200,5,30,20,5,-50,-25
923ca0de-48b8-4484-9a32-ad83a9224b0a,Residential,R1383_1_1,2,400,200,200,400,0,19.2,513.94452,23.52504,556.66956,0,280844,302.8,212598.908,111.61128,213013.3193,-1500,2,-195,-5,0,-200,50,-20,-49,-1,0,-50,0,1,-2,-28,0,-30,25,-50,-1,-9,0,-10,0,1,2,8,0,10,10,30,1,1,0,2,-75,2,-40,0,0,-40,200,-50,0,0,-50,25,1,30,10,-50,-10,200,5,30,20,5,-50,-25
035171b8-0887-4a3c-928e-10073f35b752,Residential,R1762_1_1,2,400,200,200,400,0,19.2,513.94452,23.52504,556.66956,0,280844,302.8,212598.908,111.61128,213013.3193,-1500,2,-195,-5,0,-200,50,-20,-49,-1,0,-50,0,1,-2,-28,0,-30,25,-50,-1,-9,0,-10,0,1,2,8,0,10,10,30,1,1,0,2,-75,2,-40,0,0,-40,200,-50,0,0,-50,25,1,30,10,-50,-10,200,5,30,20,5,-50,-25
bb728024-c4d1-40ab-930c-179b56b26e28,Residential,R1936_1_1,2,400,200,200,400,0,19.2,513.94452,23.52504,556.66956,0,280844,302.8,212598.908,111.61128,213013.3193,-1500,2,-195,-5,0,-200,50,-20,-49,-1,0,-50,0,1,-2,-28,0,-30,25,-50,-1,-9,0,-10,0,1,2,8,0,10,10,30,1,1,0,2,-75,2,-40,0,0,-40,200,-50,0,0,-50,25,1,30,10,-50,-10,200,5,30,20,5,-50,-25
8d2b9664-a595-471c-a197-720ad6a9eb6a,Residential,R804_1_1,2,400,200,200,400,0,19.2,513.94452,23.52504,556.66956,0,280844,302.8,212598.908,111.61128,213013.3193,-1500,2,-195,-5,0,-200,50,-20,-49,-1,0,-50,0,1,-2,-28,0,-30,25,-50,-1,-9,0,-10,0,1,2,8,0,10,10,30,1,1,0,2,-75,2,-40,0,0,-40,200,-50,0,0,-50,25,1,30,10,-50,-10,200,5,30,20,5,-50,-25
391c0b2d-9c52-4d8f-91af-117843ee6c9b,Residential,R1552_1_1,2,400,200,200,400,0,19.2,513.94452,23.52504,556.66956,0,280844,302.8,212598.908,111.61128,213013.3193,-1500,2,-195,-5,0,-200,50,-20,-49,-1,0,-50,0,1,-2,-28,0,-30,25,-50,-1,-9,0,-10,0,1,2,8,0,10,10,30,1,1,0,2,-75,2,-40,0,0,-40,200,-50,0,0,-50,25,1,30,10,-50,-10,200,5,30,20,5,-50,-25
7a30f2cb-77d0-4a00-83d4-f08035024892,Residential,R1982_1_1,2,400,200,200,400,0,19.2,513.94452,23.52504,556.66956,0,280844,302.8,212598.908,111.61128,213013.3193,-1500,2,-195,-5,0,-200,50,-20,-49,-1,0,-50,0,1,-2,-28,0,-30,25,-50,-1,-9,0,-10,0,1,2,8,0,10,10,30,1,1,0,2,-75,2,-40,0,0,-40,200,-50,0,0,-50,25,1,30,10,-50,-10,200,5,30,20,5,-50,-25
7b8be17c-ac7b-486c-b1cc-7e283b6537ff,Residential,R316_1_1,2,400,200,200,400,0,19.2,513.94452,23.52504,556.66956,0,280844,302.8,212598.908,111.61128,213013.3193,-1500,2,-195,-5,0,-200,50,-20,-49,-1,0,-50,0,1,-2,-28,0,-30,25,-50,-1,-9,0,-10,0,1,2,8,0,10,10,30,1,1,0,2,-75,2,-40,0,0,-40,200,-50,0,0,-50,25,1,30,10,-50,-10,200,5,30,20,5,-50,-25
cd3cec90-35af-4924-aacc-9770921f09c9,Residential,R1567_1_1,2,400,200,200,400,0,19.2,513.94452,23.52504,556.66956,0,280844,302.8,212598.908,111.61128,213013.3193,-1500,2,-195,-5,0,-200,50,-20,-49,-1,0,-50,0,1,-2,-28,0,-30,25,-50,-1,-9,0,-10,0,1,2,8,0,10,10,30,1,1,0,2,-75,2,-40,0,0,-40,200,-50,0,0,-50,25,1,30,10,-50,-10,200,5,30,20,5,-50,-25
8259a223-c438-44f8-9f9f-0b9a417c07e1,Residential,R166_1_1,2,400,200,200,400,0,19.2,513.94452,23.52504,556.66956,0,280844,302.8,212598.908,111.61128,213013.3193,-1500,2,-195,-5,0,-200,50,-20,-49,-1,0,-50,0,1,-2,-28,0,-30,25,-50,-1,-9,0,-10,0,1,2,8,0,10,10,30,1,1,0,2,-75,2,-40,0,0,-40,200,-50,0,0,-50,25,1,30,10,-50,-10,200,5,30,20,5,-50,-25
728f9bd6-585d-492f-beda-42694921cb9e,Residential,R663_1_1,2,400,200,200,400,0,19.2,513.94452,23.52504,556.66956,0,280844,302.8,212598.908,111.61128,213013.3193,-1500,2,-195,-5,0,-200,50,-20,-49,-1,0,-50,0,1,-2,-28,0,-30,25,-50,-1,-9,0,-10,0,1,2,8,0,10,10,30,1,1,0,2,-75,2,-40,0,0,-40,200,-50,0,0,-50,25,1,30,10,-50,-10,200,5,30,20,5,-50,-25
b940e6a5-26e5-44bb-9942-f93aba9a4a15,Residential,R47_1_1,2,400,200,200,400,0,19.2,513.94452,23.52504,556.66956,0,280844,302.8,212598.908,111.61128,213013.3193,-1500,2,-195,-5,0,-200,50,-20,-49,-1,0,-50,0,1,-2,-28,0,-30,25,-50,-1,-9,0,-10,0,1,2,8,0,10,10,30,1,1,0,2,-75,2,-40,0,0,-40,200,-50,0,0,-50,25,1,30,10,-50,-10,200,5,30,20,5,-50,-25
2d241754-2264-4e0c-b235-4d501d229244,Residential,R1207_1_1,2,400,200,200,400,0,19.2,513.94452,23.52504,556.66956,0,280844,302.8,212598.908,111.61128,213013.3193,-1500,2,-195,-5,0,-200,50,-20,-49,-1,0,-50,0,1,-2,-28,0,-30,25,-50,-1,-9,0,-10,0,1,2,8,0,10,10,30,1,1,0,2,-75,2,-40,0,0,-40,200,-50,0,0,-50,25,1,30,10,-50,-10,200,5,30,20,5,-50,-25
c4a48960-8f31-4a69-952d-1eba56bf1713,Residential,R1814_1_1,2,400,200,200,400,0,19.2,513.94452,23.52504,556.66956,0,280844,302.8,212598.908,111.61128,213013.3193,-1500,2,-195,-5,0,-200,50,-20,-49,-1,0,-50,0,1,-2,-28,0,-30,25,-50,-1,-9,0,-10,0,1,2,8,0,10,10,30,1,1,0,2,-75,2,-40,0,0,-40,200,-50,0,0,-50,25,1,30,10,-50,-10,200,5,30,20,5,-50,-25
13d5f72b-0b2c-4d20-9bce-6c757364feab,Residential,R1968_1_1,2,400,200,200,400,0,19.2,513.94452,23.52504,556.66956,0,280844,302.8,212598.908,111.61128,213013.3193,-1500,2,-195,-5,0,-200,50,-20,-49,-1,0,-50,0,1,-2,-28,0,-30,25,-50,-1,-9,0,-10,0,1,2,8,0,10,10,30,1,1,0,2,-75,2,-40,0,0,-40,200,-50,0,0,-50,25,1,30,10,-50,-10,200,5,30,20,5,-50,-25
6554aeee-1cc1-47b5-985d-04ae50fe9c84,Residential,R498_1_1,2,400,200,200,400,0,19.2,513.94452,23.52504,556.66956,0,280844,302.8,212598.908,111.61128,213013.3193,-1500,2,-195,-5,0,-200,50,-20,-49,-1,0,-50,0,1,-2,-28,0,-30,25,-50,-1,-9,0,-10,0,1,2,8,0,10,10,30,1,1,0,2,-75,2,-40,0,0,-40,200,-50,0,0,-50,25,1,30,10,-50,-10,200,5,30,20,5,-50,-25
fb92663b-74af-473e-bbb5-54fdf35b7855,Residential,R1649_1_1,2,400,200,200,400,0,19.2,513.94452,23.52504,556.66956,0,280844,302.8,212598.908,111.61128,213013.3193,-1500,2,-195,-5,0,-200,50,-20,-49,-1,0,-50,0,1,-2,-28,0,-30,25,-50,-1,-9,0,-10,0,1,2,8,0,10,10,30,1,1,0,2,-75,2,-40,0,0,-40,200,-50,0,0,-50,25,1,30,10,-50,-10,200,5,30,20,5,-50,-25
078dd0e4-e739-4391-aa03-ac19296a11ef,Residential,R2040_1_1,2,400,200,200,400,0,19.2,513.94452,23.52504,556.66956,0,280844,302.8,212598.908,111.61128,213013.3193,-1500,2,-195,-5,0,-200,50,-20,-49,-1,0,-50,0,1,-2,-28,0,-30,25,-50,-1,-9,0,-10,0,1,2,8,0,10,10,30,1,1,0,2,-75,2,-40,0,0,-40,200,-50,0,0,-50,25,1,30,10,-50,-10,200,5,30,20,5,-50,-25
bebb5568-3136-4f9b-b6c7-69f5054a9fdc,Residential,R2164_1_1,2,400,200,200,400,0,19.2,513.94452,23.52504,556.66956,0,280844,302.8,212598.908,111.61128,213013.3193,-1500,2,-195,-5,0,-200,50,-20,-49,-1,0,-50,0,1,-2,-28,0,-30,25,-50,-1,-9,0,-10,0,1,2,8,0,10,10,30,1,1,0,2,-75,2,-40,0,0,-40,200,-50,0,0,-50,25,1,30,10,-50,-10,200,5,30,20,5,-50,-25
c1ddf191-eb7a-4150-9c2d-abe7b0bba11a,Residential,R580_1_1,2,400,200,200,400,0,19.2,513.94452,23.52504,556.66956,0,280844,302.8,212598.908,111.61128,213013.3193,-1500,2,-195,-5,0,-200,50,-20,-49,-1,0,-50,0,1,-2,-28,0,-30,25,-50,-1,-9,0,-10,0,1,2,8,0,10,10,30,1,1,0,2,-75,2,-40,0,0,-40,200,-50,0,0,-50,25,1,30,10,-50,-10,200,5,30,20,5,-50,-25
e8d5a9e9-399a-4820-b3bf-2ccabb7578b7,Residential,R462_1_1,2,400,200,200,400,0,19.2,513.94452,23.52504,556.66956,0,280844,302.8,212598.908,111.61128,213013.3193,-1500,2,-195,-5,0,-200,50,-20,-49,-1,0,-50,0,1,-2,-28,0,-30,25,-50,-1,-9,0,-10,0,1,2,8,0,10,10,30,1,1,0,2,-75,2,-40,0,0,-40,200,-50,0,0,-50,25,1,30,10,-50,-10,200,5,30,20,5,-50,-25
f8271bdd-a31c-44a6-8612-a1f901c1fce5,Residential,R91_1_1,2,400,200,200,400,0,19.2,513.94452,23.52504,556.66956,0,280844,302.8,212598.908,111.61128,213013.3193,-1500,2,-195,-5,0,-200,50,-20,-49,-1,0,-50,0,1,-2,-28,0,-30,25,-50,-1,-9,0,-10,0,1,2,8,0,10,10,30,1,1,0,2,-75,2,-40,0,0,-40,200,-50,0,0,-50,25,1,30,10,-50,-10,200,5,30,20,5,-50,-25
eace6598-f1c5-4b69-a14c-68c7d84df0b3,Residential,R1842_1_1,2,400,200,200,400,0,19.2,513.94452,23.52504,556.66956,0,280844,302.8,212598.908,111.61128,213013.3193,-1500,2,-195,-5,0,-200,50,-20,-49,-1,0,-50,0,1,-2,-28,0,-30,25,-50,-1,-9,0,-10,0,1,2,8,0,10,10,30,1,1,0,2,-75,2,-40,0,0,-40,200,-50,0,0,-50,25,1,30,10,-50,-10,200,5,30,20,5,-50,-25
5b33f5cd-2fe1-4df1-9e80-10e4bde7c8cf,Residential,R951_1_1,2,400,200,200,400,0,19.2,513.94452,23.52504,556.66956,0,280844,302.8,212598.908,111.61128,213013.3193,-1500,2,-195,-5,0,-200,50,-20,-49,-1,0,-50,0,1,-2,-28,0,-30,25,-50,-1,-9,0,-10,0,1,2,8,0,10,10,30,1,1,0,2,-75,2,-40,0,0,-40,200,-50,0,0,-50,25,1,30,10,-50,-10,200,5,30,20,5,-50,-25
61247cdf-7fcc-4475-b33b-7bf94f154966,Residential,R1580_1_1,2,400,200,200,400,0,19.2,513.94452,23.52504,556.66956,0,280844,302.8,212598.908,111.61128,213013.3193,-1500,2,-195,-5,0,-200,50,-20,-49,-1,0,-50,0,1,-2,-28,0,-30,25,-50,-1,-9,0,-10,0,1,2,8,0,10,10,30,1,1,0,2,-75,2,-40,0,0,-40,200,-50,0,0,-50,25,1,30,10,-50,-10,200,5,30,20,5,-50,-25
9748f07a-ae49-4afe-a348-bc347324fc12,Residential,R1896_1_1,2,400,200,200,400,0,19.2,513.94452,23.52504,556.66956,0,280844,302.8,212598.908,111.61128,213013.3193,-1500,2,-195,-5,0,-200,50,-20,-49,-1,0,-50,0,1,-2,-28,0,-30,25,-50,-1,-9,0,-10,0,1,2,8,0,10,10,30,1,1,0,2,-75,2,-40,0,0,-40,200,-50,0,0,-50,25,1,30,10,-50,-10,200,5,30,20,5,-50,-25
fd9a6303-e84b-4977-86e5-93d9f59bc1f4,Residential,R972_1_1,2,400,200,200,400,0,19.2,513.94452,23.52504,556.66956,0,280844,302.8,212598.908,111.61128,213013.3193,-1500,2,-195,-5,0,-200,50,-20,-49,-1,0,-50,0,1,-2,-28,0,-30,25,-50,-1,-9,0,-10,0,1,2,8,0,10,10,30,1,1,0,2,-75,2,-40,0,0,-40,200,-50,0,0,-50,25,1,30,10,-50,-10,200,5,30,20,5,-50,-25
63f4be93-087f-478d-bc46-e29192033eea,Residential,R540_1_1,2,400,200,200,400,0,19.2,513.94452,23.52504,556.66956,0,280844,302.8,212598.908,111.61128,213013.3193,-1500,2,-195,-5,0,-200,50,-20,-49,-1,0,-50,0,1,-2,-28,0,-30,25,-50,-1,-9,0,-10,0,1,2,8,0,10,10,30,1,1,0,2,-75,2,-40,0,0,-40,200,-50,0,0,-50,25,1,30,10,-50,-10,200,5,30,20,5,-50,-25
c17d71ac-745e-4927-a9d5-1e45ef0177ca,Residential,R713_1_1,2,400,200,200,400,0,19.2,513.94452,23.52504,556.66956,0,280844,302.8,212598.908,111.61128,213013.3193,-1500,2,-195,-5,0,-200,50,-20,-49,-1,0,-50,0,1,-2,-28,0,-30,25,-50,-1,-9,0,-10,0,1,2,8,0,10,10,30,1,1,0,2,-75,2,-40,0,0,-40,200,-50,0,0,-50,25,1,30,10,-50,-10,200,5,30,20,5,-50,-25
1dc6d40b-e0bf-4e82-81ab-74706786ee10,Residential,R484_1_1,2,400,200,200,400,0,19.2,513.94452,23.52504,556.66956,0,280844,302.8,212598.908,111.61128,213013.3193,-1500,2,-195,-5,0,-200,50,-20,-49,-1,0,-50,0,1,-2,-28,0,-30,25,-50,-1,-9,0,-10,0,1,2,8,0,10,10,30,1,1,0,2,-75,2,-40,0,0,-40,200,-50,0,0,-50,25,1,30,10,-50,-10,200,5,30,20,5,-50,-25
8b2a28b5-6878-416d-89b6-e199216294eb,Residential,R147_1_1,2,400,200,200,400,0,19.2,513.94452,23.52504,556.66956,0,280844,302.8,212598.908,111.61128,213013.3193,-1500,2,-195,-5,0,-200,50,-20,-49,-1,0,-50,0,1,-2,-28,0,-30,25,-50,-1,-9,0,-10,0,1,2,8,0,10,10,30,1,1,0,2,-75,2,-40,0,0,-40,200,-50,0,0,-50,25,1,30,10,-50,-10,200,5,30,20,5,-50,-25
05196c5b-6fdc-4786-9019-ce881e52d008,Residential,R1952_1_1,2,400,200,200,400,0,19.2,513.94452,23.52504,556.66956,0,280844,302.8,212598.908,111.61128,213013.3193,-1500,2,-195,-5,0,-200,50,-20,-49,-1,0,-50,0,1,-2,-28,0,-30,25,-50,-1,-9,0,-10,0,1,2,8,0,10,10,30,1,1,0,2,-75,2,-40,0,0,-40,200,-50,0,0,-50,25,1,30,10,-50,-10,200,5,30,20,5,-50,-25
37564a90-586b-45f9-be85-ef67a7a1b118,Residential,R1030_1_1,2,400,200,200,400,0,19.2,513.94452,23.52504,556.66956,0,280844,302.8,212598.908,111.61128,213013.3193,-1500,2,-195,-5,0,-200,50,-20,-49,-1,0,-50,0,1,-2,-28,0,-30,25,-50,-1,-9,0,-10,0,1,2,8,0,10,10,30,1,1,0,2,-75,2,-40,0,0,-40,200,-50,0,0,-50,25,1,30,10,-50,-10,200,5,30,20,5,-50,-25
08f4b2e3-5e80-49ce-9422-a86aaf19bedd,Residential,R1539_1_1,2,400,200,200,400,0,19.2,513.94452,23.52504,556.66956,0,280844,302.8,212598.908,111.61128,213013.3193,-1500,2,-195,-5,0,-200,50,-20,-49,-1,0,-50,0,1,-2,-28,0,-30,25,-50,-1,-9,0,-10,0,1,2,8,0,10,10,30,1,1,0,2,-75,2,-40,0,0,-40,200,-50,0,0,-50,25,1,30,10,-50,-10,200,5,30,20,5,-50,-25
470e9718-7b1e-4969-aa58-d4e508ad944e,Residential,R2132_1_1,2,400,200,200,400,0,19.2,513.94452,23.52504,556.66956,0,280844,302.8,212598.908,111.61128,213013.3193,-1500,2,-195,-5,0,-200,50,-20,-49,-1,0,-50,0,1,-2,-28,0,-30,25,-50,-1,-9,0,-10,0,1,2,8,0,10,10,30,1,1,0,2,-75,2,-40,0,0,-40,200,-50,0,0,-50,25,1,30,10,-50,-10,200,5,30,20,5,-50,-25
1f0f0570-4958-4ee0-8199-7107b1303d92,Residential,R470_1_1,2,400,200,200,400,0,19.2,513.94452,23.52504,556.66956,0,280844,302.8,212598.908,111.61128,213013.3193,-1500,2,-195,-5,0,-200,50,-20,-49,-1,0,-50,0,1,-2,-28,0,-30,25,-50,-1,-9,0,-10,0,1,2,8,0,10,10,30,1,1,0,2,-75,2,-40,0,0,-40,200,-50,0,0,-50,25,1,30,10,-50,-10,200,5,30,20,5,-50,-25
01edbb79-d807-4cb7-9522-c35ef335af2e,Residential,R1297_1_1,2,400,200,200,400,0,19.2,513.94452,23.52504,556.66956,0,280844,302.8,212598.908,111.61128,213013.3193,-1500,2,-195,-5,0,-200,50,-20,-49,-1,0,-50,0,1,-2,-28,0,-30,25,-50,-1,-9,0,-10,0,1,2,8,0,10,10,30,1,1,0,2,-75,2,-40,0,0,-40,200,-50,0,0,-50,25,1,30,10,-50,-10,200,5,30,20,5,-50,-25
7b07758c-3ddf-40d1-aa33-628d52ac9ebd,Residential,R1860_1_1,2,400,200,200,400,0,19.2,513.94452,23.52504,556.66956,0,280844,302.8,212598.908,111.61128,213013.3193,-1500,2,-195,-5,0,-200,50,-20,-49,-1,0,-50,0,1,-2,-28,0,-30,25,-50,-1,-9,0,-10,0,1,2,8,0,10,10,30,1,1,0,2,-75,2,-40,0,0,-40,200,-50,0,0,-50,25,1,30,10,-50,-10,200,5,30,20,5,-50,-25
91334f34-7877-44ba-975c-8a28aa6071ed,Residential,R1184_1_1,2,400,200,200,400,0,19.2,513.94452,23.52504,556.66956,0,280844,302.8,212598.908,111.61128,213013.3193,-1500,2,-195,-5,0,-200,50,-20,-49,-1,0,-50,0,1,-2,-28,0,-30,25,-50,-1,-9,0,-10,0,1,2,8,0,10,10,30,1,1,0,2,-75,2,-40,0,0,-40,200,-50,0,0,-50,25,1,30,10,-50,-10,200,5,30,20,5,-50,-25
3a8e051c-fd48-454f-a365-908e9aee2904,Residential,R1806_1_1,2,400,200,200,400,0,19.2,513.94452,23.52504,556.66956,0,280844,302.8,212598.908,111.61128,213013.3193,-1500,2,-195,-5,0,-200,50,-20,-49,-1,0,-50,0,1,-2,-28,0,-30,25,-50,-1,-9,0,-10,0,1,2,8,0,10,10,30,1,1,0,2,-75,2,-40,0,0,-40,200,-50,0,0,-50,25,1,30,10,-50,-10,200,5,30,20,5,-50,-25
7ec781cc-339e-4156-b6dc-813330870df2,Residential,R901_1_1,2,400,200,200,400,0,19.2,513.94452,23.52504,556.66956,0,280844,302.8,212598.908,111.61128,213013.3193,-1500,2,-195,-5,0,-200,50,-20,-49,-1,0,-50,0,1,-2,-28,0,-30,25,-50,-1,-9,0,-10,0,1,2,8,0,10,10,30,1,1,0,2,-75,2,-40,0,0,-40,200,-50,0,0,-50,25,1,30,10,-50,-10,200,5,30,20,5,-50,-25
a8d1a576-7b4a-4071-bba3-e0e00c4d6f02,Residential,R90_1_1,2,400,200,200,400,0,19.2,513.94452,23.52504,556.66956,0,280844,302.8,212598.908,111.61128,213013.3193,-1500,2,-195,-5,0,-200,50,-20,-49,-1,0,-50,0,1,-2,-28,0,-30,25,-50,-1,-9,0,-10,0,1,2,8,0,10,10,30,1,1,0,2,-75,2,-40,0,0,-40,200,-50,0,0,-50,25,1,30,10,-50,-10,200,5,30,20,5,-50,-25
124fb4da-7d46-4038-a216-aac157fd2fcb,Residential,R1620_1_1,2,400,200,200,400,0,19.2,513.94452,23.52504,556.66956,0,280844,302.8,212598.908,111.61128,213013.3193,-1500,2,-195,-5,0,-200,50,-20,-49,-1,0,-50,0,1,-2,-28,0,-30,25,-50,-1,-9,0,-10,0,1,2,8,0,10,10,30,1,1,0,2,-75,2,-40,0,0,-40,200,-50,0,0,-50,25,1,30,10,-50,-10,200,5,30,20,5,-50,-25
3c2f8ebc-cec0-4a27-8868-68c23ca68afe,Residential,R781_1_1,2,400,200,200,400,0,19.2,513.94452,23.52504,556.66956,0,280844,302.8,212598.908,111.61128,213013.3193,-1500,2,-195,-5,0,-200,50,-20,-49,-1,0,-50,0,1,-2,-28,0,-30,25,-50,-1,-9,0,-10,0,1,2,8,0,10,10,30,1,1,0,2,-75,2,-40,0,0,-40,200,-50,0,0,-50,25,1,30,10,-50,-10,200,5,30,20,5,-50,-25
019912af-9ea7-430e-80fb-4329c362fbc4,Residential,R1631_1_1,2,400,200,200,400,0,19.2,513.94452,23.52504,556.66956,0,280844,302.8,212598.908,111.61128,213013.3193,-1500,2,-195,-5,0,-200,50,-20,-49,-1,0,-50,0,1,-2,-28,0,-30,25,-50,-1,-9,0,-10,0,1,2,8,0,10,10,30,1,1,0,2,-75,2,-40,0,0,-40,200,-50,0,0,-50,25,1,30,10,-50,-10,200,5,30,20,5,-50,-25
da6832b3-f8c0-459b-89f1-a2e88b757a1a,Residential,R535_1_1,2,400,200,200,400,0,19.2,513.94452,23.52504,556.66956,0,280844,302.8,212598.908,111.61128,213013.3193,-1500,2,-195,-5,0,-200,50,-20,-49,-1,0,-50,0,1,-2,-28,0,-30,25,-50,-1,-9,0,-10,0,1,2,8,0,10,10,30,1,1,0,2,-75,2,-40,0,0,-40,200,-50,0,0,-50,25,1,30,10,-50,-10,200,5,30,20,5,-50,-25
dcb52199-6838-4bde-b660-e95d83e704c3,Residential,R1390_1_1,2,400,200,200,400,0,19.2,513.94452,23.52504,556.66956,0,280844,302.8,212598.908,111.61128,213013.3193,-1500,2,-195,-5,0,-200,50,-20,-49,-1,0,-50,0,1,-2,-28,0,-30,25,-50,-1,-9,0,-10,0,1,2,8,0,10,10,30,1,1,0,2,-75,2,-40,0,0,-40,200,-50,0,0,-50,25,1,30,10,-50,-10,200,5,30,20,5,-50,-25
1a71fca3-02b9-4ba9-8b5e-81c37c303379,Residential,R1821_1_1,2,400,200,200,400,0,19.2,513.94452,23.52504,556.66956,0,280844,302.8,212598.908,111.61128,213013.3193,-1500,2,-195,-5,0,-200,50,-20,-49,-1,0,-50,0,1,-2,-28,0,-30,25,-50,-1,-9,0,-10,0,1,2,8,0,10,10,30,1,1,0,2,-75,2,-40,0,0,-40,200,-50,0,0,-50,25,1,30,10,-50,-10,200,5,30,20,5,-50,-25
686bf31d-ed1d-4290-b128-91fc6390fdb6,Residential,R879_1_1,2,400,200,200,400,0,19.2,513.94452,23.52504,556.66956,0,280844,302.8,212598.908,111.61128,213013.3193,-1500,2,-195,-5,0,-200,50,-20,-49,-1,0,-50,0,1,-2,-28,0,-30,25,-50,-1,-9,0,-10,0,1,2,8,0,10,10,30,1,1,0,2,-75,2,-40,0,0,-40,200,-50,0,0,-50,25,1,30,10,-50,-10,200,5,30,20,5,-50,-25
4b8f9d50-ab95-42da-9516-affa8b30b60d,Residential,R365_1_1,2,400,200,200,400,0,19.2,513.94452,23.52504,556.66956,0,280844,302.8,212598.908,111.61128,213013.3193,-1500,2,-195,-5,0,-200,50,-20,-49,-1,0,-50,0,1,-2,-28,0,-30,25,-50,-1,-9,0,-10,0,1,2,8,0,10,10,30,1,1,0,2,-75,2,-40,0,0,-40,200,-50,0,0,-50,25,1,30,10,-50,-10,200,5,30,20,5,-50,-25
177648cf-d3ed-4044-b45b-5df9fe9e1f13,Residential,R2166_1_1,2,400,200,200,400,0,19.2,513.94452,23.52504,556.66956,0,280844,302.8,212598.908,111.61128,213013.3193,-1500,2,-195,-5,0,-200,50,-20,-49,-1,0,-50,0,1,-2,-28,0,-30,25,-50,-1,-9,0,-10,0,1,2,8,0,10,10,30,1,1,0,2,-75,2,-40,0,0,-40,200,-50,0,0,-50,25,1,30,10,-50,-10,200,5,30,20,5,-50,-25
7d872562-00d2-491c-9aae-8bf467536a86,Residential,R1958_1_1,2,400,200,200,400,0,19.2,513.94452,23.52504,556.66956,0,280844,302.8,212598.908,111.61128,213013.3193,-1500,2,-195,-5,0,-200,50,-20,-49,-1,0,-50,0,1,-2,-28,0,-30,25,-50,-1,-9,0,-10,0,1,2,8,0,10,10,30,1,1,0,2,-75,2,-40,0,0,-40,200,-50,0,0,-50,25,1,30,10,-50,-10,200,5,30,20,5,-50,-25
47f2a698-b8f4-46b4-b9fa-1e26f5db66a3,Residential,R1173_1_1,2,400,200,200,400,0,19.2,513.94452,23.52504,556.66956,0,280844,302.8,212598.908,111.61128,213013.3193,-1500,2,-195,-5,0,-200,50,-20,-49,-1,0,-50,0,1,-2,-28,0,-30,25,-50,-1,-9,0,-10,0,1,2,8,0,10,10,30,1,1,0,2,-75,2,-40,0,0,-40,200,-50,0,0,-50,25,1,30,10,-50,-10,200,5,30,20,5,-50,-25
a6749a91-aa49-48a3-9552-3abedaa52186,Residential,R811_1_1,2,400,200,200,400,0,19.2,513.94452,23.52504,556.66956,0,280844,302.8,212598.908,111.61128,213013.3193,-1500,2,-195,-5,0,-200,50,-20,-49,-1,0,-50,0,1,-2,-28,0,-30,25,-50,-1,-9,0,-10,0,1,2,8,0,10,10,30,1,1,0,2,-75,2,-40,0,0,-40,200,-50,0,0,-50,25,1,30,10,-50,-10,200,5,30,20,5,-50,-25
32f0b380-a66f-4958-8326-39a6d6c73e1f,Residential,R238_1_1,2,400,200,200,400,0,19.2,513.94452,23.52504,556.66956,0,280844,302.8,212598.908,111.61128,213013.3193,-1500,2,-195,-5,0,-200,50,-20,-49,-1,0,-50,0,1,-2,-28,0,-30,25,-50,-1,-9,0,-10,0,1,2,8,0,10,10,30,1,1,0,2,-75,2,-40,0,0,-40,200,-50,0,0,-50,25,1,30,10,-50,-10,200,5,30,20,5,-50,-25
d663cd9a-f303-4b7f-bf91-59702a4ee53c,Residential,R1234_1_1,2,400,200,200,400,0,19.2,513.94452,23.52504,556.66956,0,280844,302.8,212598.908,111.61128,213013.3193,-1500,2,-195,-5,0,-200,50,-20,-49,-1,0,-50,0,1,-2,-28,0,-30,25,-50,-1,-9,0,-10,0,1,2,8,0,10,10,30,1,1,0,2,-75,2,-40,0,0,-40,200,-50,0,0,-50,25,1,30,10,-50,-10,200,5,30,20,5,-50,-25
08584213-6610-4a79-9dc0-8ca379afe95f,Residential,R974_1_1,2,400,200,200,400,0,19.2,513.94452,23.52504,556.66956,0,280844,302.8,212598.908,111.61128,213013.3193,-1500,2,-195,-5,0,-200,50,-20,-49,-1,0,-50,0,1,-2,-28,0,-30,25,-50,-1,-9,0,-10,0,1,2,8,0,10,10,30,1,1,0,2,-75,2,-40,0,0,-40,200,-50,0,0,-50,25,1,30,10,-50,-10,200,5,30,20,5,-50,-25
d7bbb5b1-80da-412a-8558-e37ee430022a,Residential,R524_1_1,2,400,200,200,400,0,19.2,513.94452,23.52504,556.66956,0,280844,302.8,212598.908,111.61128,213013.3193,-1500,2,-195,-5,0,-200,50,-20,-49,-1,0,-50,0,1,-2,-28,0,-30,25,-50,-1,-9,0,-10,0,1,2,8,0,10,10,30,1,1,0,2,-75,2,-40,0,0,-40,200,-50,0,0,-50,25,1,30,10,-50,-10,200,5,30,20,5,-50,-25
a5df8a96-7dda-4502-ab63-badf20c308bd,Residential,R1083_1_1,2,400,200,200,400,0,19.2,513.94452,23.52504,556.66956,0,280844,302.8,212598.908,111.61128,213013.3193,-1500,2,-195,-5,0,-200,50,-20,-49,-1,0,-50,0,1,-2,-28,0,-30,25,-50,-1,-9,0,-10,0,1,2,8,0,10,10,30,1,1,0,2,-75,2,-40,0,0,-40,200,-50,0,0,-50,25,1,30,10,-50,-10,200,5,30,20,5,-50,-25
1e6b4c2a-d9c8-4575-aea6-8f9d1710c2f2,Residential,R1664_1_1,2,400,200,200,400,0,19.2,513.94452,23.52504,556.66956,0,280844,302.8,212598.908,111.61128,213013.3193,-1500,2,-195,-5,0,-200,50,-20,-49,-1,0,-50,0,1,-2,-28,0,-30,25,-50,-1,-9,0,-10,0,1,2,8,0,10,10,30,1,1,0,2,-75,2,-40,0,0,-40,200,-50,0,0,-50,25,1,30,10,-50,-10,200,5,30,20,5,-50,-25
e6ec4111-b58d-4205-98c3-669f5527cc40,Residential,R153_1_1,2,400,200,200,400,0,19.2,513.94452,23.52504,556.66956,0,280844,302.8,212598.908,111.61128,213013.3193,-1500,2,-195,-5,0,-200,50,-20,-49,-1,0,-50,0,1,-2,-28,0,-30,25,-50,-1,-9,0,-10,0,1,2,8,0,10,10,30,1,1,0,2,-75,2,-40,0,0,-40,200,-50,0,0,-50,25,1,30,10,-50,-10,200,5,30,20,5,-50,-25
757dd89a-f6f1-41c5-b05a-60de23c58b1f,Residential,R27_1_1,2,400,200,200,400,0,19.2,513.94452,23.52504,556.66956,0,280844,302.8,212598.908,111.61128,213013.3193,-1500,2,-195,-5,0,-200,50,-20,-49,-1,0,-50,0,1,-2,-28,0,-30,25,-50,-1,-9,0,-10,0,1,2,8,0,10,10,30,1,1,0,2,-75,2,-40,0,0,-40,200,-50,0,0,-50,25,1,30,10,-50,-10,200,5,30,20,5,-50,-25
801c38be-e380-4cdc-93ce-6be68954b7d9,Residential,R1163_1_1,2,400,200,200,400,0,19.2,513.94452,23.52504,556.66956,0,280844,302.8,212598.908,111.61128,213013.3193,-1500,2,-195,-5,0,-200,50,-20,-49,-1,0,-50,0,1,-2,-28,0,-30,25,-50,-1,-9,0,-10,0,1,2,8,0,10,10,30,1,1,0,2,-75,2,-40,0,0,-40,200,-50,0,0,-50,25,1,30,10,-50,-10,200,5,30,20,5,-50,-25
407da2fa-0c91-408d-9faf-7808abdb4aa8,Residential,R1423_1_1,2,400,200,200,400,0,19.2,513.94452,23.52504,556.66956,0,280844,302.8,212598.908,111.61128,213013.3193,-1500,2,-195,-5,0,-200,50,-20,-49,-1,0,-50,0,1,-2,-28,0,-30,25,-50,-1,-9,0,-10,0,1,2,8,0,10,10,30,1,1,0,2,-75,2,-40,0,0,-40,200,-50,0,0,-50,25,1,30,10,-50,-10,200,5,30,20,5,-50,-25
11a0f95f-db13-4c43-8794-b20f9d67b797,Residential,R1538_1_1,2,400,200,200,400,0,19.2,513.94452,23.52504,556.66956,0,280844,302.8,212598.908,111.61128,213013.3193,-1500,2,-195,-5,0,-200,50,-20,-49,-1,0,-50,0,1,-2,-28,0,-30,25,-50,-1,-9,0,-10,0,1,2,8,0,10,10,30,1,1,0,2,-75,2,-40,0,0,-40,200,-50,0,0,-50,25,1,30,10,-50,-10,200,5,30,20,5,-50,-25
9c52e79a-1c0b-4ac1-96c0-c048b702920c,Residential,R1475_1_1,2,400,200,200,400,0,19.2,513.94452,23.52504,556.66956,0,280844,302.8,212598.908,111.61128,213013.3193,-1500,2,-195,-5,0,-200,50,-20,-49,-1,0,-50,0,1,-2,-28,0,-30,25,-50,-1,-9,0,-10,0,1,2,8,0,10,10,30,1,1,0,2,-75,2,-40,0,0,-40,200,-50,0,0,-50,25,1,30,10,-50,-10,200,5,30,20,5,-50,-25
c2cb84aa-c9c7-4e86-9caa-0592e756a0cb,Residential,R1847_1_1,2,400,200,200,400,0,19.2,513.94452,23.52504,556.66956,0,280844,302.8,212598.908,111.61128,213013.3193,-1500,2,-195,-5,0,-200,50,-20,-49,-1,0,-50,0,1,-2,-28,0,-30,25,-50,-1,-9,0,-10,0,1,2,8,0,10,10,30,1,1,0,2,-75,2,-40,0,0,-40,200,-50,0,0,-50,25,1,30,10,-50,-10,200,5,30,20,5,-50,-25
17c0026c-928b-4bac-8bdc-e70ab9fbf01c,Residential,R619_1_1,2,400,200,200,400,0,19.2,513.94452,23.52504,556.66956,0,280844,302.8,212598.908,111.61128,213013.3193,-1500,2,-195,-5,0,-200,50,-20,-49,-1,0,-50,0,1,-2,-28,0,-30,25,-50,-1,-9,0,-10,0,1,2,8,0,10,10,30,1,1,0,2,-75,2,-40,0,0,-40,200,-50,0,0,-50,25,1,30,10,-50,-10,200,5,30,20,5,-50,-25
e67533ca-c928-41e7-a68a-3c3951d66798,Residential,R217_1_1,2,400,200,200,400,0,19.2,513.94452,23.52504,556.66956,0,280844,302.8,212598.908,111.61128,213013.3193,-1500,2,-195,-5,0,-200,50,-20,-49,-1,0,-50,0,1,-2,-28,0,-30,25,-50,-1,-9,0,-10,0,1,2,8,0,10,10,30,1,1,0,2,-75,2,-40,0,0,-40,200,-50,0,0,-50,25,1,30,10,-50,-10,200,5,30,20,5,-50,-25
e732c2bd-87f3-4aef-afcc-d7238f9c11be,Residential,R1708_1_1,2,400,200,200,400,0,19.2,513.94452,23.52504,556.66956,0,280844,302.8,212598.908,111.61128,213013.3193,-1500,2,-195,-5,0,-200,50,-20,-49,-1,0,-50,0,1,-2,-28,0,-30,25,-50,-1,-9,0,-10,0,1,2,8,0,10,10,30,1,1,0,2,-75,2,-40,0,0,-40,200,-50,0,0,-50,25,1,30,10,-50,-10,200,5,30,20,5,-50,-25
99136003-3306-47f4-834c-d500957044f9,Residential,R756_1_1,2,400,200,200,400,0,19.2,513.94452,23.52504,556.66956,0,280844,302.8,212598.908,111.61128,213013.3193,-1500,2,-195,-5,0,-200,50,-20,-49,-1,0,-50,0,1,-2,-28,0,-30,25,-50,-1,-9,0,-10,0,1,2,8,0,10,10,30,1,1,0,2,-75,2,-40,0,0,-40,200,-50,0,0,-50,25,1,30,10,-50,-10,200,5,30,20,5,-50,-25
721ea69a-a422-4018-a1b5-c35438c22135,Residential,R1496_1_1,2,400,200,200,400,0,19.2,513.94452,23.52504,556.66956,0,280844,302.8,212598.908,111.61128,213013.3193,-1500,2,-195,-5,0,-200,50,-20,-49,-1,0,-50,0,1,-2,-28,0,-30,25,-50,-1,-9,0,-10,0,1,2,8,0,10,10,30,1,1,0,2,-75,2,-40,0,0,-40,200,-50,0,0,-50,25,1,30,10,-50,-10,200,5,30,20,5,-50,-25
a86b3b61-f78b-4537-88b9-612bd566151a,Residential,R46_1_1,2,400,200,200,400,0,19.2,513.94452,23.52504,556.66956,0,280844,302.8,212598.908,111.61128,213013.3193,-1500,2,-195,-5,0,-200,50,-20,-49,-1,0,-50,0,1,-2,-28,0,-30,25,-50,-1,-9,0,-10,0,1,2,8,0,10,10,30,1,1,0,2,-75,2,-40,0,0,-40,200,-50,0,0,-50,25,1,30,10,-50,-10,200,5,30,20,5,-50,-25
b9ae96b3-07d0-4c7c-8811-15763b9ded88,Residential,R925_1_1,2,400,200,200,400,0,19.2,513.94452,23.52504,556.66956,0,280844,302.8,212598.908,111.61128,213013.3193,-1500,2,-195,-5,0,-200,50,-20,-49,-1,0,-50,0,1,-2,-28,0,-30,25,-50,-1,-9,0,-10,0,1,2,8,0,10,10,30,1,1,0,2,-75,2,-40,0,0,-40,200,-50,0,0,-50,25,1,30,10,-50,-10,200,5,30,20,5,-50,-25
1d3f387a-2453-4ced-9dbe-7c98c391ffb8,Residential,R347_1_1,2,400,200,200,400,0,19.2,513.94452,23.52504,556.66956,0,280844,302.8,212598.908,111.61128,213013.3193,-1500,2,-195,-5,0,-200,50,-20,-49,-1,0,-50,0,1,-2,-28,0,-30,25,-50,-1,-9,0,-10,0,1,2,8,0,10,10,30,1,1,0,2,-75,2,-40,0,0,-40,200,-50,0,0,-50,25,1,30,10,-50,-10,200,5,30,20,5,-50,-25
24555a43-b7d5-47a3-a337-7f88b4da2988,Residential,R757_1_1,2,400,200,200,400,0,19.2,513.94452,23.52504,556.66956,0,280844,302.8,212598.908,111.61128,213013.3193,-1500,2,-195,-5,0,-200,50,-20,-49,-1,0,-50,0,1,-2,-28,0,-30,25,-50,-1,-9,0,-10,0,1,2,8,0,10,10,30,1,1,0,2,-75,2,-40,0,0,-40,200,-50,0,0,-50,25,1,30,10,-50,-10,200,5,30,20,5,-50,-25
355ccb48-b0a6-425d-ab4e-93a4c3608a63,Residential,R1155_1_1,2,400,200,200,400,0,19.2,513.94452,23.52504,556.66956,0,280844,302.8,212598.908,111.61128,213013.3193,-1500,2,-195,-5,0,-200,50,-20,-49,-1,0,-50,0,1,-2,-28,0,-30,25,-50,-1,-9,0,-10,0,1,2,8,0,10,10,30,1,1,0,2,-75,2,-40,0,0,-40,200,-50,0,0,-50,25,1,30,10,-50,-10,200,5,30,20,5,-50,-25
ef7d3871-db5b-473f-a441-26d2f3701f18,Residential,R828_1_1,2,400,200,200,400,0,19.2,513.94452,23.52504,556.66956,0,280844,302.8,212598.908,111.61128,213013.3193,-1500,2,-195,-5,0,-200,50,-20,-49,-1,0,-50,0,1,-2,-28,0,-30,25,-50,-1,-9,0,-10,0,1,2,8,0,10,10,30,1,1,0,2,-75,2,-40,0,0,-40,200,-50,0,0,-50,25,1,30,10,-50,-10,200,5,30,20,5,-50,-25
563b75b5-0e55-4c0b-ab44-98e12e70d0ab,Residential,R970_1_1,2,400,200,200,400,0,19.2,513.94452,23.52504,556.66956,0,280844,302.8,212598.908,111.61128,213013.3193,-1500,2,-195,-5,0,-200,50,-20,-49,-1,0,-50,0,1,-2,-28,0,-30,25,-50,-1,-9,0,-10,0,1,2,8,0,10,10,30,1,1,0,2,-75,2,-40,0,0,-40,200,-50,0,0,-50,25,1,30,10,-50,-10,200,5,30,20,5,-50,-25
61fda111-a7a6-4988-a78a-97e49e72a4ea,Residential,R405_1_1,2,400,200,200,400,0,19.2,513.94452,23.52504,556.66956,0,280844,302.8,212598.908,111.61128,213013.3193,-1500,2,-195,-5,0,-200,50,-20,-49,-1,0,-50,0,1,-2,-28,0,-30,25,-50,-1,-9,0,-10,0,1,2,8,0,10,10,30,1,1,0,2,-75,2,-40,0,0,-40,200,-50,0,0,-50,25,1,30,10,-50,-10,200,5,30,20,5,-50,-25
fd13ce94-f7af-44e7-a20c-000419b078bc,Residential,R1405_1_1,2,400,200,200,400,0,19.2,513.94452,23.52504,556.66956,0,280844,302.8,212598.908,111.61128,213013.3193,-1500,2,-195,-5,0,-200,50,-20,-49,-1,0,-50,0,1,-2,-28,0,-30,25,-50,-1,-9,0,-10,0,1,2,8,0,10,10,30,1,1,0,2,-75,2,-40,0,0,-40,200,-50,0,0,-50,25,1,30,10,-50,-10,200,5,30,20,5,-50,-25
ecc0820a-c1b5-4ba8-931f-33b10f2e844d,Residential,R1587_1_1,2,400,200,200,400,0,19.2,513.94452,23.52504,556.66956,0,280844,302.8,212598.908,111.61128,213013.3193,-1500,2,-195,-5,0,-200,50,-20,-49,-1,0,-50,0,1,-2,-28,0,-30,25,-50,-1,-9,0,-10,0,1,2,8,0,10,10,30,1,1,0,2,-75,2,-40,0,0,-40,200,-50,0,0,-50,25,1,30,10,-50,-10,200,5,30,20,5,-50,-25
7b529a24-6e44-4932-aa0c-e7ca7756ff50,Residential,R634_1_1,2,400,200,200,400,0,19.2,513.94452,23.52504,556.66956,0,280844,302.8,212598.908,111.61128,213013.3193,-1500,2,-195,-5,0,-200,50,-20,-49,-1,0,-50,0,1,-2,-28,0,-30,25,-50,-1,-9,0,-10,0,1,2,8,0,10,10,30,1,1,0,2,-75,2,-40,0,0,-40,200,-50,0,0,-50,25,1,30,10,-50,-10,200,5,30,20,5,-50,-25
04d376e5-a565-4c56-b7e2-aec5b7e61baa,Residential,R274_1_1,2,400,200,200,400,0,19.2,513.94452,23.52504,556.66956,0,280844,302.8,212598.908,111.61128,213013.3193,-1500,2,-195,-5,0,-200,50,-20,-49,-1,0,-50,0,1,-2,-28,0,-30,25,-50,-1,-9,0,-10,0,1,2,8,0,10,10,30,1,1,0,2,-75,2,-40,0,0,-40,200,-50,0,0,-50,25,1,30,10,-50,-10,200,5,30,20,5,-50,-25
5973a1c2-449c-4d51-be15-bce79bee66bd,Residential,R1302_1_1,2,400,200,200,400,0,19.2,513.94452,23.52504,556.66956,0,280844,302.8,212598.908,111.61128,213013.3193,-1500,2,-195,-5,0,-200,50,-20,-49,-1,0,-50,0,1,-2,-28,0,-30,25,-50,-1,-9,0,-10,0,1,2,8,0,10,10,30,1,1,0,2,-75,2,-40,0,0,-40,200,-50,0,0,-50,25,1,30,10,-50,-10,200,5,30,20,5,-50,-25
97d7a16d-7ab1-4044-a48d-0ed0bc98411d,Residential,R1810_1_1,2,400,200,200,400,0,19.2,513.94452,23.52504,556.66956,0,280844,302.8,212598.908,111.61128,213013.3193,-1500,2,-195,-5,0,-200,50,-20,-49,-1,0,-50,0,1,-2,-28,0,-30,25,-50,-1,-9,0,-10,0,1,2,8,0,10,10,30,1,1,0,2,-75,2,-40,0,0,-40,200,-50,0,0,-50,25,1,30,10,-50,-10,200,5,30,20,5,-50,-25
a1b609cd-61cf-4093-954c-88977697c6c5,Residential,R617_1_1,2,400,200,200,400,0,19.2,513.94452,23.52504,556.66956,0,280844,302.8,212598.908,111.61128,213013.3193,-1500,2,-195,-5,0,-200,50,-20,-49,-1,0,-50,0,1,-2,-28,0,-30,25,-50,-1,-9,0,-10,0,1,2,8,0,10,10,30,1,1,0,2,-75,2,-40,0,0,-40,200,-50,0,0,-50,25,1,30,10,-50,-10,200,5,30,20,5,-50,-25
d68a6297-f71d-44b1-b2bb-7fd1e0ff4838,Residential,R1584_1_1,2,400,200,200,400,0,19.2,513.94452,23.52504,556.66956,0,280844,302.8,212598.908,111.61128,213013.3193,-1500,2,-195,-5,0,-200,50,-20,-49,-1,0,-50,0,1,-2,-28,0,-30,25,-50,-1,-9,0,-10,0,1,2,8,0,10,10,30,1,1,0,2,-75,2,-40,0,0,-40,200,-50,0,0,-50,25,1,30,10,-50,-10,200,5,30,20,5,-50,-25
f835a6dc-e5e5-408f-8395-dc3bb9d90b45,Residential,R1149_1_1,2,400,200,200,400,0,19.2,513.94452,23.52504,556.66956,0,280844,302.8,212598.908,111.61128,213013.3193,-1500,2,-195,-5,0,-200,50,-20,-49,-1,0,-50,0,1,-2,-28,0,-30,25,-50,-1,-9,0,-10,0,1,2,8,0,10,10,30,1,1,0,2,-75,2,-40,0,0,-40,200,-50,0,0,-50,25,1,30,10,-50,-10,200,5,30,20,5,-50,-25
c2034e61-0910-48c5-834d-e22f428fd1fa,Residential,R1218_1_1,2,400,200,200,400,0,19.2,513.94452,23.52504,556.66956,0,280844,302.8,212598.908,111.61128,213013.3193,-1500,2,-195,-5,0,-200,50,-20,-49,-1,0,-50,0,1,-2,-28,0,-30,25,-50,-1,-9,0,-10,0,1,2,8,0,10,10,30,1,1,0,2,-75,2,-40,0,0,-40,200,-50,0,0,-50,25,1,30,10,-50,-10,200,5,30,20,5,-50,-25
0a14e9ba-bbb9-4986-9095-6b093d6e957f,Residential,R2162_1_1,2,400,200,200,400,0,19.2,513.94452,23.52504,556.66956,0,280844,302.8,212598.908,111.61128,213013.3193,-1500,2,-195,-5,0,-200,50,-20,-49,-1,0,-50,0,1,-2,-28,0,-30,25,-50,-1,-9,0,-10,0,1,2,8,0,10,10,30,1,1,0,2,-75,2,-40,0,0,-40,200,-50,0,0,-50,25,1,30,10,-50,-10,200,5,30,20,5,-50,-25
f0c278cc-1e23-4281-8e47-62e9d7d5a8e7,Residential,R1940_1_1,2,400,200,200,400,0,19.2,513.94452,23.52504,556.66956,0,280844,302.8,212598.908,111.61128,213013.3193,-1500,2,-195,-5,0,-200,50,-20,-49,-1,0,-50,0,1,-2,-28,0,-30,25,-50,-1,-9,0,-10,0,1,2,8,0,10,10,30,1,1,0,2,-75,2,-40,0,0,-40,200,-50,0,0,-50,25,1,30,10,-50,-10,200,5,30,20,5,-50,-25
54662547-6800-432c-9350-fd9c04355027,Residential,R1744_1_1,2,400,200,200,400,0,19.2,513.94452,23.52504,556.66956,0,280844,302.8,212598.908,111.61128,213013.3193,-1500,2,-195,-5,0,-200,50,-20,-49,-1,0,-50,0,1,-2,-28,0,-30,25,-50,-1,-9,0,-10,0,1,2,8,0,10,10,30,1,1,0,2,-75,2,-40,0,0,-40,200,-50,0,0,-50,25,1,30,10,-50,-10,200,5,30,20,5,-50,-25
840d05d6-a246-4ed7-9613-57cdb665c0fe,Residential,R1991_1_1,2,400,200,200,400,0,19.2,513.94452,23.52504,556.66956,0,280844,302.8,212598.908,111.61128,213013.3193,-1500,2,-195,-5,0,-200,50,-20,-49,-1,0,-50,0,1,-2,-28,0,-30,25,-50,-1,-9,0,-10,0,1,2,8,0,10,10,30,1,1,0,2,-75,2,-40,0,0,-40,200,-50,0,0,-50,25,1,30,10,-50,-10,200,5,30,20,5,-50,-25
2a0fd4bd-849b-4c1e-b917-be91f0c572af,Residential,R615_1_1,2,400,200,200,400,0,19.2,513.94452,23.52504,556.66956,0,280844,302.8,212598.908,111.61128,213013.3193,-1500,2,-195,-5,0,-200,50,-20,-49,-1,0,-50,0,1,-2,-28,0,-30,25,-50,-1,-9,0,-10,0,1,2,8,0,10,10,30,1,1,0,2,-75,2,-40,0,0,-40,200,-50,0,0,-50,25,1,30,10,-50,-10,200,5,30,20,5,-50,-25
be33e3c7-981f-47c3-9026-d887be9942fc,Residential,R1543_1_1,2,400,200,200,400,0,19.2,513.94452,23.52504,556.66956,0,280844,302.8,212598.908,111.61128,213013.3193,-1500,2,-195,-5,0,-200,50,-20,-49,-1,0,-50,0,1,-2,-28,0,-30,25,-50,-1,-9,0,-10,0,1,2,8,0,10,10,30,1,1,0,2,-75,2,-40,0,0,-40,200,-50,0,0,-50,25,1,30,10,-50,-10,200,5,30,20,5,-50,-25
3f4d647b-e814-4427-b5ae-07c16ca4b683,Residential,R1645_1_1,2,400,200,200,400,0,19.2,513.94452,23.52504,556.66956,0,280844,302.8,212598.908,111.61128,213013.3193,-1500,2,-195,-5,0,-200,50,-20,-49,-1,0,-50,0,1,-2,-28,0,-30,25,-50,-1,-9,0,-10,0,1,2,8,0,10,10,30,1,1,0,2,-75,2,-40,0,0,-40,200,-50,0,0,-50,25,1,30,10,-50,-10,200,5,30,20,5,-50,-25
dc951f8f-74a0-4eb7-a172-d627c187aa54,Residential,R267_1_1,2,400,200,200,400,0,19.2,513.94452,23.52504,556.66956,0,280844,302.8,212598.908,111.61128,213013.3193,-1500,2,-195,-5,0,-200,50,-20,-49,-1,0,-50,0,1,-2,-28,0,-30,25,-50,-1,-9,0,-10,0,1,2,8,0,10,10,30,1,1,0,2,-75,2,-40,0,0,-40,200,-50,0,0,-50,25,1,30,10,-50,-10,200,5,30,20,5,-50,-25
f0f853a5-55f1-4d58-8cca-edd81bcb431a,Residential,R1152_1_1,2,400,200,200,400,0,19.2,513.94452,23.52504,556.66956,0,280844,302.8,212598.908,111.61128,213013.3193,-1500,2,-195,-5,0,-200,50,-20,-49,-1,0,-50,0,1,-2,-28,0,-30,25,-50,-1,-9,0,-10,0,1,2,8,0,10,10,30,1,1,0,2,-75,2,-40,0,0,-40,200,-50,0,0,-50,25,1,30,10,-50,-10,200,5,30,20,5,-50,-25
7dff6818-b3ae-437b-8e7c-d1363057ba91,Residential,R298_1_1,2,400,200,200,400,0,19.2,513.94452,23.52504,556.66956,0,280844,302.8,212598.908,111.61128,213013.3193,-1500,2,-195,-5,0,-200,50,-20,-49,-1,0,-50,0,1,-2,-28,0,-30,25,-50,-1,-9,0,-10,0,1,2,8,0,10,10,30,1,1,0,2,-75,2,-40,0,0,-40,200,-50,0,0,-50,25,1,30,10,-50,-10,200,5,30,20,5,-50,-25
88206bfe-6f2c-4b6c-9623-e54870f4e743,Residential,R67_1_1,2,400,200,200,400,0,19.2,513.94452,23.52504,556.66956,0,280844,302.8,212598.908,111.61128,213013.3193,-1500,2,-195,-5,0,-200,50,-20,-49,-1,0,-50,0,1,-2,-28,0,-30,25,-50,-1,-9,0,-10,0,1,2,8,0,10,10,30,1,1,0,2,-75,2,-40,0,0,-40,200,-50,0,0,-50,25,1,30,10,-50,-10,200,5,30,20,5,-50,-25
34c316f9-d28d-4408-bd05-766c8ef862ac,Residential,R944_1_1,2,400,200,200,400,0,19.2,513.94452,23.52504,556.66956,0,280844,302.8,212598.908,111.61128,213013.3193,-1500,2,-195,-5,0,-200,50,-20,-49,-1,0,-50,0,1,-2,-28,0,-30,25,-50,-1,-9,0,-10,0,1,2,8,0,10,10,30,1,1,0,2,-75,2,-40,0,0,-40,200,-50,0,0,-50,25,1,30,10,-50,-10,200,5,30,20,5,-50,-25
f2222d18-6446-4b82-9f36-ba1e5e2a9a0e,Residential,R1579_1_1,2,400,200,200,400,0,19.2,513.94452,23.52504,556.66956,0,280844,302.8,212598.908,111.61128,213013.3193,-1500,2,-195,-5,0,-200,50,-20,-49,-1,0,-50,0,1,-2,-28,0,-30,25,-50,-1,-9,0,-10,0,1,2,8,0,10,10,30,1,1,0,2,-75,2,-40,0,0,-40,200,-50,0,0,-50,25,1,30,10,-50,-10,200,5,30,20,5,-50,-25
a589c10d-b58b-4679-842f-00d304dbd53c,Residential,R1388_1_1,2,400,200,200,400,0,19.2,513.94452,23.52504,556.66956,0,280844,302.8,212598.908,111.61128,213013.3193,-1500,2,-195,-5,0,-200,50,-20,-49,-1,0,-50,0,1,-2,-28,0,-30,25,-50,-1,-9,0,-10,0,1,2,8,0,10,10,30,1,1,0,2,-75,2,-40,0,0,-40,200,-50,0,0,-50,25,1,30,10,-50,-10,200,5,30,20,5,-50,-25
7c4cf235-2d63-443d-bba9-fd07bdef8b2e,Residential,R984_1_1,2,400,200,200,400,0,19.2,513.94452,23.52504,556.66956,0,280844,302.8,212598.908,111.61128,213013.3193,-1500,2,-195,-5,0,-200,50,-20,-49,-1,0,-50,0,1,-2,-28,0,-30,25,-50,-1,-9,0,-10,0,1,2,8,0,10,10,30,1,1,0,2,-75,2,-40,0,0,-40,200,-50,0,0,-50,25,1,30,10,-50,-10,200,5,30,20,5,-50,-25
b54bf09b-be01-4827-99d5-e66fe8104aac,Residential,R210_1_1,2,400,200,200,400,0,19.2,513.94452,23.52504,556.66956,0,280844,302.8,212598.908,111.61128,213013.3193,-1500,2,-195,-5,0,-200,50,-20,-49,-1,0,-50,0,1,-2,-28,0,-30,25,-50,-1,-9,0,-10,0,1,2,8,0,10,10,30,1,1,0,2,-75,2,-40,0,0,-40,200,-50,0,0,-50,25,1,30,10,-50,-10,200,5,30,20,5,-50,-25
96dc429f-ef9a-46f6-bcd2-14386259c63c,Residential,R1923_1_1,2,400,200,200,400,0,19.2,513.94452,23.52504,556.66956,0,280844,302.8,212598.908,111.61128,213013.3193,-1500,2,-195,-5,0,-200,50,-20,-49,-1,0,-50,0,1,-2,-28,0,-30,25,-50,-1,-9,0,-10,0,1,2,8,0,10,10,30,1,1,0,2,-75,2,-40,0,0,-40,200,-50,0,0,-50,25,1,30,10,-50,-10,200,5,30,20,5,-50,-25
fe9f7912-3e99-42e0-83d8-ac2d88cae770,Residential,R567_1_1,2,400,200,200,400,0,19.2,513.94452,23.52504,556.66956,0,280844,302.8,212598.908,111.61128,213013.3193,-1500,2,-195,-5,0,-200,50,-20,-49,-1,0,-50,0,1,-2,-28,0,-30,25,-50,-1,-9,0,-10,0,1,2,8,0,10,10,30,1,1,0,2,-75,2,-40,0,0,-40,200,-50,0,0,-50,25,1,30,10,-50,-10,200,5,30,20,5,-50,-25
8b3fce97-b100-4f90-a61b-0846b2415d19,Residential,R593_1_1,2,400,200,200,400,0,19.2,513.94452,23.52504,556.66956,0,280844,302.8,212598.908,111.61128,213013.3193,-1500,2,-195,-5,0,-200,50,-20,-49,-1,0,-50,0,1,-2,-28,0,-30,25,-50,-1,-9,0,-10,0,1,2,8,0,10,10,30,1,1,0,2,-75,2,-40,0,0,-40,200,-50,0,0,-50,25,1,30,10,-50,-10,200,5,30,20,5,-50,-25
8e8a6895-0e3c-448d-800d-6e310de72d63,Residential,R1606_1_1,2,400,200,200,400,0,19.2,513.94452,23.52504,556.66956,0,280844,302.8,212598.908,111.61128,213013.3193,-1500,2,-195,-5,0,-200,50,-20,-49,-1,0,-50,0,1,-2,-28,0,-30,25,-50,-1,-9,0,-10,0,1,2,8,0,10,10,30,1,1,0,2,-75,2,-40,0,0,-40,200,-50,0,0,-50,25,1,30,10,-50,-10,200,5,30,20,5,-50,-25
4396960b-ee63-4e5c-8383-1b62abea0fbe,Residential,R609_1_1,2,400,200,200,400,0,19.2,513.94452,23.52504,556.66956,0,280844,302.8,212598.908,111.61128,213013.3193,-1500,2,-195,-5,0,-200,50,-20,-49,-1,0,-50,0,1,-2,-28,0,-30,25,-50,-1,-9,0,-10,0,1,2,8,0,10,10,30,1,1,0,2,-75,2,-40,0,0,-40,200,-50,0,0,-50,25,1,30,10,-50,-10,200,5,30,20,5,-50,-25
0314a59a-267d-417d-90a7-a85effcc94c3,Residential,R1440_1_1,2,400,200,200,400,0,19.2,513.94452,23.52504,556.66956,0,280844,302.8,212598.908,111.61128,213013.3193,-1500,2,-195,-5,0,-200,50,-20,-49,-1,0,-50,0,1,-2,-28,0,-30,25,-50,-1,-9,0,-10,0,1,2,8,0,10,10,30,1,1,0,2,-75,2,-40,0,0,-40,200,-50,0,0,-50,25,1,30,10,-50,-10,200,5,30,20,5,-50,-25
9ab55b68-1544-423d-a6c8-793a082737db,Residential,R2105_1_1,2,400,200,200,400,0,19.2,513.94452,23.52504,556.66956,0,280844,302.8,212598.908,111.61128,213013.3193,-1500,2,-195,-5,0,-200,50,-20,-49,-1,0,-50,0,1,-2,-28,0,-30,25,-50,-1,-9,0,-10,0,1,2,8,0,10,10,30,1,1,0,2,-75,2,-40,0,0,-40,200,-50,0,0,-50,25,1,30,10,-50,-10,200,5,30,20,5,-50,-25
a14ae311-d227-4670-ab1f-a3fddbb51749,Residential,R174_1_1,2,400,200,200,400,0,19.2,513.94452,23.52504,556.66956,0,280844,302.8,212598.908,111.61128,213013.3193,-1500,2,-195,-5,0,-200,50,-20,-49,-1,0,-50,0,1,-2,-28,0,-30,25,-50,-1,-9,0,-10,0,1,2,8,0,10,10,30,1,1,0,2,-75,2,-40,0,0,-40,200,-50,0,0,-50,25,1,30,10,-50,-10,200,5,30,20,5,-50,-25
7e26a25a-d254-42eb-b012-7dc72ed587f1,Residential,R546_1_1,2,400,200,200,400,0,19.2,513.94452,23.52504,556.66956,0,280844,302.8,212598.908,111.61128,213013.3193,-1500,2,-195,-5,0,-200,50,-20,-49,-1,0,-50,0,1,-2,-28,0,-30,25,-50,-1,-9,0,-10,0,1,2,8,0,10,10,30,1,1,0,2,-75,2,-40,0,0,-40,200,-50,0,0,-50,25,1,30,10,-50,-10,200,5,30,20,5,-50,-25
ef813230-f508-48d1-b2fa-d156784a5090,Residential,R750_1_1,2,400,200,200,400,0,19.2,513.94452,23.52504,556.66956,0,280844,302.8,212598.908,111.61128,213013.3193,-1500,2,-195,-5,0,-200,50,-20,-49,-1,0,-50,0,1,-2,-28,0,-30,25,-50,-1,-9,0,-10,0,1,2,8,0,10,10,30,1,1,0,2,-75,2,-40,0,0,-40,200,-50,0,0,-50,25,1,30,10,-50,-10,200,5,30,20,5,-50,-25
f2d0f3e1-0836-4ff8-b152-928376c49498,Residential,R1856_1_1,2,400,200,200,400,0,19.2,513.94452,23.52504,556.66956,0,280844,302.8,212598.908,111.61128,213013.3193,-1500,2,-195,-5,0,-200,50,-20,-49,-1,0,-50,0,1,-2,-28,0,-30,25,-50,-1,-9,0,-10,0,1,2,8,0,10,10,30,1,1,0,2,-75,2,-40,0,0,-40,200,-50,0,0,-50,25,1,30,10,-50,-10,200,5,30,20,5,-50,-25
505576cf-dd18-4546-a505-94ba5aaff411,Residential,R2123_1_1,2,400,200,200,400,0,19.2,513.94452,23.52504,556.66956,0,280844,302.8,212598.908,111.61128,213013.3193,-1500,2,-195,-5,0,-200,50,-20,-49,-1,0,-50,0,1,-2,-28,0,-30,25,-50,-1,-9,0,-10,0,1,2,8,0,10,10,30,1,1,0,2,-75,2,-40,0,0,-40,200,-50,0,0,-50,25,1,30,10,-50,-10,200,5,30,20,5,-50,-25
8056767c-f4cb-4419-829d-35ad5ce4f624,Residential,R1687_1_1,2,400,200,200,400,0,19.2,513.94452,23.52504,556.66956,0,280844,302.8,212598.908,111.61128,213013.3193,-1500,2,-195,-5,0,-200,50,-20,-49,-1,0,-50,0,1,-2,-28,0,-30,25,-50,-1,-9,0,-10,0,1,2,8,0,10,10,30,1,1,0,2,-75,2,-40,0,0,-40,200,-50,0,0,-50,25,1,30,10,-50,-10,200,5,30,20,5,-50,-25
1d7793f2-13f1-4d67-9f49-71e9623962c7,Residential,R1199_1_1,2,400,200,200,400,0,19.2,513.94452,23.52504,556.66956,0,280844,302.8,212598.908,111.61128,213013.3193,-1500,2,-195,-5,0,-200,50,-20,-49,-1,0,-50,0,1,-2,-28,0,-30,25,-50,-1,-9,0,-10,0,1,2,8,0,10,10,30,1,1,0,2,-75,2,-40,0,0,-40,200,-50,0,0,-50,25,1,30,10,-50,-10,200,5,30,20,5,-50,-25
4fb48a8a-b0e3-4606-9a29-811e93d0ebad,Residential,R1680_1_1,2,400,200,200,400,0,19.2,513.94452,23.52504,556.66956,0,280844,302.8,212598.908,111.61128,213013.3193,-1500,2,-195,-5,0,-200,50,-20,-49,-1,0,-50,0,1,-2,-28,0,-30,25,-50,-1,-9,0,-10,0,1,2,8,0,10,10,30,1,1,0,2,-75,2,-40,0,0,-40,200,-50,0,0,-50,25,1,30,10,-50,-10,200,5,30,20,5,-50,-25
5b0d237f-db29-4ac8-8e7e-71a5bc120dcd,Residential,R534_1_1,2,400,200,200,400,0,19.2,513.94452,23.52504,556.66956,0,280844,302.8,212598.908,111.61128,213013.3193,-1500,2,-195,-5,0,-200,50,-20,-49,-1,0,-50,0,1,-2,-28,0,-30,25,-50,-1,-9,0,-10,0,1,2,8,0,10,10,30,1,1,0,2,-75,2,-40,0,0,-40,200,-50,0,0,-50,25,1,30,10,-50,-10,200,5,30,20,5,-50,-25
572bdfea-95c5-42b4-bf1d-faf8f8cf746e,Residential,R346_1_1,2,400,200,200,400,0,19.2,513.94452,23.52504,556.66956,0,280844,302.8,212598.908,111.61128,213013.3193,-1500,2,-195,-5,0,-200,50,-20,-49,-1,0,-50,0,1,-2,-28,0,-30,25,-50,-1,-9,0,-10,0,1,2,8,0,10,10,30,1,1,0,2,-75,2,-40,0,0,-40,200,-50,0,0,-50,25,1,30,10,-50,-10,200,5,30,20,5,-50,-25
fc15898b-d0da-47ad-8bbe-dc645cfc68b1,Residential,R494_1_1,2,400,200,200,400,0,19.2,513.94452,23.52504,556.66956,0,280844,302.8,212598.908,111.61128,213013.3193,-1500,2,-195,-5,0,-200,50,-20,-49,-1,0,-50,0,1,-2,-28,0,-30,25,-50,-1,-9,0,-10,0,1,2,8,0,10,10,30,1,1,0,2,-75,2,-40,0,0,-40,200,-50,0,0,-50,25,1,30,10,-50,-10,200,5,30,20,5,-50,-25
12194d6b-f0fb-4789-b7fd-60e00d35e29c,Residential,R585_1_1,2,400,200,200,400,0,19.2,513.94452,23.52504,556.66956,0,280844,302.8,212598.908,111.61128,213013.3193,-1500,2,-195,-5,0,-200,50,-20,-49,-1,0,-50,0,1,-2,-28,0,-30,25,-50,-1,-9,0,-10,0,1,2,8,0,10,10,30,1,1,0,2,-75,2,-40,0,0,-40,200,-50,0,0,-50,25,1,30,10,-50,-10,200,5,30,20,5,-50,-25
da349d1f-eaff-413b-b45d-c8d22abcf93a,Residential,R380_1_1,2,400,200,200,400,0,19.2,513.94452,23.52504,556.66956,0,280844,302.8,212598.908,111.61128,213013.3193,-1500,2,-195,-5,0,-200,50,-20,-49,-1,0,-50,0,1,-2,-28,0,-30,25,-50,-1,-9,0,-10,0,1,2,8,0,10,10,30,1,1,0,2,-75,2,-40,0,0,-40,200,-50,0,0,-50,25,1,30,10,-50,-10,200,5,30,20,5,-50,-25
7ba1411a-e1e1-49c4-a186-fc4128285008,Residential,R1849_1_1,2,400,200,200,400,0,19.2,513.94452,23.52504,556.66956,0,280844,302.8,212598.908,111.61128,213013.3193,-1500,2,-195,-5,0,-200,50,-20,-49,-1,0,-50,0,1,-2,-28,0,-30,25,-50,-1,-9,0,-10,0,1,2,8,0,10,10,30,1,1,0,2,-75,2,-40,0,0,-40,200,-50,0,0,-50,25,1,30,10,-50,-10,200,5,30,20,5,-50,-25
c64412ea-57cb-4adc-a914-a5d1760a101f,Residential,R1688_1_1,2,400,200,200,400,0,19.2,513.94452,23.52504,556.66956,0,280844,302.8,212598.908,111.61128,213013.3193,-1500,2,-195,-5,0,-200,50,-20,-49,-1,0,-50,0,1,-2,-28,0,-30,25,-50,-1,-9,0,-10,0,1,2,8,0,10,10,30,1,1,0,2,-75,2,-40,0,0,-40,200,-50,0,0,-50,25,1,30,10,-50,-10,200,5,30,20,5,-50,-25
4ad64448-3b63-4fbd-8248-9a0482e8f409,Residential,R1987_1_1,2,400,200,200,400,0,19.2,513.94452,23.52504,556.66956,0,280844,302.8,212598.908,111.61128,213013.3193,-1500,2,-195,-5,0,-200,50,-20,-49,-1,0,-50,0,1,-2,-28,0,-30,25,-50,-1,-9,0,-10,0,1,2,8,0,10,10,30,1,1,0,2,-75,2,-40,0,0,-40,200,-50,0,0,-50,25,1,30,10,-50,-10,200,5,30,20,5,-50,-25
61937a91-2bd5-47d7-aac7-605a3fec9381,Residential,R1036_1_1,2,400,200,200,400,0,19.2,513.94452,23.52504,556.66956,0,280844,302.8,212598.908,111.61128,213013.3193,-1500,2,-195,-5,0,-200,50,-20,-49,-1,0,-50,0,1,-2,-28,0,-30,25,-50,-1,-9,0,-10,0,1,2,8,0,10,10,30,1,1,0,2,-75,2,-40,0,0,-40,200,-50,0,0,-50,25,1,30,10,-50,-10,200,5,30,20,5,-50,-25
5eb4f336-411e-4f32-b400-c54a4859d136,Residential,R1927_1_1,2,400,200,200,400,0,19.2,513.94452,23.52504,556.66956,0,280844,302.8,212598.908,111.61128,213013.3193,-1500,2,-195,-5,0,-200,50,-20,-49,-1,0,-50,0,1,-2,-28,0,-30,25,-50,-1,-9,0,-10,0,1,2,8,0,10,10,30,1,1,0,2,-75,2,-40,0,0,-40,200,-50,0,0,-50,25,1,30,10,-50,-10,200,5,30,20,5,-50,-25
9c448d58-791a-4c8e-b85f-acf7cdc31a5c,Residential,R630_1_1,2,400,200,200,400,0,19.2,513.94452,23.52504,556.66956,0,280844,302.8,212598.908,111.61128,213013.3193,-1500,2,-195,-5,0,-200,50,-20,-49,-1,0,-50,0,1,-2,-28,0,-30,25,-50,-1,-9,0,-10,0,1,2,8,0,10,10,30,1,1,0,2,-75,2,-40,0,0,-40,200,-50,0,0,-50,25,1,30,10,-50,-10,200,5,30,20,5,-50,-25
5b898584-c85b-47f9-9d00-2278ff3a938c,Residential,R1933_1_1,2,400,200,200,400,0,19.2,513.94452,23.52504,556.66956,0,280844,302.8,212598.908,111.61128,213013.3193,-1500,2,-195,-5,0,-200,50,-20,-49,-1,0,-50,0,1,-2,-28,0,-30,25,-50,-1,-9,0,-10,0,1,2,8,0,10,10,30,1,1,0,2,-75,2,-40,0,0,-40,200,-50,0,0,-50,25,1,30,10,-50,-10,200,5,30,20,5,-50,-25
8f7af9bf-a3dc-4918-8492-54de629d9415,Residential,R1370_1_1,2,400,200,200,400,0,19.2,513.94452,23.52504,556.66956,0,280844,302.8,212598.908,111.61128,213013.3193,-1500,2,-195,-5,0,-200,50,-20,-49,-1,0,-50,0,1,-2,-28,0,-30,25,-50,-1,-9,0,-10,0,1,2,8,0,10,10,30,1,1,0,2,-75,2,-40,0,0,-40,200,-50,0,0,-50,25,1,30,10,-50,-10,200,5,30,20,5,-50,-25
1f30b73a-8ce2-461d-a289-1af56d9b9497,Residential,R2152_1_1,2,400,200,200,400,0,19.2,513.94452,23.52504,556.66956,0,280844,302.8,212598.908,111.61128,213013.3193,-1500,2,-195,-5,0,-200,50,-20,-49,-1,0,-50,0,1,-2,-28,0,-30,25,-50,-1,-9,0,-10,0,1,2,8,0,10,10,30,1,1,0,2,-75,2,-40,0,0,-40,200,-50,0,0,-50,25,1,30,10,-50,-10,200,5,30,20,5,-50,-25
fcc9e22e-79d5-4829-8079-2eada39c05e2,Residential,R1260_1_1,2,400,200,200,400,0,19.2,513.94452,23.52504,556.66956,0,280844,302.8,212598.908,111.61128,213013.3193,-1500,2,-195,-5,0,-200,50,-20,-49,-1,0,-50,0,1,-2,-28,0,-30,25,-50,-1,-9,0,-10,0,1,2,8,0,10,10,30,1,1,0,2,-75,2,-40,0,0,-40,200,-50,0,0,-50,25,1,30,10,-50,-10,200,5,30,20,5,-50,-25
9474ef1c-99f4-4fa9-8196-ba55db88181c,Residential,R1752_1_1,2,400,200,200,400,0,19.2,513.94452,23.52504,556.66956,0,280844,302.8,212598.908,111.61128,213013.3193,-1500,2,-195,-5,0,-200,50,-20,-49,-1,0,-50,0,1,-2,-28,0,-30,25,-50,-1,-9,0,-10,0,1,2,8,0,10,10,30,1,1,0,2,-75,2,-40,0,0,-40,200,-50,0,0,-50,25,1,30,10,-50,-10,200,5,30,20,5,-50,-25
4360618c-b9a4-4830-b4b5-bcafc1e6adf0,Residential,R93_1_1,2,400,200,200,400,0,19.2,513.94452,23.52504,556.66956,0,280844,302.8,212598.908,111.61128,213013.3193,-1500,2,-195,-5,0,-200,50,-20,-49,-1,0,-50,0,1,-2,-28,0,-30,25,-50,-1,-9,0,-10,0,1,2,8,0,10,10,30,1,1,0,2,-75,2,-40,0,0,-40,200,-50,0,0,-50,25,1,30,10,-50,-10,200,5,30,20,5,-50,-25
e52add1b-59af-463e-9680-42a80a87e7f6,Residential,R672_1_1,2,400,200,200,400,0,19.2,513.94452,23.52504,556.66956,0,280844,302.8,212598.908,111.61128,213013.3193,-1500,2,-195,-5,0,-200,50,-20,-49,-1,0,-50,0,1,-2,-28,0,-30,25,-50,-1,-9,0,-10,0,1,2,8,0,10,10,30,1,1,0,2,-75,2,-40,0,0,-40,200,-50,0,0,-50,25,1,30,10,-50,-10,200,5,30,20,5,-50,-25
b3b44cd6-db1a-4cfd-9d67-1f9f05262658,Residential,R1357_1_1,2,400,200,200,400,0,19.2,513.94452,23.52504,556.66956,0,280844,302.8,212598.908,111.61128,213013.3193,-1500,2,-195,-5,0,-200,50,-20,-49,-1,0,-50,0,1,-2,-28,0,-30,25,-50,-1,-9,0,-10,0,1,2,8,0,10,10,30,1,1,0,2,-75,2,-40,0,0,-40,200,-50,0,0,-50,25,1,30,10,-50,-10,200,5,30,20,5,-50,-25
4413622d-cf3b-4b0b-9e2f-2b60519d1593,Residential,R2196_1_1,2,400,200,200,400,0,19.2,513.94452,23.52504,556.66956,0,280844,302.8,212598.908,111.61128,213013.3193,-1500,2,-195,-5,0,-200,50,-20,-49,-1,0,-50,0,1,-2,-28,0,-30,25,-50,-1,-9,0,-10,0,1,2,8,0,10,10,30,1,1,0,2,-75,2,-40,0,0,-40,200,-50,0,0,-50,25,1,30,10,-50,-10,200,5,30,20,5,-50,-25
8b9ee6be-aa75-4590-95a0-9ca193740f25,Residential,R98_1_1,2,400,200,200,400,0,19.2,513.94452,23.52504,556.66956,0,280844,302.8,212598.908,111.61128,213013.3193,-1500,2,-195,-5,0,-200,50,-20,-49,-1,0,-50,0,1,-2,-28,0,-30,25,-50,-1,-9,0,-10,0,1,2,8,0,10,10,30,1,1,0,2,-75,2,-40,0,0,-40,200,-50,0,0,-50,25,1,30,10,-50,-10,200,5,30,20,5,-50,-25
e697132f-d5fa-4c7b-91ca-f269aabe05ac,Residential,R1168_1_1,2,400,200,200,400,0,19.2,513.94452,23.52504,556.66956,0,280844,302.8,212598.908,111.61128,213013.3193,-1500,2,-195,-5,0,-200,50,-20,-49,-1,0,-50,0,1,-2,-28,0,-30,25,-50,-1,-9,0,-10,0,1,2,8,0,10,10,30,1,1,0,2,-75,2,-40,0,0,-40,200,-50,0,0,-50,25,1,30,10,-50,-10,200,5,30,20,5,-50,-25
36171f00-1a2b-46f2-8eec-e23fe013c8db,Residential,R890_1_1,2,400,200,200,400,0,19.2,513.94452,23.52504,556.66956,0,280844,302.8,212598.908,111.61128,213013.3193,-1500,2,-195,-5,0,-200,50,-20,-49,-1,0,-50,0,1,-2,-28,0,-30,25,-50,-1,-9,0,-10,0,1,2,8,0,10,10,30,1,1,0,2,-75,2,-40,0,0,-40,200,-50,0,0,-50,25,1,30,10,-50,-10,200,5,30,20,5,-50,-25
e4849d3d-1923-44c9-b108-a4a930222ef1,Residential,R230_1_1,2,400,200,200,400,0,19.2,513.94452,23.52504,556.66956,0,280844,302.8,212598.908,111.61128,213013.3193,-1500,2,-195,-5,0,-200,50,-20,-49,-1,0,-50,0,1,-2,-28,0,-30,25,-50,-1,-9,0,-10,0,1,2,8,0,10,10,30,1,1,0,2,-75,2,-40,0,0,-40,200,-50,0,0,-50,25,1,30,10,-50,-10,200,5,30,20,5,-50,-25
b2ec2a51-1b0f-413e-83fa-7c09c2064af4,Residential,R763_1_1,2,400,200,200,400,0,19.2,513.94452,23.52504,556.66956,0,280844,302.8,212598.908,111.61128,213013.3193,-1500,2,-195,-5,0,-200,50,-20,-49,-1,0,-50,0,1,-2,-28,0,-30,25,-50,-1,-9,0,-10,0,1,2,8,0,10,10,30,1,1,0,2,-75,2,-40,0,0,-40,200,-50,0,0,-50,25,1,30,10,-50,-10,200,5,30,20,5,-50,-25
c1d8d7a4-9b79-4794-9715-820d96dd7935,Residential,R1386_1_1,2,400,200,200,400,0,19.2,513.94452,23.52504,556.66956,0,280844,302.8,212598.908,111.61128,213013.3193,-1500,2,-195,-5,0,-200,50,-20,-49,-1,0,-50,0,1,-2,-28,0,-30,25,-50,-1,-9,0,-10,0,1,2,8,0,10,10,30,1,1,0,2,-75,2,-40,0,0,-40,200,-50,0,0,-50,25,1,30,10,-50,-10,200,5,30,20,5,-50,-25
a17c0326-8412-414b-9331-469b4486f122,Residential,R1983_1_1,2,400,200,200,400,0,19.2,513.94452,23.52504,556.66956,0,280844,302.8,212598.908,111.61128,213013.3193,-1500,2,-195,-5,0,-200,50,-20,-49,-1,0,-50,0,1,-2,-28,0,-30,25,-50,-1,-9,0,-10,0,1,2,8,0,10,10,30,1,1,0,2,-75,2,-40,0,0,-40,200,-50,0,0,-50,25,1,30,10,-50,-10,200,5,30,20,5,-50,-25
23cc7d7f-38fb-4b7d-bd52-d9ae621739e2,Residential,R792_1_1,2,400,200,200,400,0,19.2,513.94452,23.52504,556.66956,0,280844,302.8,212598.908,111.61128,213013.3193,-1500,2,-195,-5,0,-200,50,-20,-49,-1,0,-50,0,1,-2,-28,0,-30,25,-50,-1,-9,0,-10,0,1,2,8,0,10,10,30,1,1,0,2,-75,2,-40,0,0,-40,200,-50,0,0,-50,25,1,30,10,-50,-10,200,5,30,20,5,-50,-25
6a5140ab-7f5a-419f-9eb7-b175dae6694c,Residential,R1717_1_1,2,400,200,200,400,0,19.2,513.94452,23.52504,556.66956,0,280844,302.8,212598.908,111.61128,213013.3193,-1500,2,-195,-5,0,-200,50,-20,-49,-1,0,-50,0,1,-2,-28,0,-30,25,-50,-1,-9,0,-10,0,1,2,8,0,10,10,30,1,1,0,2,-75,2,-40,0,0,-40,200,-50,0,0,-50,25,1,30,10,-50,-10,200,5,30,20,5,-50,-25
b52a549d-f33e-49f5-8032-624274691ae3,Residential,R329_1_1,2,400,200,200,400,0,19.2,513.94452,23.52504,556.66956,0,280844,302.8,212598.908,111.61128,213013.3193,-1500,2,-195,-5,0,-200,50,-20,-49,-1,0,-50,0,1,-2,-28,0,-30,25,-50,-1,-9,0,-10,0,1,2,8,0,10,10,30,1,1,0,2,-75,2,-40,0,0,-40,200,-50,0,0,-50,25,1,30,10,-50,-10,200,5,30,20,5,-50,-25
2baf3764-347e-4298-bd88-b4d3c2eeaa8c,Residential,R735_1_1,2,400,200,200,400,0,19.2,513.94452,23.52504,556.66956,0,280844,302.8,212598.908,111.61128,213013.3193,-1500,2,-195,-5,0,-200,50,-20,-49,-1,0,-50,0,1,-2,-28,0,-30,25,-50,-1,-9,0,-10,0,1,2,8,0,10,10,30,1,1,0,2,-75,2,-40,0,0,-40,200,-50,0,0,-50,25,1,30,10,-50,-10,200,5,30,20,5,-50,-25
effb1d79-155b-40d1-956e-86215de01043,Residential,R876_1_1,2,400,200,200,400,0,19.2,513.94452,23.52504,556.66956,0,280844,302.8,212598.908,111.61128,213013.3193,-1500,2,-195,-5,0,-200,50,-20,-49,-1,0,-50,0,1,-2,-28,0,-30,25,-50,-1,-9,0,-10,0,1,2,8,0,10,10,30,1,1,0,2,-75,2,-40,0,0,-40,200,-50,0,0,-50,25,1,30,10,-50,-10,200,5,30,20,5,-50,-25
10189d38-4809-4840-8cf2-7c85c6e6046e,Residential,R1757_1_1,2,400,200,200,400,0,19.2,513.94452,23.52504,556.66956,0,280844,302.8,212598.908,111.61128,213013.3193,-1500,2,-195,-5,0,-200,50,-20,-49,-1,0,-50,0,1,-2,-28,0,-30,25,-50,-1,-9,0,-10,0,1,2,8,0,10,10,30,1,1,0,2,-75,2,-40,0,0,-40,200,-50,0,0,-50,25,1,30,10,-50,-10,200,5,30,20,5,-50,-25
d9fce6f5-5247-4428-b8d2-4ee6c2d105a6,Residential,R821_1_1,2,400,200,200,400,0,19.2,513.94452,23.52504,556.66956,0,280844,302.8,212598.908,111.61128,213013.3193,-1500,2,-195,-5,0,-200,50,-20,-49,-1,0,-50,0,1,-2,-28,0,-30,25,-50,-1,-9,0,-10,0,1,2,8,0,10,10,30,1,1,0,2,-75,2,-40,0,0,-40,200,-50,0,0,-50,25,1,30,10,-50,-10,200,5,30,20,5,-50,-25
d77f7e6f-9c25-43f4-9548-637247ce2e36,Residential,R834_1_1,2,400,200,200,400,0,19.2,513.94452,23.52504,556.66956,0,280844,302.8,212598.908,111.61128,213013.3193,-1500,2,-195,-5,0,-200,50,-20,-49,-1,0,-50,0,1,-2,-28,0,-30,25,-50,-1,-9,0,-10,0,1,2,8,0,10,10,30,1,1,0,2,-75,2,-40,0,0,-40,200,-50,0,0,-50,25,1,30,10,-50,-10,200,5,30,20,5,-50,-25
35612ea1-af27-476c-b755-d77e6fdc0531,Residential,R4_1_1,2,400,200,200,400,0,19.2,513.94452,23.52504,556.66956,0,280844,302.8,212598.908,111.61128,213013.3193,-1500,2,-195,-5,0,-200,50,-20,-49,-1,0,-50,0,1,-2,-28,0,-30,25,-50,-1,-9,0,-10,0,1,2,8,0,10,10,30,1,1,0,2,-75,2,-40,0,0,-40,200,-50,0,0,-50,25,1,30,10,-50,-10,200,5,30,20,5,-50,-25
29c999de-a4c0-4036-831f-4a6858472844,Residential,R851_1_1,2,400,200,200,400,0,19.2,513.94452,23.52504,556.66956,0,280844,302.8,212598.908,111.61128,213013.3193,-1500,2,-195,-5,0,-200,50,-20,-49,-1,0,-50,0,1,-2,-28,0,-30,25,-50,-1,-9,0,-10,0,1,2,8,0,10,10,30,1,1,0,2,-75,2,-40,0,0,-40,200,-50,0,0,-50,25,1,30,10,-50,-10,200,5,30,20,5,-50,-25
e7ad43a4-0645-4982-aa9d-17b82eaf6a0b,Residential,R474_1_1,2,400,200,200,400,0,19.2,513.94452,23.52504,556.66956,0,280844,302.8,212598.908,111.61128,213013.3193,-1500,2,-195,-5,0,-200,50,-20,-49,-1,0,-50,0,1,-2,-28,0,-30,25,-50,-1,-9,0,-10,0,1,2,8,0,10,10,30,1,1,0,2,-75,2,-40,0,0,-40,200,-50,0,0,-50,25,1,30,10,-50,-10,200,5,30,20,5,-50,-25
07517686-1c91-4180-8810-1cd6a35fd05e,Residential,R2074_1_1,2,400,200,200,400,0,19.2,513.94452,23.52504,556.66956,0,280844,302.8,212598.908,111.61128,213013.3193,-1500,2,-195,-5,0,-200,50,-20,-49,-1,0,-50,0,1,-2,-28,0,-30,25,-50,-1,-9,0,-10,0,1,2,8,0,10,10,30,1,1,0,2,-75,2,-40,0,0,-40,200,-50,0,0,-50,25,1,30,10,-50,-10,200,5,30,20,5,-50,-25
64cdfe60-fcc1-4f57-9b2e-2b442e1903a2,Residential,R1095_1_1,2,400,200,200,400,0,19.2,513.94452,23.52504,556.66956,0,280844,302.8,212598.908,111.61128,213013.3193,-1500,2,-195,-5,0,-200,50,-20,-49,-1,0,-50,0,1,-2,-28,0,-30,25,-50,-1,-9,0,-10,0,1,2,8,0,10,10,30,1,1,0,2,-75,2,-40,0,0,-40,200,-50,0,0,-50,25,1,30,10,-50,-10,200,5,30,20,5,-50,-25
d80522f0-5674-44e2-9e9a-6253e7225711,Residential,R839_1_1,2,400,200,200,400,0,19.2,513.94452,23.52504,556.66956,0,280844,302.8,212598.908,111.61128,213013.3193,-1500,2,-195,-5,0,-200,50,-20,-49,-1,0,-50,0,1,-2,-28,0,-30,25,-50,-1,-9,0,-10,0,1,2,8,0,10,10,30,1,1,0,2,-75,2,-40,0,0,-40,200,-50,0,0,-50,25,1,30,10,-50,-10,200,5,30,20,5,-50,-25
9611f82f-2724-4a03-a136-d1a96b6f9ebc,Residential,R1811_1_1,2,400,200,200,400,0,19.2,513.94452,23.52504,556.66956,0,280844,302.8,212598.908,111.61128,213013.3193,-1500,2,-195,-5,0,-200,50,-20,-49,-1,0,-50,0,1,-2,-28,0,-30,25,-50,-1,-9,0,-10,0,1,2,8,0,10,10,30,1,1,0,2,-75,2,-40,0,0,-40,200,-50,0,0,-50,25,1,30,10,-50,-10,200,5,30,20,5,-50,-25
96b58611-b0b5-44cc-a56d-17d8083092ef,Residential,R1861_1_1,2,400,200,200,400,0,19.2,513.94452,23.52504,556.66956,0,280844,302.8,212598.908,111.61128,213013.3193,-1500,2,-195,-5,0,-200,50,-20,-49,-1,0,-50,0,1,-2,-28,0,-30,25,-50,-1,-9,0,-10,0,1,2,8,0,10,10,30,1,1,0,2,-75,2,-40,0,0,-40,200,-50,0,0,-50,25,1,30,10,-50,-10,200,5,30,20,5,-50,-25
e0d86aa5-e6fe-4439-8b88-e972fa203be6,Residential,R1615_1_1,2,400,200,200,400,0,19.2,513.94452,23.52504,556.66956,0,280844,302.8,212598.908,111.61128,213013.3193,-1500,2,-195,-5,0,-200,50,-20,-49,-1,0,-50,0,1,-2,-28,0,-30,25,-50,-1,-9,0,-10,0,1,2,8,0,10,10,30,1,1,0,2,-75,2,-40,0,0,-40,200,-50,0,0,-50,25,1,30,10,-50,-10,200,5,30,20,5,-50,-25
3ffe9d0e-f6fa-40a8-b894-70489371c582,Residential,R1118_1_1,2,400,200,200,400,0,19.2,513.94452,23.52504,556.66956,0,280844,302.8,212598.908,111.61128,213013.3193,-1500,2,-195,-5,0,-200,50,-20,-49,-1,0,-50,0,1,-2,-28,0,-30,25,-50,-1,-9,0,-10,0,1,2,8,0,10,10,30,1,1,0,2,-75,2,-40,0,0,-40,200,-50,0,0,-50,25,1,30,10,-50,-10,200,5,30,20,5,-50,-25
c3b9a2ca-6055-46d9-bc2e-13ab7ce69d83,Residential,R961_1_1,2,400,200,200,400,0,19.2,513.94452,23.52504,556.66956,0,280844,302.8,212598.908,111.61128,213013.3193,-1500,2,-195,-5,0,-200,50,-20,-49,-1,0,-50,0,1,-2,-28,0,-30,25,-50,-1,-9,0,-10,0,1,2,8,0,10,10,30,1,1,0,2,-75,2,-40,0,0,-40,200,-50,0,0,-50,25,1,30,10,-50,-10,200,5,30,20,5,-50,-25
1a6d86c8-13d7-440b-aebc-b62bc746c887,Residential,R388_1_1,2,400,200,200,400,0,19.2,513.94452,23.52504,556.66956,0,280844,302.8,212598.908,111.61128,213013.3193,-1500,2,-195,-5,0,-200,50,-20,-49,-1,0,-50,0,1,-2,-28,0,-30,25,-50,-1,-9,0,-10,0,1,2,8,0,10,10,30,1,1,0,2,-75,2,-40,0,0,-40,200,-50,0,0,-50,25,1,30,10,-50,-10,200,5,30,20,5,-50,-25
0b695e69-8eb9-4137-8628-074f543dfe05,Residential,R1704_1_1,2,400,200,200,400,0,19.2,513.94452,23.52504,556.66956,0,280844,302.8,212598.908,111.61128,213013.3193,-1500,2,-195,-5,0,-200,50,-20,-49,-1,0,-50,0,1,-2,-28,0,-30,25,-50,-1,-9,0,-10,0,1,2,8,0,10,10,30,1,1,0,2,-75,2,-40,0,0,-40,200,-50,0,0,-50,25,1,30,10,-50,-10,200,5,30,20,5,-50,-25
904e816c-4a9c-4d8b-a787-30cdd3722a1d,Residential,R424_1_1,2,400,200,200,400,0,19.2,513.94452,23.52504,556.66956,0,280844,302.8,212598.908,111.61128,213013.3193,-1500,2,-195,-5,0,-200,50,-20,-49,-1,0,-50,0,1,-2,-28,0,-30,25,-50,-1,-9,0,-10,0,1,2,8,0,10,10,30,1,1,0,2,-75,2,-40,0,0,-40,200,-50,0,0,-50,25,1,30,10,-50,-10,200,5,30,20,5,-50,-25
aec1e673-616b-4864-908b-10af0d2633d6,Residential,R1181_1_1,2,400,200,200,400,0,19.2,513.94452,23.52504,556.66956,0,280844,302.8,212598.908,111.61128,213013.3193,-1500,2,-195,-5,0,-200,50,-20,-49,-1,0,-50,0,1,-2,-28,0,-30,25,-50,-1,-9,0,-10,0,1,2,8,0,10,10,30,1,1,0,2,-75,2,-40,0,0,-40,200,-50,0,0,-50,25,1,30,10,-50,-10,200,5,30,20,5,-50,-25
add83f2f-5cd6-4cb9-ba2c-9840a9f1a41d,Residential,R436_1_1,2,400,200,200,400,0,19.2,513.94452,23.52504,556.66956,0,280844,302.8,212598.908,111.61128,213013.3193,-1500,2,-195,-5,0,-200,50,-20,-49,-1,0,-50,0,1,-2,-28,0,-30,25,-50,-1,-9,0,-10,0,1,2,8,0,10,10,30,1,1,0,2,-75,2,-40,0,0,-40,200,-50,0,0,-50,25,1,30,10,-50,-10,200,5,30,20,5,-50,-25
021ede2d-0fb7-41b9-991c-9465bed0d257,Residential,R1548_1_1,2,400,200,200,400,0,19.2,513.94452,23.52504,556.66956,0,280844,302.8,212598.908,111.61128,213013.3193,-1500,2,-195,-5,0,-200,50,-20,-49,-1,0,-50,0,1,-2,-28,0,-30,25,-50,-1,-9,0,-10,0,1,2,8,0,10,10,30,1,1,0,2,-75,2,-40,0,0,-40,200,-50,0,0,-50,25,1,30,10,-50,-10,200,5,30,20,5,-50,-25
38ef77ad-04cd-43f7-8ff3-5144fddd38bf,Residential,R391_1_1,2,400,200,200,400,0,19.2,513.94452,23.52504,556.66956,0,280844,302.8,212598.908,111.61128,213013.3193,-1500,2,-195,-5,0,-200,50,-20,-49,-1,0,-50,0,1,-2,-28,0,-30,25,-50,-1,-9,0,-10,0,1,2,8,0,10,10,30,1,1,0,2,-75,2,-40,0,0,-40,200,-50,0,0,-50,25,1,30,10,-50,-10,200,5,30,20,5,-50,-25
0d4fbd0d-3699-41ba-9b6c-fa3970f8ac1f,Residential,R240_1_1,2,400,200,200,400,0,19.2,513.94452,23.52504,556.66956,0,280844,302.8,212598.908,111.61128,213013.3193,-1500,2,-195,-5,0,-200,50,-20,-49,-1,0,-50,0,1,-2,-28,0,-30,25,-50,-1,-9,0,-10,0,1,2,8,0,10,10,30,1,1,0,2,-75,2,-40,0,0,-40,200,-50,0,0,-50,25,1,30,10,-50,-10,200,5,30,20,5,-50,-25
05daffdb-17e6-41da-8c80-2e1e5fb8619b,Residential,R655_1_1,2,400,200,200,400,0,19.2,513.94452,23.52504,556.66956,0,280844,302.8,212598.908,111.61128,213013.3193,-1500,2,-195,-5,0,-200,50,-20,-49,-1,0,-50,0,1,-2,-28,0,-30,25,-50,-1,-9,0,-10,0,1,2,8,0,10,10,30,1,1,0,2,-75,2,-40,0,0,-40,200,-50,0,0,-50,25,1,30,10,-50,-10,200,5,30,20,5,-50,-25
6dceaebf-5ba1-47a8-865b-3f7f08f73407,Residential,R1161_1_1,2,400,200,200,400,0,19.2,513.94452,23.52504,556.66956,0,280844,302.8,212598.908,111.61128,213013.3193,-1500,2,-195,-5,0,-200,50,-20,-49,-1,0,-50,0,1,-2,-28,0,-30,25,-50,-1,-9,0,-10,0,1,2,8,0,10,10,30,1,1,0,2,-75,2,-40,0,0,-40,200,-50,0,0,-50,25,1,30,10,-50,-10,200,5,30,20,5,-50,-25
92027674-fe3e-4ac6-8d88-bec37ca565e7,Residential,R1185_1_1,2,400,200,200,400,0,19.2,513.94452,23.52504,556.66956,0,280844,302.8,212598.908,111.61128,213013.3193,-1500,2,-195,-5,0,-200,50,-20,-49,-1,0,-50,0,1,-2,-28,0,-30,25,-50,-1,-9,0,-10,0,1,2,8,0,10,10,30,1,1,0,2,-75,2,-40,0,0,-40,200,-50,0,0,-50,25,1,30,10,-50,-10,200,5,30,20,5,-50,-25
237339f4-872d-4582-b26c-3381a22a9afe,Residential,R26_1_1,2,400,200,200,400,0,19.2,513.94452,23.52504,556.66956,0,280844,302.8,212598.908,111.61128,213013.3193,-1500,2,-195,-5,0,-200,50,-20,-49,-1,0,-50,0,1,-2,-28,0,-30,25,-50,-1,-9,0,-10,0,1,2,8,0,10,10,30,1,1,0,2,-75,2,-40,0,0,-40,200,-50,0,0,-50,25,1,30,10,-50,-10,200,5,30,20,5,-50,-25
a4e9d282-470c-411b-a8e5-deb8fcae11e0,Residential,R1640_1_1,2,400,200,200,400,0,19.2,513.94452,23.52504,556.66956,0,280844,302.8,212598.908,111.61128,213013.3193,-1500,2,-195,-5,0,-200,50,-20,-49,-1,0,-50,0,1,-2,-28,0,-30,25,-50,-1,-9,0,-10,0,1,2,8,0,10,10,30,1,1,0,2,-75,2,-40,0,0,-40,200,-50,0,0,-50,25,1,30,10,-50,-10,200,5,30,20,5,-50,-25
992cbc30-b254-4c11-a712-62fa7e2ba570,Residential,R500_1_1,2,400,200,200,400,0,19.2,513.94452,23.52504,556.66956,0,280844,302.8,212598.908,111.61128,213013.3193,-1500,2,-195,-5,0,-200,50,-20,-49,-1,0,-50,0,1,-2,-28,0,-30,25,-50,-1,-9,0,-10,0,1,2,8,0,10,10,30,1,1,0,2,-75,2,-40,0,0,-40,200,-50,0,0,-50,25,1,30,10,-50,-10,200,5,30,20,5,-50,-25
daea45c9-1ea7-4adc-a94e-20eafa72854b,Residential,R793_1_1,2,400,200,200,400,0,19.2,513.94452,23.52504,556.66956,0,280844,302.8,212598.908,111.61128,213013.3193,-1500,2,-195,-5,0,-200,50,-20,-49,-1,0,-50,0,1,-2,-28,0,-30,25,-50,-1,-9,0,-10,0,1,2,8,0,10,10,30,1,1,0,2,-75,2,-40,0,0,-40,200,-50,0,0,-50,25,1,30,10,-50,-10,200,5,30,20,5,-50,-25
5f1f5eec-a3e8-4060-8a84-86726106d2c9,Residential,R237_1_1,2,400,200,200,400,0,19.2,513.94452,23.52504,556.66956,0,280844,302.8,212598.908,111.61128,213013.3193,-1500,2,-195,-5,0,-200,50,-20,-49,-1,0,-50,0,1,-2,-28,0,-30,25,-50,-1,-9,0,-10,0,1,2,8,0,10,10,30,1,1,0,2,-75,2,-40,0,0,-40,200,-50,0,0,-50,25,1,30,10,-50,-10,200,5,30,20,5,-50,-25
bfbf5507-9a70-4743-9c50-0562c450e5ff,Residential,R1117_1_1,2,400,200,200,400,0,19.2,513.94452,23.52504,556.66956,0,280844,302.8,212598.908,111.61128,213013.3193,-1500,2,-195,-5,0,-200,50,-20,-49,-1,0,-50,0,1,-2,-28,0,-30,25,-50,-1,-9,0,-10,0,1,2,8,0,10,10,30,1,1,0,2,-75,2,-40,0,0,-40,200,-50,0,0,-50,25,1,30,10,-50,-10,200,5,30,20,5,-50,-25
524d18e1-39ab-45d7-be44-ffb7598ed2e3,Residential,R2157_1_1,2,400,200,200,400,0,19.2,513.94452,23.52504,556.66956,0,280844,302.8,212598.908,111.61128,213013.3193,-1500,2,-195,-5,0,-200,50,-20,-49,-1,0,-50,0,1,-2,-28,0,-30,25,-50,-1,-9,0,-10,0,1,2,8,0,10,10,30,1,1,0,2,-75,2,-40,0,0,-40,200,-50,0,0,-50,25,1,30,10,-50,-10,200,5,30,20,5,-50,-25
ac5a6cbf-a4b1-473d-9010-85915d8eaebd,Residential,R10_1_1,2,400,200,200,400,0,19.2,513.94452,23.52504,556.66956,0,280844,302.8,212598.908,111.61128,213013.3193,-1500,2,-195,-5,0,-200,50,-20,-49,-1,0,-50,0,1,-2,-28,0,-30,25,-50,-1,-9,0,-10,0,1,2,8,0,10,10,30,1,1,0,2,-75,2,-40,0,0,-40,200,-50,0,0,-50,25,1,30,10,-50,-10,200,5,30,20,5,-50,-25
c5316e9c-cb50-43ec-a183-bf942c7b8188,Residential,R73_1_1,2,400,200,200,400,0,19.2,513.94452,23.52504,556.66956,0,280844,302.8,212598.908,111.61128,213013.3193,-1500,2,-195,-5,0,-200,50,-20,-49,-1,0,-50,0,1,-2,-28,0,-30,25,-50,-1,-9,0,-10,0,1,2,8,0,10,10,30,1,1,0,2,-75,2,-40,0,0,-40,200,-50,0,0,-50,25,1,30,10,-50,-10,200,5,30,20,5,-50,-25
8df5f5c0-0fb5-41cd-97ed-6ac75973110f,Residential,R1800_1_1,2,400,200,200,400,0,19.2,513.94452,23.52504,556.66956,0,280844,302.8,212598.908,111.61128,213013.3193,-1500,2,-195,-5,0,-200,50,-20,-49,-1,0,-50,0,1,-2,-28,0,-30,25,-50,-1,-9,0,-10,0,1,2,8,0,10,10,30,1,1,0,2,-75,2,-40,0,0,-40,200,-50,0,0,-50,25,1,30,10,-50,-10,200,5,30,20,5,-50,-25
ca26a268-1518-47ad-a226-d987b28a6d1d,Residential,R1878_1_1,2,400,200,200,400,0,19.2,513.94452,23.52504,556.66956,0,280844,302.8,212598.908,111.61128,213013.3193,-1500,2,-195,-5,0,-200,50,-20,-49,-1,0,-50,0,1,-2,-28,0,-30,25,-50,-1,-9,0,-10,0,1,2,8,0,10,10,30,1,1,0,2,-75,2,-40,0,0,-40,200,-50,0,0,-50,25,1,30,10,-50,-10,200,5,30,20,5,-50,-25
31f6ee4e-2efb-497e-be84-523d3ee32a72,Residential,R519_1_1,2,400,200,200,400,0,19.2,513.94452,23.52504,556.66956,0,280844,302.8,212598.908,111.61128,213013.3193,-1500,2,-195,-5,0,-200,50,-20,-49,-1,0,-50,0,1,-2,-28,0,-30,25,-50,-1,-9,0,-10,0,1,2,8,0,10,10,30,1,1,0,2,-75,2,-40,0,0,-40,200,-50,0,0,-50,25,1,30,10,-50,-10,200,5,30,20,5,-50,-25
f7960e76-735b-4994-94ca-f4e14daf4687,Residential,R1845_1_1,2,400,200,200,400,0,19.2,513.94452,23.52504,556.66956,0,280844,302.8,212598.908,111.61128,213013.3193,-1500,2,-195,-5,0,-200,50,-20,-49,-1,0,-50,0,1,-2,-28,0,-30,25,-50,-1,-9,0,-10,0,1,2,8,0,10,10,30,1,1,0,2,-75,2,-40,0,0,-40,200,-50,0,0,-50,25,1,30,10,-50,-10,200,5,30,20,5,-50,-25
bae20a0b-fbc3-4bd6-a983-8e64a9e8065f,Residential,R973_1_1,2,400,200,200,400,0,19.2,513.94452,23.52504,556.66956,0,280844,302.8,212598.908,111.61128,213013.3193,-1500,2,-195,-5,0,-200,50,-20,-49,-1,0,-50,0,1,-2,-28,0,-30,25,-50,-1,-9,0,-10,0,1,2,8,0,10,10,30,1,1,0,2,-75,2,-40,0,0,-40,200,-50,0,0,-50,25,1,30,10,-50,-10,200,5,30,20,5,-50,-25
252139d5-13a5-47d2-989d-149eb6dd1b99,Residential,R456_1_1,2,400,200,200,400,0,19.2,513.94452,23.52504,556.66956,0,280844,302.8,212598.908,111.61128,213013.3193,-1500,2,-195,-5,0,-200,50,-20,-49,-1,0,-50,0,1,-2,-28,0,-30,25,-50,-1,-9,0,-10,0,1,2,8,0,10,10,30,1,1,0,2,-75,2,-40,0,0,-40,200,-50,0,0,-50,25,1,30,10,-50,-10,200,5,30,20,5,-50,-25
babf2443-3073-4540-a470-294189bdfac5,Residential,R1977_1_1,2,400,200,200,400,0,19.2,513.94452,23.52504,556.66956,0,280844,302.8,212598.908,111.61128,213013.3193,-1500,2,-195,-5,0,-200,50,-20,-49,-1,0,-50,0,1,-2,-28,0,-30,25,-50,-1,-9,0,-10,0,1,2,8,0,10,10,30,1,1,0,2,-75,2,-40,0,0,-40,200,-50,0,0,-50,25,1,30,10,-50,-10,200,5,30,20,5,-50,-25
359342df-5637-4b98-aca7-339bd8db77d3,Residential,R2126_1_1,2,400,200,200,400,0,19.2,513.94452,23.52504,556.66956,0,280844,302.8,212598.908,111.61128,213013.3193,-1500,2,-195,-5,0,-200,50,-20,-49,-1,0,-50,0,1,-2,-28,0,-30,25,-50,-1,-9,0,-10,0,1,2,8,0,10,10,30,1,1,0,2,-75,2,-40,0,0,-40,200,-50,0,0,-50,25,1,30,10,-50,-10,200,5,30,20,5,-50,-25
edca9c8c-c02b-4f2b-ab35-e673831c2568,Residential,R197_1_1,2,400,200,200,400,0,19.2,513.94452,23.52504,556.66956,0,280844,302.8,212598.908,111.61128,213013.3193,-1500,2,-195,-5,0,-200,50,-20,-49,-1,0,-50,0,1,-2,-28,0,-30,25,-50,-1,-9,0,-10,0,1,2,8,0,10,10,30,1,1,0,2,-75,2,-40,0,0,-40,200,-50,0,0,-50,25,1,30,10,-50,-10,200,5,30,20,5,-50,-25
1299be3d-036f-4681-85c2-707ac3af08fe,Residential,R605_1_1,2,400,200,200,400,0,19.2,513.94452,23.52504,556.66956,0,280844,302.8,212598.908,111.61128,213013.3193,-1500,2,-195,-5,0,-200,50,-20,-49,-1,0,-50,0,1,-2,-28,0,-30,25,-50,-1,-9,0,-10,0,1,2,8,0,10,10,30,1,1,0,2,-75,2,-40,0,0,-40,200,-50,0,0,-50,25,1,30,10,-50,-10,200,5,30,20,5,-50,-25
decce1c2-88db-4794-8088-1b382eccc03c,Residential,R1566_1_1,2,400,200,200,400,0,19.2,513.94452,23.52504,556.66956,0,280844,302.8,212598.908,111.61128,213013.3193,-1500,2,-195,-5,0,-200,50,-20,-49,-1,0,-50,0,1,-2,-28,0,-30,25,-50,-1,-9,0,-10,0,1,2,8,0,10,10,30,1,1,0,2,-75,2,-40,0,0,-40,200,-50,0,0,-50,25,1,30,10,-50,-10,200,5,30,20,5,-50,-25
6a8ce256-1dc7-480f-91d4-de4a74b6c844,Residential,R1636_1_1,2,400,200,200,400,0,19.2,513.94452,23.52504,556.66956,0,280844,302.8,212598.908,111.61128,213013.3193,-1500,2,-195,-5,0,-200,50,-20,-49,-1,0,-50,0,1,-2,-28,0,-30,25,-50,-1,-9,0,-10,0,1,2,8,0,10,10,30,1,1,0,2,-75,2,-40,0,0,-40,200,-50,0,0,-50,25,1,30,10,-50,-10,200,5,30,20,5,-50,-25
f3098a22-81ef-41c0-9ce9-1d1111c33d55,Residential,R512_1_1,2,400,200,200,400,0,19.2,513.94452,23.52504,556.66956,0,280844,302.8,212598.908,111.61128,213013.3193,-1500,2,-195,-5,0,-200,50,-20,-49,-1,0,-50,0,1,-2,-28,0,-30,25,-50,-1,-9,0,-10,0,1,2,8,0,10,10,30,1,1,0,2,-75,2,-40,0,0,-40,200,-50,0,0,-50,25,1,30,10,-50,-10,200,5,30,20,5,-50,-25
6bd835f2-0d8d-4db1-ac46-f6f435a7ab0f,Residential,R949_1_1,2,400,200,200,400,0,19.2,513.94452,23.52504,556.66956,0,280844,302.8,212598.908,111.61128,213013.3193,-1500,2,-195,-5,0,-200,50,-20,-49,-1,0,-50,0,1,-2,-28,0,-30,25,-50,-1,-9,0,-10,0,1,2,8,0,10,10,30,1,1,0,2,-75,2,-40,0,0,-40,200,-50,0,0,-50,25,1,30,10,-50,-10,200,5,30,20,5,-50,-25
eb33d05f-c4a0-41b6-96c1-7fea1a6784ce,Residential,R1106_1_1,2,400,200,200,400,0,19.2,513.94452,23.52504,556.66956,0,280844,302.8,212598.908,111.61128,213013.3193,-1500,2,-195,-5,0,-200,50,-20,-49,-1,0,-50,0,1,-2,-28,0,-30,25,-50,-1,-9,0,-10,0,1,2,8,0,10,10,30,1,1,0,2,-75,2,-40,0,0,-40,200,-50,0,0,-50,25,1,30,10,-50,-10,200,5,30,20,5,-50,-25
da7c1223-e79e-4a86-84ea-c799fa1c327d,Residential,R554_1_1,2,400,200,200,400,0,19.2,513.94452,23.52504,556.66956,0,280844,302.8,212598.908,111.61128,213013.3193,-1500,2,-195,-5,0,-200,50,-20,-49,-1,0,-50,0,1,-2,-28,0,-30,25,-50,-1,-9,0,-10,0,1,2,8,0,10,10,30,1,1,0,2,-75,2,-40,0,0,-40,200,-50,0,0,-50,25,1,30,10,-50,-10,200,5,30,20,5,-50,-25
4933f553-f585-4c0c-9e73-5aecfe9bb797,Residential,R39_1_1,2,400,200,200,400,0,19.2,513.94452,23.52504,556.66956,0,280844,302.8,212598.908,111.61128,213013.3193,-1500,2,-195,-5,0,-200,50,-20,-49,-1,0,-50,0,1,-2,-28,0,-30,25,-50,-1,-9,0,-10,0,1,2,8,0,10,10,30,1,1,0,2,-75,2,-40,0,0,-40,200,-50,0,0,-50,25,1,30,10,-50,-10,200,5,30,20,5,-50,-25
2709e7b9-9a14-4480-9be3-a950c0c6b5d5,Residential,R449_1_1,2,400,200,200,400,0,19.2,513.94452,23.52504,556.66956,0,280844,302.8,212598.908,111.61128,213013.3193,-1500,2,-195,-5,0,-200,50,-20,-49,-1,0,-50,0,1,-2,-28,0,-30,25,-50,-1,-9,0,-10,0,1,2,8,0,10,10,30,1,1,0,2,-75,2,-40,0,0,-40,200,-50,0,0,-50,25,1,30,10,-50,-10,200,5,30,20,5,-50,-25
c8dd2c7f-819c-44cf-aad4-577f2ec8932c,Residential,R1807_1_1,2,400,200,200,400,0,19.2,513.94452,23.52504,556.66956,0,280844,302.8,212598.908,111.61128,213013.3193,-1500,2,-195,-5,0,-200,50,-20,-49,-1,0,-50,0,1,-2,-28,0,-30,25,-50,-1,-9,0,-10,0,1,2,8,0,10,10,30,1,1,0,2,-75,2,-40,0,0,-40,200,-50,0,0,-50,25,1,30,10,-50,-10,200,5,30,20,5,-50,-25
f642913b-2235-4d0d-8436-68b506ff60f4,Residential,R2013_1_1,2,400,200,200,400,0,19.2,513.94452,23.52504,556.66956,0,280844,302.8,212598.908,111.61128,213013.3193,-1500,2,-195,-5,0,-200,50,-20,-49,-1,0,-50,0,1,-2,-28,0,-30,25,-50,-1,-9,0,-10,0,1,2,8,0,10,10,30,1,1,0,2,-75,2,-40,0,0,-40,200,-50,0,0,-50,25,1,30,10,-50,-10,200,5,30,20,5,-50,-25
856a242d-ba86-4770-ae88-0911cddc9581,Residential,R290_1_1,2,400,200,200,400,0,19.2,513.94452,23.52504,556.66956,0,280844,302.8,212598.908,111.61128,213013.3193,-1500,2,-195,-5,0,-200,50,-20,-49,-1,0,-50,0,1,-2,-28,0,-30,25,-50,-1,-9,0,-10,0,1,2,8,0,10,10,30,1,1,0,2,-75,2,-40,0,0,-40,200,-50,0,0,-50,25,1,30,10,-50,-10,200,5,30,20,5,-50,-25
79f98c2d-7fd5-4c46-8f31-709f1f925f6d,Residential,R323_1_1,2,400,200,200,400,0,19.2,513.94452,23.52504,556.66956,0,280844,302.8,212598.908,111.61128,213013.3193,-1500,2,-195,-5,0,-200,50,-20,-49,-1,0,-50,0,1,-2,-28,0,-30,25,-50,-1,-9,0,-10,0,1,2,8,0,10,10,30,1,1,0,2,-75,2,-40,0,0,-40,200,-50,0,0,-50,25,1,30,10,-50,-10,200,5,30,20,5,-50,-25
9b49e390-f547-4754-9e15-2971ea71ecb1,Residential,R1031_1_1,2,400,200,200,400,0,19.2,513.94452,23.52504,556.66956,0,280844,302.8,212598.908,111.61128,213013.3193,-1500,2,-195,-5,0,-200,50,-20,-49,-1,0,-50,0,1,-2,-28,0,-30,25,-50,-1,-9,0,-10,0,1,2,8,0,10,10,30,1,1,0,2,-75,2,-40,0,0,-40,200,-50,0,0,-50,25,1,30,10,-50,-10,200,5,30,20,5,-50,-25
42c1eb48-6120-471a-a198-6bbb9123bd37,Residential,R674_1_1,2,400,200,200,400,0,19.2,513.94452,23.52504,556.66956,0,280844,302.8,212598.908,111.61128,213013.3193,-1500,2,-195,-5,0,-200,50,-20,-49,-1,0,-50,0,1,-2,-28,0,-30,25,-50,-1,-9,0,-10,0,1,2,8,0,10,10,30,1,1,0,2,-75,2,-40,0,0,-40,200,-50,0,0,-50,25,1,30,10,-50,-10,200,5,30,20,5,-50,-25
0fac5d9f-e4dc-4b8c-a7d8-888ed06dbaee,Residential,R300_1_1,2,400,200,200,400,0,19.2,513.94452,23.52504,556.66956,0,280844,302.8,212598.908,111.61128,213013.3193,-1500,2,-195,-5,0,-200,50,-20,-49,-1,0,-50,0,1,-2,-28,0,-30,25,-50,-1,-9,0,-10,0,1,2,8,0,10,10,30,1,1,0,2,-75,2,-40,0,0,-40,200,-50,0,0,-50,25,1,30,10,-50,-10,200,5,30,20,5,-50,-25
48bc4e9a-f08c-476f-b8a0-dd834cb09b0d,Residential,R232_1_1,2,400,200,200,400,0,19.2,513.94452,23.52504,556.66956,0,280844,302.8,212598.908,111.61128,213013.3193,-1500,2,-195,-5,0,-200,50,-20,-49,-1,0,-50,0,1,-2,-28,0,-30,25,-50,-1,-9,0,-10,0,1,2,8,0,10,10,30,1,1,0,2,-75,2,-40,0,0,-40,200,-50,0,0,-50,25,1,30,10,-50,-10,200,5,30,20,5,-50,-25
24c55b87-e02a-4850-aca7-0623d9735806,Residential,R915_1_1,2,400,200,200,400,0,19.2,513.94452,23.52504,556.66956,0,280844,302.8,212598.908,111.61128,213013.3193,-1500,2,-195,-5,0,-200,50,-20,-49,-1,0,-50,0,1,-2,-28,0,-30,25,-50,-1,-9,0,-10,0,1,2,8,0,10,10,30,1,1,0,2,-75,2,-40,0,0,-40,200,-50,0,0,-50,25,1,30,10,-50,-10,200,5,30,20,5,-50,-25
ad5a4d5d-a1ed-48b4-b08f-0348d26501cd,Residential,R532_1_1,2,400,200,200,400,0,19.2,513.94452,23.52504,556.66956,0,280844,302.8,212598.908,111.61128,213013.3193,-1500,2,-195,-5,0,-200,50,-20,-49,-1,0,-50,0,1,-2,-28,0,-30,25,-50,-1,-9,0,-10,0,1,2,8,0,10,10,30,1,1,0,2,-75,2,-40,0,0,-40,200,-50,0,0,-50,25,1,30,10,-50,-10,200,5,30,20,5,-50,-25
3817a765-d172-4793-8d9f-175d0e593e03,Residential,R929_1_1,2,400,200,200,400,0,19.2,513.94452,23.52504,556.66956,0,280844,302.8,212598.908,111.61128,213013.3193,-1500,2,-195,-5,0,-200,50,-20,-49,-1,0,-50,0,1,-2,-28,0,-30,25,-50,-1,-9,0,-10,0,1,2,8,0,10,10,30,1,1,0,2,-75,2,-40,0,0,-40,200,-50,0,0,-50,25,1,30,10,-50,-10,200,5,30,20,5,-50,-25
045c32ef-a99c-4629-a547-466dc4dc0762,Residential,R473_1_1,2,400,200,200,400,0,19.2,513.94452,23.52504,556.66956,0,280844,302.8,212598.908,111.61128,213013.3193,-1500,2,-195,-5,0,-200,50,-20,-49,-1,0,-50,0,1,-2,-28,0,-30,25,-50,-1,-9,0,-10,0,1,2,8,0,10,10,30,1,1,0,2,-75,2,-40,0,0,-40,200,-50,0,0,-50,25,1,30,10,-50,-10,200,5,30,20,5,-50,-25
a7de551b-17fd-4776-ae04-5d9a5ce2bf91,Residential,R1310_1_1,2,400,200,200,400,0,19.2,513.94452,23.52504,556.66956,0,280844,302.8,212598.908,111.61128,213013.3193,-1500,2,-195,-5,0,-200,50,-20,-49,-1,0,-50,0,1,-2,-28,0,-30,25,-50,-1,-9,0,-10,0,1,2,8,0,10,10,30,1,1,0,2,-75,2,-40,0,0,-40,200,-50,0,0,-50,25,1,30,10,-50,-10,200,5,30,20,5,-50,-25
17d5dc36-2f9b-474e-a332-4c4f26376a96,Residential,R1209_1_1,2,400,200,200,400,0,19.2,513.94452,23.52504,556.66956,0,280844,302.8,212598.908,111.61128,213013.3193,-1500,2,-195,-5,0,-200,50,-20,-49,-1,0,-50,0,1,-2,-28,0,-30,25,-50,-1,-9,0,-10,0,1,2,8,0,10,10,30,1,1,0,2,-75,2,-40,0,0,-40,200,-50,0,0,-50,25,1,30,10,-50,-10,200,5,30,20,5,-50,-25
82a6ea9c-2aec-41bf-b9a6-787144558db9,Residential,R461_1_1,2,400,200,200,400,0,19.2,513.94452,23.52504,556.66956,0,280844,302.8,212598.908,111.61128,213013.3193,-1500,2,-195,-5,0,-200,50,-20,-49,-1,0,-50,0,1,-2,-28,0,-30,25,-50,-1,-9,0,-10,0,1,2,8,0,10,10,30,1,1,0,2,-75,2,-40,0,0,-40,200,-50,0,0,-50,25,1,30,10,-50,-10,200,5,30,20,5,-50,-25
c95affab-2f11-40c3-9bc7-47bcbb74face,Residential,R1132_1_1,2,400,200,200,400,0,19.2,513.94452,23.52504,556.66956,0,280844,302.8,212598.908,111.61128,213013.3193,-1500,2,-195,-5,0,-200,50,-20,-49,-1,0,-50,0,1,-2,-28,0,-30,25,-50,-1,-9,0,-10,0,1,2,8,0,10,10,30,1,1,0,2,-75,2,-40,0,0,-40,200,-50,0,0,-50,25,1,30,10,-50,-10,200,5,30,20,5,-50,-25
eaf8369b-ffc7-47e0-83d1-3d5c505a55d4,Residential,R1778_1_1,2,400,200,200,400,0,19.2,513.94452,23.52504,556.66956,0,280844,302.8,212598.908,111.61128,213013.3193,-1500,2,-195,-5,0,-200,50,-20,-49,-1,0,-50,0,1,-2,-28,0,-30,25,-50,-1,-9,0,-10,0,1,2,8,0,10,10,30,1,1,0,2,-75,2,-40,0,0,-40,200,-50,0,0,-50,25,1,30,10,-50,-10,200,5,30,20,5,-50,-25
8ebf70d5-7d00-485f-807d-3dc62d2fdfb2,Residential,R1877_1_1,2,400,200,200,400,0,19.2,513.94452,23.52504,556.66956,0,280844,302.8,212598.908,111.61128,213013.3193,-1500,2,-195,-5,0,-200,50,-20,-49,-1,0,-50,0,1,-2,-28,0,-30,25,-50,-1,-9,0,-10,0,1,2,8,0,10,10,30,1,1,0,2,-75,2,-40,0,0,-40,200,-50,0,0,-50,25,1,30,10,-50,-10,200,5,30,20,5,-50,-25
a00e38c6-d7a8-43cc-b080-31977fd8ed8a,Residential,R177_1_1,2,400,200,200,400,0,19.2,513.94452,23.52504,556.66956,0,280844,302.8,212598.908,111.61128,213013.3193,-1500,2,-195,-5,0,-200,50,-20,-49,-1,0,-50,0,1,-2,-28,0,-30,25,-50,-1,-9,0,-10,0,1,2,8,0,10,10,30,1,1,0,2,-75,2,-40,0,0,-40,200,-50,0,0,-50,25,1,30,10,-50,-10,200,5,30,20,5,-50,-25
d76e0030-a476-4a02-bcd7-909861606448,Residential,R600_1_1,2,400,200,200,400,0,19.2,513.94452,23.52504,556.66956,0,280844,302.8,212598.908,111.61128,213013.3193,-1500,2,-195,-5,0,-200,50,-20,-49,-1,0,-50,0,1,-2,-28,0,-30,25,-50,-1,-9,0,-10,0,1,2,8,0,10,10,30,1,1,0,2,-75,2,-40,0,0,-40,200,-50,0,0,-50,25,1,30,10,-50,-10,200,5,30,20,5,-50,-25
5b6ab2eb-8107-421f-a8af-83d319e15186,Residential,R808_1_1,2,400,200,200,400,0,19.2,513.94452,23.52504,556.66956,0,280844,302.8,212598.908,111.61128,213013.3193,-1500,2,-195,-5,0,-200,50,-20,-49,-1,0,-50,0,1,-2,-28,0,-30,25,-50,-1,-9,0,-10,0,1,2,8,0,10,10,30,1,1,0,2,-75,2,-40,0,0,-40,200,-50,0,0,-50,25,1,30,10,-50,-10,200,5,30,20,5,-50,-25
da0d8bde-016d-4c00-b42a-7e156e9ab6b1,Residential,R163_1_1,2,400,200,200,400,0,19.2,513.94452,23.52504,556.66956,0,280844,302.8,212598.908,111.61128,213013.3193,-1500,2,-195,-5,0,-200,50,-20,-49,-1,0,-50,0,1,-2,-28,0,-30,25,-50,-1,-9,0,-10,0,1,2,8,0,10,10,30,1,1,0,2,-75,2,-40,0,0,-40,200,-50,0,0,-50,25,1,30,10,-50,-10,200,5,30,20,5,-50,-25
b4c0083b-3638-43c7-80d8-0cfe3ee21b2f,Residential,R2204_1_1,2,400,200,200,400,0,19.2,513.94452,23.52504,556.66956,0,280844,302.8,212598.908,111.61128,213013.3193,-1500,2,-195,-5,0,-200,50,-20,-49,-1,0,-50,0,1,-2,-28,0,-30,25,-50,-1,-9,0,-10,0,1,2,8,0,10,10,30,1,1,0,2,-75,2,-40,0,0,-40,200,-50,0,0,-50,25,1,30,10,-50,-10,200,5,30,20,5,-50,-25
b62498df-8b97-4c54-aed6-7e5913fdb23a,Residential,R1217_1_1,2,400,200,200,400,0,19.2,513.94452,23.52504,556.66956,0,280844,302.8,212598.908,111.61128,213013.3193,-1500,2,-195,-5,0,-200,50,-20,-49,-1,0,-50,0,1,-2,-28,0,-30,25,-50,-1,-9,0,-10,0,1,2,8,0,10,10,30,1,1,0,2,-75,2,-40,0,0,-40,200,-50,0,0,-50,25,1,30,10,-50,-10,200,5,30,20,5,-50,-25
90708c10-97a5-4322-acf7-db9f2990c80a,Residential,R884_1_1,2,400,200,200,400,0,19.2,513.94452,23.52504,556.66956,0,280844,302.8,212598.908,111.61128,213013.3193,-1500,2,-195,-5,0,-200,50,-20,-49,-1,0,-50,0,1,-2,-28,0,-30,25,-50,-1,-9,0,-10,0,1,2,8,0,10,10,30,1,1,0,2,-75,2,-40,0,0,-40,200,-50,0,0,-50,25,1,30,10,-50,-10,200,5,30,20,5,-50,-25
432ab991-f52f-4d1d-b674-f12e050f79a1,Residential,R164_1_1,2,400,200,200,400,0,19.2,513.94452,23.52504,556.66956,0,280844,302.8,212598.908,111.61128,213013.3193,-1500,2,-195,-5,0,-200,50,-20,-49,-1,0,-50,0,1,-2,-28,0,-30,25,-50,-1,-9,0,-10,0,1,2,8,0,10,10,30,1,1,0,2,-75,2,-40,0,0,-40,200,-50,0,0,-50,25,1,30,10,-50,-10,200,5,30,20,5,-50,-25
0cae1611-e45b-48f0-af9c-87eae99cbcf4,Residential,R1976_1_1,2,400,200,200,400,0,19.2,513.94452,23.52504,556.66956,0,280844,302.8,212598.908,111.61128,213013.3193,-1500,2,-195,-5,0,-200,50,-20,-49,-1,0,-50,0,1,-2,-28,0,-30,25,-50,-1,-9,0,-10,0,1,2,8,0,10,10,30,1,1,0,2,-75,2,-40,0,0,-40,200,-50,0,0,-50,25,1,30,10,-50,-10,200,5,30,20,5,-50,-25
5540a9bb-46d1-403b-9ead-9cf151237642,Residential,R755_1_1,2,400,200,200,400,0,19.2,513.94452,23.52504,556.66956,0,280844,302.8,212598.908,111.61128,213013.3193,-1500,2,-195,-5,0,-200,50,-20,-49,-1,0,-50,0,1,-2,-28,0,-30,25,-50,-1,-9,0,-10,0,1,2,8,0,10,10,30,1,1,0,2,-75,2,-40,0,0,-40,200,-50,0,0,-50,25,1,30,10,-50,-10,200,5,30,20,5,-50,-25
9f213174-29f8-4e0f-b063-0b1f09d9c32d,Residential,R1569_1_1,2,400,200,200,400,0,19.2,513.94452,23.52504,556.66956,0,280844,302.8,212598.908,111.61128,213013.3193,-1500,2,-195,-5,0,-200,50,-20,-49,-1,0,-50,0,1,-2,-28,0,-30,25,-50,-1,-9,0,-10,0,1,2,8,0,10,10,30,1,1,0,2,-75,2,-40,0,0,-40,200,-50,0,0,-50,25,1,30,10,-50,-10,200,5,30,20,5,-50,-25
e3c21a7a-a561-45d0-9fce-cee16b40da42,Residential,R1080_1_1,2,400,200,200,400,0,19.2,513.94452,23.52504,556.66956,0,280844,302.8,212598.908,111.61128,213013.3193,-1500,2,-195,-5,0,-200,50,-20,-49,-1,0,-50,0,1,-2,-28,0,-30,25,-50,-1,-9,0,-10,0,1,2,8,0,10,10,30,1,1,0,2,-75,2,-40,0,0,-40,200,-50,0,0,-50,25,1,30,10,-50,-10,200,5,30,20,5,-50,-25
a14b561f-a341-4c62-ba3b-976ab8941e14,Residential,R2205_1_1,2,400,200,200,400,0,19.2,513.94452,23.52504,556.66956,0,280844,302.8,212598.908,111.61128,213013.3193,-1500,2,-195,-5,0,-200,50,-20,-49,-1,0,-50,0,1,-2,-28,0,-30,25,-50,-1,-9,0,-10,0,1,2,8,0,10,10,30,1,1,0,2,-75,2,-40,0,0,-40,200,-50,0,0,-50,25,1,30,10,-50,-10,200,5,30,20,5,-50,-25
0bb8a67b-a807-44cf-85cc-986ecaf98bb6,Residential,R591_1_1,2,400,200,200,400,0,19.2,513.94452,23.52504,556.66956,0,280844,302.8,212598.908,111.61128,213013.3193,-1500,2,-195,-5,0,-200,50,-20,-49,-1,0,-50,0,1,-2,-28,0,-30,25,-50,-1,-9,0,-10,0,1,2,8,0,10,10,30,1,1,0,2,-75,2,-40,0,0,-40,200,-50,0,0,-50,25,1,30,10,-50,-10,200,5,30,20,5,-50,-25
5322dac0-abbf-40ab-92b0-fd286d1c5cdf,Residential,R1203_1_1,2,400,200,200,400,0,19.2,513.94452,23.52504,556.66956,0,280844,302.8,212598.908,111.61128,213013.3193,-1500,2,-195,-5,0,-200,50,-20,-49,-1,0,-50,0,1,-2,-28,0,-30,25,-50,-1,-9,0,-10,0,1,2,8,0,10,10,30,1,1,0,2,-75,2,-40,0,0,-40,200,-50,0,0,-50,25,1,30,10,-50,-10,200,5,30,20,5,-50,-25
3bb8510e-8df8-418f-adee-ef79ab61ebec,Residential,R778_1_1,2,400,200,200,400,0,19.2,513.94452,23.52504,556.66956,0,280844,302.8,212598.908,111.61128,213013.3193,-1500,2,-195,-5,0,-200,50,-20,-49,-1,0,-50,0,1,-2,-28,0,-30,25,-50,-1,-9,0,-10,0,1,2,8,0,10,10,30,1,1,0,2,-75,2,-40,0,0,-40,200,-50,0,0,-50,25,1,30,10,-50,-10,200,5,30,20,5,-50,-25
e8a6a32f-cb1f-4702-8249-a6388739be70,Residential,R1263_1_1,2,400,200,200,400,0,19.2,513.94452,23.52504,556.66956,0,280844,302.8,212598.908,111.61128,213013.3193,-1500,2,-195,-5,0,-200,50,-20,-49,-1,0,-50,0,1,-2,-28,0,-30,25,-50,-1,-9,0,-10,0,1,2,8,0,10,10,30,1,1,0,2,-75,2,-40,0,0,-40,200,-50,0,0,-50,25,1,30,10,-50,-10,200,5,30,20,5,-50,-25
296a2178-cf0e-451a-a73a-2b4cb9e4d30c,Residential,R1859_1_1,2,400,200,200,400,0,19.2,513.94452,23.52504,556.66956,0,280844,302.8,212598.908,111.61128,213013.3193,-1500,2,-195,-5,0,-200,50,-20,-49,-1,0,-50,0,1,-2,-28,0,-30,25,-50,-1,-9,0,-10,0,1,2,8,0,10,10,30,1,1,0,2,-75,2,-40,0,0,-40,200,-50,0,0,-50,25,1,30,10,-50,-10,200,5,30,20,5,-50,-25
1a5df806-e357-4e8e-b8ed-5e9bac7bbdf8,Residential,R252_1_1,2,400,200,200,400,0,19.2,513.94452,23.52504,556.66956,0,280844,302.8,212598.908,111.61128,213013.3193,-1500,2,-195,-5,0,-200,50,-20,-49,-1,0,-50,0,1,-2,-28,0,-30,25,-50,-1,-9,0,-10,0,1,2,8,0,10,10,30,1,1,0,2,-75,2,-40,0,0,-40,200,-50,0,0,-50,25,1,30,10,-50,-10,200,5,30,20,5,-50,-25
d844e5a6-7a27-4d56-9679-e50646929a50,Residential,R169_1_1,2,400,200,200,400,0,19.2,513.94452,23.52504,556.66956,0,280844,302.8,212598.908,111.61128,213013.3193,-1500,2,-195,-5,0,-200,50,-20,-49,-1,0,-50,0,1,-2,-28,0,-30,25,-50,-1,-9,0,-10,0,1,2,8,0,10,10,30,1,1,0,2,-75,2,-40,0,0,-40,200,-50,0,0,-50,25,1,30,10,-50,-10,200,5,30,20,5,-50,-25
15d6b3c1-8e8f-4e8f-a0a6-da2ea878970b,Residential,R1880_1_1,2,400,200,200,400,0,19.2,513.94452,23.52504,556.66956,0,280844,302.8,212598.908,111.61128,213013.3193,-1500,2,-195,-5,0,-200,50,-20,-49,-1,0,-50,0,1,-2,-28,0,-30,25,-50,-1,-9,0,-10,0,1,2,8,0,10,10,30,1,1,0,2,-75,2,-40,0,0,-40,200,-50,0,0,-50,25,1,30,10,-50,-10,200,5,30,20,5,-50,-25
a00c1bc6-6e0b-47b5-8836-3da8c149332b,Residential,R1505_1_1,2,400,200,200,400,0,19.2,513.94452,23.52504,556.66956,0,280844,302.8,212598.908,111.61128,213013.3193,-1500,2,-195,-5,0,-200,50,-20,-49,-1,0,-50,0,1,-2,-28,0,-30,25,-50,-1,-9,0,-10,0,1,2,8,0,10,10,30,1,1,0,2,-75,2,-40,0,0,-40,200,-50,0,0,-50,25,1,30,10,-50,-10,200,5,30,20,5,-50,-25
3981d659-f4d6-4675-bb81-3ddd3cf6fbbd,Residential,R1893_1_1,2,400,200,200,400,0,19.2,513.94452,23.52504,556.66956,0,280844,302.8,212598.908,111.61128,213013.3193,-1500,2,-195,-5,0,-200,50,-20,-49,-1,0,-50,0,1,-2,-28,0,-30,25,-50,-1,-9,0,-10,0,1,2,8,0,10,10,30,1,1,0,2,-75,2,-40,0,0,-40,200,-50,0,0,-50,25,1,30,10,-50,-10,200,5,30,20,5,-50,-25
ecaed976-0ff2-41cc-9586-4c0e8f5983da,Residential,R881_1_1,2,400,200,200,400,0,19.2,513.94452,23.52504,556.66956,0,280844,302.8,212598.908,111.61128,213013.3193,-1500,2,-195,-5,0,-200,50,-20,-49,-1,0,-50,0,1,-2,-28,0,-30,25,-50,-1,-9,0,-10,0,1,2,8,0,10,10,30,1,1,0,2,-75,2,-40,0,0,-40,200,-50,0,0,-50,25,1,30,10,-50,-10,200,5,30,20,5,-50,-25
4610d981-7c01-4810-8085-6732526181df,Residential,R1477_1_1,2,400,200,200,400,0,19.2,513.94452,23.52504,556.66956,0,280844,302.8,212598.908,111.61128,213013.3193,-1500,2,-195,-5,0,-200,50,-20,-49,-1,0,-50,0,1,-2,-28,0,-30,25,-50,-1,-9,0,-10,0,1,2,8,0,10,10,30,1,1,0,2,-75,2,-40,0,0,-40,200,-50,0,0,-50,25,1,30,10,-50,-10,200,5,30,20,5,-50,-25
786ca9be-1794-4edf-bbe7-09c879234313,Residential,R1712_1_1,2,400,200,200,400,0,19.2,513.94452,23.52504,556.66956,0,280844,302.8,212598.908,111.61128,213013.3193,-1500,2,-195,-5,0,-200,50,-20,-49,-1,0,-50,0,1,-2,-28,0,-30,25,-50,-1,-9,0,-10,0,1,2,8,0,10,10,30,1,1,0,2,-75,2,-40,0,0,-40,200,-50,0,0,-50,25,1,30,10,-50,-10,200,5,30,20,5,-50,-25
b1ac19d7-e418-4e4e-acc0-58e72b1bfc8a,Residential,R1186_1_1,2,400,200,200,400,0,19.2,513.94452,23.52504,556.66956,0,280844,302.8,212598.908,111.61128,213013.3193,-1500,2,-195,-5,0,-200,50,-20,-49,-1,0,-50,0,1,-2,-28,0,-30,25,-50,-1,-9,0,-10,0,1,2,8,0,10,10,30,1,1,0,2,-75,2,-40,0,0,-40,200,-50,0,0,-50,25,1,30,10,-50,-10,200,5,30,20,5,-50,-25
a32e0e70-7e22-45b7-a5ff-6ab5d0c5dd80,Residential,R783_1_1,2,400,200,200,400,0,19.2,513.94452,23.52504,556.66956,0,280844,302.8,212598.908,111.61128,213013.3193,-1500,2,-195,-5,0,-200,50,-20,-49,-1,0,-50,0,1,-2,-28,0,-30,25,-50,-1,-9,0,-10,0,1,2,8,0,10,10,30,1,1,0,2,-75,2,-40,0,0,-40,200,-50,0,0,-50,25,1,30,10,-50,-10,200,5,30,20,5,-50,-25
04b58381-ead3-4590-8809-0638beb2a88d,Residential,R1914_1_1,2,400,200,200,400,0,19.2,513.94452,23.52504,556.66956,0,280844,302.8,212598.908,111.61128,213013.3193,-1500,2,-195,-5,0,-200,50,-20,-49,-1,0,-50,0,1,-2,-28,0,-30,25,-50,-1,-9,0,-10,0,1,2,8,0,10,10,30,1,1,0,2,-75,2,-40,0,0,-40,200,-50,0,0,-50,25,1,30,10,-50,-10,200,5,30,20,5,-50,-25
0496df13-7642-482c-9ce3-90ab45e879b0,Residential,R411_1_1,2,400,200,200,400,0,19.2,513.94452,23.52504,556.66956,0,280844,302.8,212598.908,111.61128,213013.3193,-1500,2,-195,-5,0,-200,50,-20,-49,-1,0,-50,0,1,-2,-28,0,-30,25,-50,-1,-9,0,-10,0,1,2,8,0,10,10,30,1,1,0,2,-75,2,-40,0,0,-40,200,-50,0,0,-50,25,1,30,10,-50,-10,200,5,30,20,5,-50,-25
1292f027-4262-4671-bb8a-ce4e540adf28,Residential,R1997_1_1,2,400,200,200,400,0,19.2,513.94452,23.52504,556.66956,0,280844,302.8,212598.908,111.61128,213013.3193,-1500,2,-195,-5,0,-200,50,-20,-49,-1,0,-50,0,1,-2,-28,0,-30,25,-50,-1,-9,0,-10,0,1,2,8,0,10,10,30,1,1,0,2,-75,2,-40,0,0,-40,200,-50,0,0,-50,25,1,30,10,-50,-10,200,5,30,20,5,-50,-25
7910f761-f950-4f19-bea8-91c3abb50a59,Residential,R1767_1_1,2,400,200,200,400,0,19.2,513.94452,23.52504,556.66956,0,280844,302.8,212598.908,111.61128,213013.3193,-1500,2,-195,-5,0,-200,50,-20,-49,-1,0,-50,0,1,-2,-28,0,-30,25,-50,-1,-9,0,-10,0,1,2,8,0,10,10,30,1,1,0,2,-75,2,-40,0,0,-40,200,-50,0,0,-50,25,1,30,10,-50,-10,200,5,30,20,5,-50,-25
ad676139-17f4-4c2a-9de5-053309fe5a49,Residential,R1689_1_1,2,400,200,200,400,0,19.2,513.94452,23.52504,556.66956,0,280844,302.8,212598.908,111.61128,213013.3193,-1500,2,-195,-5,0,-200,50,-20,-49,-1,0,-50,0,1,-2,-28,0,-30,25,-50,-1,-9,0,-10,0,1,2,8,0,10,10,30,1,1,0,2,-75,2,-40,0,0,-40,200,-50,0,0,-50,25,1,30,10,-50,-10,200,5,30,20,5,-50,-25
a9e7ddbc-8617-4014-9978-67a6d0d8580d,Residential,R1353_1_1,2,400,200,200,400,0,19.2,513.94452,23.52504,556.66956,0,280844,302.8,212598.908,111.61128,213013.3193,-1500,2,-195,-5,0,-200,50,-20,-49,-1,0,-50,0,1,-2,-28,0,-30,25,-50,-1,-9,0,-10,0,1,2,8,0,10,10,30,1,1,0,2,-75,2,-40,0,0,-40,200,-50,0,0,-50,25,1,30,10,-50,-10,200,5,30,20,5,-50,-25
47eba10f-60f4-4df7-8782-bc17fea6aa1d,Residential,R1415_1_1,2,400,200,200,400,0,19.2,513.94452,23.52504,556.66956,0,280844,302.8,212598.908,111.61128,213013.3193,-1500,2,-195,-5,0,-200,50,-20,-49,-1,0,-50,0,1,-2,-28,0,-30,25,-50,-1,-9,0,-10,0,1,2,8,0,10,10,30,1,1,0,2,-75,2,-40,0,0,-40,200,-50,0,0,-50,25,1,30,10,-50,-10,200,5,30,20,5,-50,-25
8bf68d57-c610-40b5-a3ed-f352036b819a,Residential,R706_1_1,2,400,200,200,400,0,19.2,513.94452,23.52504,556.66956,0,280844,302.8,212598.908,111.61128,213013.3193,-1500,2,-195,-5,0,-200,50,-20,-49,-1,0,-50,0,1,-2,-28,0,-30,25,-50,-1,-9,0,-10,0,1,2,8,0,10,10,30,1,1,0,2,-75,2,-40,0,0,-40,200,-50,0,0,-50,25,1,30,10,-50,-10,200,5,30,20,5,-50,-25
e06e6b57-3836-4656-89b6-da4eda359425,Residential,R664_1_1,2,400,200,200,400,0,19.2,513.94452,23.52504,556.66956,0,280844,302.8,212598.908,111.61128,213013.3193,-1500,2,-195,-5,0,-200,50,-20,-49,-1,0,-50,0,1,-2,-28,0,-30,25,-50,-1,-9,0,-10,0,1,2,8,0,10,10,30,1,1,0,2,-75,2,-40,0,0,-40,200,-50,0,0,-50,25,1,30,10,-50,-10,200,5,30,20,5,-50,-25
b27b276c-92c1-4996-b640-900dcaeaf3fa,Residential,R1503_1_1,2,400,200,200,400,0,19.2,513.94452,23.52504,556.66956,0,280844,302.8,212598.908,111.61128,213013.3193,-1500,2,-195,-5,0,-200,50,-20,-49,-1,0,-50,0,1,-2,-28,0,-30,25,-50,-1,-9,0,-10,0,1,2,8,0,10,10,30,1,1,0,2,-75,2,-40,0,0,-40,200,-50,0,0,-50,25,1,30,10,-50,-10,200,5,30,20,5,-50,-25
27f0a5a8-96fc-4856-b043-172e6878fa6e,Residential,R303_1_1,2,400,200,200,400,0,19.2,513.94452,23.52504,556.66956,0,280844,302.8,212598.908,111.61128,213013.3193,-1500,2,-195,-5,0,-200,50,-20,-49,-1,0,-50,0,1,-2,-28,0,-30,25,-50,-1,-9,0,-10,0,1,2,8,0,10,10,30,1,1,0,2,-75,2,-40,0,0,-40,200,-50,0,0,-50,25,1,30,10,-50,-10,200,5,30,20,5,-50,-25
4cb2ec0d-82ed-4475-9a9a-b29edd92f808,Residential,R1682_1_1,2,400,200,200,400,0,19.2,513.94452,23.52504,556.66956,0,280844,302.8,212598.908,111.61128,213013.3193,-1500,2,-195,-5,0,-200,50,-20,-49,-1,0,-50,0,1,-2,-28,0,-30,25,-50,-1,-9,0,-10,0,1,2,8,0,10,10,30,1,1,0,2,-75,2,-40,0,0,-40,200,-50,0,0,-50,25,1,30,10,-50,-10,200,5,30,20,5,-50,-25
6191e160-4809-4773-aa4e-9dbc1a8a3d68,Residential,R141_1_1,2,400,200,200,400,0,19.2,513.94452,23.52504,556.66956,0,280844,302.8,212598.908,111.61128,213013.3193,-1500,2,-195,-5,0,-200,50,-20,-49,-1,0,-50,0,1,-2,-28,0,-30,25,-50,-1,-9,0,-10,0,1,2,8,0,10,10,30,1,1,0,2,-75,2,-40,0,0,-40,200,-50,0,0,-50,25,1,30,10,-50,-10,200,5,30,20,5,-50,-25
83c589a7-9aff-427e-afae-c12ff4705465,Residential,R1750_1_1,2,400,200,200,400,0,19.2,513.94452,23.52504,556.66956,0,280844,302.8,212598.908,111.61128,213013.3193,-1500,2,-195,-5,0,-200,50,-20,-49,-1,0,-50,0,1,-2,-28,0,-30,25,-50,-1,-9,0,-10,0,1,2,8,0,10,10,30,1,1,0,2,-75,2,-40,0,0,-40,200,-50,0,0,-50,25,1,30,10,-50,-10,200,5,30,20,5,-50,-25
4ea907f3-2fdb-4bed-b293-f2d53f388a57,Residential,R1107_1_1,2,400,200,200,400,0,19.2,513.94452,23.52504,556.66956,0,280844,302.8,212598.908,111.61128,213013.3193,-1500,2,-195,-5,0,-200,50,-20,-49,-1,0,-50,0,1,-2,-28,0,-30,25,-50,-1,-9,0,-10,0,1,2,8,0,10,10,30,1,1,0,2,-75,2,-40,0,0,-40,200,-50,0,0,-50,25,1,30,10,-50,-10,200,5,30,20,5,-50,-25
39032536-be90-4683-83a9-ea4db0cf2985,Residential,R1337_1_1,2,400,200,200,400,0,19.2,513.94452,23.52504,556.66956,0,280844,302.8,212598.908,111.61128,213013.3193,-1500,2,-195,-5,0,-200,50,-20,-49,-1,0,-50,0,1,-2,-28,0,-30,25,-50,-1,-9,0,-10,0,1,2,8,0,10,10,30,1,1,0,2,-75,2,-40,0,0,-40,200,-50,0,0,-50,25,1,30,10,-50,-10,200,5,30,20,5,-50,-25
66def6fd-03b3-4226-82cf-102f2235a28c,Residential,R569_1_1,2,400,200,200,400,0,19.2,513.94452,23.52504,556.66956,0,280844,302.8,212598.908,111.61128,213013.3193,-1500,2,-195,-5,0,-200,50,-20,-49,-1,0,-50,0,1,-2,-28,0,-30,25,-50,-1,-9,0,-10,0,1,2,8,0,10,10,30,1,1,0,2,-75,2,-40,0,0,-40,200,-50,0,0,-50,25,1,30,10,-50,-10,200,5,30,20,5,-50,-25
8597eb33-eb79-424b-8bd6-5fecc2875ea8,Residential,R2063_1_1,2,400,200,200,400,0,19.2,513.94452,23.52504,556.66956,0,280844,302.8,212598.908,111.61128,213013.3193,-1500,2,-195,-5,0,-200,50,-20,-49,-1,0,-50,0,1,-2,-28,0,-30,25,-50,-1,-9,0,-10,0,1,2,8,0,10,10,30,1,1,0,2,-75,2,-40,0,0,-40,200,-50,0,0,-50,25,1,30,10,-50,-10,200,5,30,20,5,-50,-25
2e1b2bee-de21-4cf6-9590-6d0c3a6b5653,Residential,R930_1_1,2,400,200,200,400,0,19.2,513.94452,23.52504,556.66956,0,280844,302.8,212598.908,111.61128,213013.3193,-1500,2,-195,-5,0,-200,50,-20,-49,-1,0,-50,0,1,-2,-28,0,-30,25,-50,-1,-9,0,-10,0,1,2,8,0,10,10,30,1,1,0,2,-75,2,-40,0,0,-40,200,-50,0,0,-50,25,1,30,10,-50,-10,200,5,30,20,5,-50,-25
d343ce18-5371-4ee6-adab-1bf3fb8ded63,Residential,R1862_1_1,2,400,200,200,400,0,19.2,513.94452,23.52504,556.66956,0,280844,302.8,212598.908,111.61128,213013.3193,-1500,2,-195,-5,0,-200,50,-20,-49,-1,0,-50,0,1,-2,-28,0,-30,25,-50,-1,-9,0,-10,0,1,2,8,0,10,10,30,1,1,0,2,-75,2,-40,0,0,-40,200,-50,0,0,-50,25,1,30,10,-50,-10,200,5,30,20,5,-50,-25
2ad9e050-8684-43b6-84ce-357777bf7fb6,Residential,R313_1_1,2,400,200,200,400,0,19.2,513.94452,23.52504,556.66956,0,280844,302.8,212598.908,111.61128,213013.3193,-1500,2,-195,-5,0,-200,50,-20,-49,-1,0,-50,0,1,-2,-28,0,-30,25,-50,-1,-9,0,-10,0,1,2,8,0,10,10,30,1,1,0,2,-75,2,-40,0,0,-40,200,-50,0,0,-50,25,1,30,10,-50,-10,200,5,30,20,5,-50,-25
e683e354-a313-4a31-80e9-1f9b50512a81,Residential,R1911_1_1,2,400,200,200,400,0,19.2,513.94452,23.52504,556.66956,0,280844,302.8,212598.908,111.61128,213013.3193,-1500,2,-195,-5,0,-200,50,-20,-49,-1,0,-50,0,1,-2,-28,0,-30,25,-50,-1,-9,0,-10,0,1,2,8,0,10,10,30,1,1,0,2,-75,2,-40,0,0,-40,200,-50,0,0,-50,25,1,30,10,-50,-10,200,5,30,20,5,-50,-25
528ce729-204a-429b-96a2-62ef03bbf88c,Residential,R2128_1_1,2,400,200,200,400,0,19.2,513.94452,23.52504,556.66956,0,280844,302.8,212598.908,111.61128,213013.3193,-1500,2,-195,-5,0,-200,50,-20,-49,-1,0,-50,0,1,-2,-28,0,-30,25,-50,-1,-9,0,-10,0,1,2,8,0,10,10,30,1,1,0,2,-75,2,-40,0,0,-40,200,-50,0,0,-50,25,1,30,10,-50,-10,200,5,30,20,5,-50,-25
ff344645-3c90-4929-aac3-93327c56ac67,Residential,R1793_1_1,2,400,200,200,400,0,19.2,513.94452,23.52504,556.66956,0,280844,302.8,212598.908,111.61128,213013.3193,-1500,2,-195,-5,0,-200,50,-20,-49,-1,0,-50,0,1,-2,-28,0,-30,25,-50,-1,-9,0,-10,0,1,2,8,0,10,10,30,1,1,0,2,-75,2,-40,0,0,-40,200,-50,0,0,-50,25,1,30,10,-50,-10,200,5,30,20,5,-50,-25
1b9c1e23-db42-414c-b1ca-422cb1bf8695,Residential,R1135_1_1,2,400,200,200,400,0,19.2,513.94452,23.52504,556.66956,0,280844,302.8,212598.908,111.61128,213013.3193,-1500,2,-195,-5,0,-200,50,-20,-49,-1,0,-50,0,1,-2,-28,0,-30,25,-50,-1,-9,0,-10,0,1,2,8,0,10,10,30,1,1,0,2,-75,2,-40,0,0,-40,200,-50,0,0,-50,25,1,30,10,-50,-10,200,5,30,20,5,-50,-25
4461e538-4413-479b-bdc2-7d7aa2e0c9e9,Residential,R2187_1_1,2,400,200,200,400,0,19.2,513.94452,23.52504,556.66956,0,280844,302.8,212598.908,111.61128,213013.3193,-1500,2,-195,-5,0,-200,50,-20,-49,-1,0,-50,0,1,-2,-28,0,-30,25,-50,-1,-9,0,-10,0,1,2,8,0,10,10,30,1,1,0,2,-75,2,-40,0,0,-40,200,-50,0,0,-50,25,1,30,10,-50,-10,200,5,30,20,5,-50,-25
a6de0c26-f942-4a41-81e3-29a151260923,Residential,R1416_1_1,2,400,200,200,400,0,19.2,513.94452,23.52504,556.66956,0,280844,302.8,212598.908,111.61128,213013.3193,-1500,2,-195,-5,0,-200,50,-20,-49,-1,0,-50,0,1,-2,-28,0,-30,25,-50,-1,-9,0,-10,0,1,2,8,0,10,10,30,1,1,0,2,-75,2,-40,0,0,-40,200,-50,0,0,-50,25,1,30,10,-50,-10,200,5,30,20,5,-50,-25
82dad66f-efa5-466c-8e1a-38c91cef6565,Residential,R1351_1_1,2,400,200,200,400,0,19.2,513.94452,23.52504,556.66956,0,280844,302.8,212598.908,111.61128,213013.3193,-1500,2,-195,-5,0,-200,50,-20,-49,-1,0,-50,0,1,-2,-28,0,-30,25,-50,-1,-9,0,-10,0,1,2,8,0,10,10,30,1,1,0,2,-75,2,-40,0,0,-40,200,-50,0,0,-50,25,1,30,10,-50,-10,200,5,30,20,5,-50,-25
c3e388e8-a4f1-43b3-b623-2120e12e067f,Residential,R1053_1_1,2,400,200,200,400,0,19.2,513.94452,23.52504,556.66956,0,280844,302.8,212598.908,111.61128,213013.3193,-1500,2,-195,-5,0,-200,50,-20,-49,-1,0,-50,0,1,-2,-28,0,-30,25,-50,-1,-9,0,-10,0,1,2,8,0,10,10,30,1,1,0,2,-75,2,-40,0,0,-40,200,-50,0,0,-50,25,1,30,10,-50,-10,200,5,30,20,5,-50,-25
b86a4875-43a6-45ce-a59e-7f794d464b6c,Residential,R1442_1_1,2,400,200,200,400,0,19.2,513.94452,23.52504,556.66956,0,280844,302.8,212598.908,111.61128,213013.3193,-1500,2,-195,-5,0,-200,50,-20,-49,-1,0,-50,0,1,-2,-28,0,-30,25,-50,-1,-9,0,-10,0,1,2,8,0,10,10,30,1,1,0,2,-75,2,-40,0,0,-40,200,-50,0,0,-50,25,1,30,10,-50,-10,200,5,30,20,5,-50,-25
a9706b06-b5a9-4133-9429-4e1a2005cea6,Residential,R1894_1_1,2,400,200,200,400,0,19.2,513.94452,23.52504,556.66956,0,280844,302.8,212598.908,111.61128,213013.3193,-1500,2,-195,-5,0,-200,50,-20,-49,-1,0,-50,0,1,-2,-28,0,-30,25,-50,-1,-9,0,-10,0,1,2,8,0,10,10,30,1,1,0,2,-75,2,-40,0,0,-40,200,-50,0,0,-50,25,1,30,10,-50,-10,200,5,30,20,5,-50,-25
45b4e79c-0b04-4a02-91b3-7ef16e48e6ae,Residential,R1595_1_1,2,400,200,200,400,0,19.2,513.94452,23.52504,556.66956,0,280844,302.8,212598.908,111.61128,213013.3193,-1500,2,-195,-5,0,-200,50,-20,-49,-1,0,-50,0,1,-2,-28,0,-30,25,-50,-1,-9,0,-10,0,1,2,8,0,10,10,30,1,1,0,2,-75,2,-40,0,0,-40,200,-50,0,0,-50,25,1,30,10,-50,-10,200,5,30,20,5,-50,-25
aff40d5b-d550-43f1-a1fb-61772a3d2cf5,Residential,R582_1_1,2,400,200,200,400,0,19.2,513.94452,23.52504,556.66956,0,280844,302.8,212598.908,111.61128,213013.3193,-1500,2,-195,-5,0,-200,50,-20,-49,-1,0,-50,0,1,-2,-28,0,-30,25,-50,-1,-9,0,-10,0,1,2,8,0,10,10,30,1,1,0,2,-75,2,-40,0,0,-40,200,-50,0,0,-50,25,1,30,10,-50,-10,200,5,30,20,5,-50,-25
f34a5a09-d54d-4ca2-bdfd-5d04a2fb69c6,Residential,R1514_1_1,2,400,200,200,400,0,19.2,513.94452,23.52504,556.66956,0,280844,302.8,212598.908,111.61128,213013.3193,-1500,2,-195,-5,0,-200,50,-20,-49,-1,0,-50,0,1,-2,-28,0,-30,25,-50,-1,-9,0,-10,0,1,2,8,0,10,10,30,1,1,0,2,-75,2,-40,0,0,-40,200,-50,0,0,-50,25,1,30,10,-50,-10,200,5,30,20,5,-50,-25
22cc2534-7cfb-451b-bebe-afee4d2cfa20,Residential,R1373_1_1,2,400,200,200,400,0,19.2,513.94452,23.52504,556.66956,0,280844,302.8,212598.908,111.61128,213013.3193,-1500,2,-195,-5,0,-200,50,-20,-49,-1,0,-50,0,1,-2,-28,0,-30,25,-50,-1,-9,0,-10,0,1,2,8,0,10,10,30,1,1,0,2,-75,2,-40,0,0,-40,200,-50,0,0,-50,25,1,30,10,-50,-10,200,5,30,20,5,-50,-25
bed3fcea-4751-46f1-8d4a-28ba9389693c,Residential,R2090_1_1,2,400,200,200,400,0,19.2,513.94452,23.52504,556.66956,0,280844,302.8,212598.908,111.61128,213013.3193,-1500,2,-195,-5,0,-200,50,-20,-49,-1,0,-50,0,1,-2,-28,0,-30,25,-50,-1,-9,0,-10,0,1,2,8,0,10,10,30,1,1,0,2,-75,2,-40,0,0,-40,200,-50,0,0,-50,25,1,30,10,-50,-10,200,5,30,20,5,-50,-25
e1fce7cd-a95c-4c25-83b4-4603ee3fe66e,Residential,R1831_1_1,2,400,200,200,400,0,19.2,513.94452,23.52504,556.66956,0,280844,302.8,212598.908,111.61128,213013.3193,-1500,2,-195,-5,0,-200,50,-20,-49,-1,0,-50,0,1,-2,-28,0,-30,25,-50,-1,-9,0,-10,0,1,2,8,0,10,10,30,1,1,0,2,-75,2,-40,0,0,-40,200,-50,0,0,-50,25,1,30,10,-50,-10,200,5,30,20,5,-50,-25
9786a391-8aff-435a-9ccc-9c7ae6894ecc,Residential,R2171_1_1,2,400,200,200,400,0,19.2,513.94452,23.52504,556.66956,0,280844,302.8,212598.908,111.61128,213013.3193,-1500,2,-195,-5,0,-200,50,-20,-49,-1,0,-50,0,1,-2,-28,0,-30,25,-50,-1,-9,0,-10,0,1,2,8,0,10,10,30,1,1,0,2,-75,2,-40,0,0,-40,200,-50,0,0,-50,25,1,30,10,-50,-10,200,5,30,20,5,-50,-25
b1e6bff1-3963-4aec-9366-906d12e15c34,Residential,R1883_1_1,2,400,200,200,400,0,19.2,513.94452,23.52504,556.66956,0,280844,302.8,212598.908,111.61128,213013.3193,-1500,2,-195,-5,0,-200,50,-20,-49,-1,0,-50,0,1,-2,-28,0,-30,25,-50,-1,-9,0,-10,0,1,2,8,0,10,10,30,1,1,0,2,-75,2,-40,0,0,-40,200,-50,0,0,-50,25,1,30,10,-50,-10,200,5,30,20,5,-50,-25
af32c1c7-bbe4-43a1-b763-d81971ae9855,Residential,R636_1_1,2,400,200,200,400,0,19.2,513.94452,23.52504,556.66956,0,280844,302.8,212598.908,111.61128,213013.3193,-1500,2,-195,-5,0,-200,50,-20,-49,-1,0,-50,0,1,-2,-28,0,-30,25,-50,-1,-9,0,-10,0,1,2,8,0,10,10,30,1,1,0,2,-75,2,-40,0,0,-40,200,-50,0,0,-50,25,1,30,10,-50,-10,200,5,30,20,5,-50,-25
265f7de2-b21f-44de-9757-c00ef5a30b70,Residential,R762_1_1,2,400,200,200,400,0,19.2,513.94452,23.52504,556.66956,0,280844,302.8,212598.908,111.61128,213013.3193,-1500,2,-195,-5,0,-200,50,-20,-49,-1,0,-50,0,1,-2,-28,0,-30,25,-50,-1,-9,0,-10,0,1,2,8,0,10,10,30,1,1,0,2,-75,2,-40,0,0,-40,200,-50,0,0,-50,25,1,30,10,-50,-10,200,5,30,20,5,-50,-25
23313454-3e02-4fe9-9338-cb7f924d016e,Residential,R360_1_1,2,400,200,200,400,0,19.2,513.94452,23.52504,556.66956,0,280844,302.8,212598.908,111.61128,213013.3193,-1500,2,-195,-5,0,-200,50,-20,-49,-1,0,-50,0,1,-2,-28,0,-30,25,-50,-1,-9,0,-10,0,1,2,8,0,10,10,30,1,1,0,2,-75,2,-40,0,0,-40,200,-50,0,0,-50,25,1,30,10,-50,-10,200,5,30,20,5,-50,-25
95f26185-f9f7-44a9-b691-2ee5fdb49ea7,Residential,R1392_1_1,2,400,200,200,400,0,19.2,513.94452,23.52504,556.66956,0,280844,302.8,212598.908,111.61128,213013.3193,-1500,2,-195,-5,0,-200,50,-20,-49,-1,0,-50,0,1,-2,-28,0,-30,25,-50,-1,-9,0,-10,0,1,2,8,0,10,10,30,1,1,0,2,-75,2,-40,0,0,-40,200,-50,0,0,-50,25,1,30,10,-50,-10,200,5,30,20,5,-50,-25
0a2e8bfc-7c0f-448f-9501-630db849ec78,Residential,R1604_1_1,2,400,200,200,400,0,19.2,513.94452,23.52504,556.66956,0,280844,302.8,212598.908,111.61128,213013.3193,-1500,2,-195,-5,0,-200,50,-20,-49,-1,0,-50,0,1,-2,-28,0,-30,25,-50,-1,-9,0,-10,0,1,2,8,0,10,10,30,1,1,0,2,-75,2,-40,0,0,-40,200,-50,0,0,-50,25,1,30,10,-50,-10,200,5,30,20,5,-50,-25
eaac51b5-36e7-4ca8-86f0-b1a29a5dd296,Residential,R37_1_1,2,400,200,200,400,0,19.2,513.94452,23.52504,556.66956,0,280844,302.8,212598.908,111.61128,213013.3193,-1500,2,-195,-5,0,-200,50,-20,-49,-1,0,-50,0,1,-2,-28,0,-30,25,-50,-1,-9,0,-10,0,1,2,8,0,10,10,30,1,1,0,2,-75,2,-40,0,0,-40,200,-50,0,0,-50,25,1,30,10,-50,-10,200,5,30,20,5,-50,-25
48c474a1-44b4-4b9c-a90a-656ef13ae605,Residential,R1019_1_1,2,400,200,200,400,0,19.2,513.94452,23.52504,556.66956,0,280844,302.8,212598.908,111.61128,213013.3193,-1500,2,-195,-5,0,-200,50,-20,-49,-1,0,-50,0,1,-2,-28,0,-30,25,-50,-1,-9,0,-10,0,1,2,8,0,10,10,30,1,1,0,2,-75,2,-40,0,0,-40,200,-50,0,0,-50,25,1,30,10,-50,-10,200,5,30,20,5,-50,-25
659d7f17-53bb-4fdc-8305-2582f4f92248,Residential,R1099_1_1,2,400,200,200,400,0,19.2,513.94452,23.52504,556.66956,0,280844,302.8,212598.908,111.61128,213013.3193,-1500,2,-195,-5,0,-200,50,-20,-49,-1,0,-50,0,1,-2,-28,0,-30,25,-50,-1,-9,0,-10,0,1,2,8,0,10,10,30,1,1,0,2,-75,2,-40,0,0,-40,200,-50,0,0,-50,25,1,30,10,-50,-10,200,5,30,20,5,-50,-25
f11db926-51b6-4bbd-ba88-6b4cd888da1a,Residential,R882_1_1,2,400,200,200,400,0,19.2,513.94452,23.52504,556.66956,0,280844,302.8,212598.908,111.61128,213013.3193,-1500,2,-195,-5,0,-200,50,-20,-49,-1,0,-50,0,1,-2,-28,0,-30,25,-50,-1,-9,0,-10,0,1,2,8,0,10,10,30,1,1,0,2,-75,2,-40,0,0,-40,200,-50,0,0,-50,25,1,30,10,-50,-10,200,5,30,20,5,-50,-25
fb593f3f-50f9-4ca3-affb-0a8d2011bb7e,Residential,R646_1_1,2,400,200,200,400,0,19.2,513.94452,23.52504,556.66956,0,280844,302.8,212598.908,111.61128,213013.3193,-1500,2,-195,-5,0,-200,50,-20,-49,-1,0,-50,0,1,-2,-28,0,-30,25,-50,-1,-9,0,-10,0,1,2,8,0,10,10,30,1,1,0,2,-75,2,-40,0,0,-40,200,-50,0,0,-50,25,1,30,10,-50,-10,200,5,30,20,5,-50,-25
84b78f2a-cb71-4ed4-a420-98375c3a1025,Residential,R219_1_1,2,400,200,200,400,0,19.2,513.94452,23.52504,556.66956,0,280844,302.8,212598.908,111.61128,213013.3193,-1500,2,-195,-5,0,-200,50,-20,-49,-1,0,-50,0,1,-2,-28,0,-30,25,-50,-1,-9,0,-10,0,1,2,8,0,10,10,30,1,1,0,2,-75,2,-40,0,0,-40,200,-50,0,0,-50,25,1,30,10,-50,-10,200,5,30,20,5,-50,-25
6b0de9b8-9e15-4169-bcf9-a850d1321ba7,Residential,R1665_1_1,2,400,200,200,400,0,19.2,513.94452,23.52504,556.66956,0,280844,302.8,212598.908,111.61128,213013.3193,-1500,2,-195,-5,0,-200,50,-20,-49,-1,0,-50,0,1,-2,-28,0,-30,25,-50,-1,-9,0,-10,0,1,2,8,0,10,10,30,1,1,0,2,-75,2,-40,0,0,-40,200,-50,0,0,-50,25,1,30,10,-50,-10,200,5,30,20,5,-50,-25
2ee6941b-1230-4245-a5b9-75285d7c348b,Residential,R2201_1_1,2,400,200,200,400,0,19.2,513.94452,23.52504,556.66956,0,280844,302.8,212598.908,111.61128,213013.3193,-1500,2,-195,-5,0,-200,50,-20,-49,-1,0,-50,0,1,-2,-28,0,-30,25,-50,-1,-9,0,-10,0,1,2,8,0,10,10,30,1,1,0,2,-75,2,-40,0,0,-40,200,-50,0,0,-50,25,1,30,10,-50,-10,200,5,30,20,5,-50,-25
a217390b-2c06-46d4-ba0d-1291f804e415,Residential,R478_1_1,2,400,200,200,400,0,19.2,513.94452,23.52504,556.66956,0,280844,302.8,212598.908,111.61128,213013.3193,-1500,2,-195,-5,0,-200,50,-20,-49,-1,0,-50,0,1,-2,-28,0,-30,25,-50,-1,-9,0,-10,0,1,2,8,0,10,10,30,1,1,0,2,-75,2,-40,0,0,-40,200,-50,0,0,-50,25,1,30,10,-50,-10,200,5,30,20,5,-50,-25
79b721e3-cd3f-406a-8c49-3b660dba9743,Residential,R1823_1_1,2,400,200,200,400,0,19.2,513.94452,23.52504,556.66956,0,280844,302.8,212598.908,111.61128,213013.3193,-1500,2,-195,-5,0,-200,50,-20,-49,-1,0,-50,0,1,-2,-28,0,-30,25,-50,-1,-9,0,-10,0,1,2,8,0,10,10,30,1,1,0,2,-75,2,-40,0,0,-40,200,-50,0,0,-50,25,1,30,10,-50,-10,200,5,30,20,5,-50,-25
f12f896d-4d5e-4e4c-be0b-0e9b908645e9,Residential,R399_1_1,2,400,200,200,400,0,19.2,513.94452,23.52504,556.66956,0,280844,302.8,212598.908,111.61128,213013.3193,-1500,2,-195,-5,0,-200,50,-20,-49,-1,0,-50,0,1,-2,-28,0,-30,25,-50,-1,-9,0,-10,0,1,2,8,0,10,10,30,1,1,0,2,-75,2,-40,0,0,-40,200,-50,0,0,-50,25,1,30,10,-50,-10,200,5,30,20,5,-50,-25
3a8fa3ee-18e2-447d-a1d6-c266ab841c58,Residential,R1783_1_1,2,400,200,200,400,0,19.2,513.94452,23.52504,556.66956,0,280844,302.8,212598.908,111.61128,213013.3193,-1500,2,-195,-5,0,-200,50,-20,-49,-1,0,-50,0,1,-2,-28,0,-30,25,-50,-1,-9,0,-10,0,1,2,8,0,10,10,30,1,1,0,2,-75,2,-40,0,0,-40,200,-50,0,0,-50,25,1,30,10,-50,-10,200,5,30,20,5,-50,-25
9b147098-be6a-4991-aa43-2e13977b9b32,Residential,R1468_1_1,2,400,200,200,400,0,19.2,513.94452,23.52504,556.66956,0,280844,302.8,212598.908,111.61128,213013.3193,-1500,2,-195,-5,0,-200,50,-20,-49,-1,0,-50,0,1,-2,-28,0,-30,25,-50,-1,-9,0,-10,0,1,2,8,0,10,10,30,1,1,0,2,-75,2,-40,0,0,-40,200,-50,0,0,-50,25,1,30,10,-50,-10,200,5,30,20,5,-50,-25
a077f7e3-05a6-4d02-a0bd-969299a65353,Residential,R822_1_1,2,400,200,200,400,0,19.2,513.94452,23.52504,556.66956,0,280844,302.8,212598.908,111.61128,213013.3193,-1500,2,-195,-5,0,-200,50,-20,-49,-1,0,-50,0,1,-2,-28,0,-30,25,-50,-1,-9,0,-10,0,1,2,8,0,10,10,30,1,1,0,2,-75,2,-40,0,0,-40,200,-50,0,0,-50,25,1,30,10,-50,-10,200,5,30,20,5,-50,-25
129d55ba-b0e1-4d8d-97c1-386787e09308,Residential,R1513_1_1,2,400,200,200,400,0,19.2,513.94452,23.52504,556.66956,0,280844,302.8,212598.908,111.61128,213013.3193,-1500,2,-195,-5,0,-200,50,-20,-49,-1,0,-50,0,1,-2,-28,0,-30,25,-50,-1,-9,0,-10,0,1,2,8,0,10,10,30,1,1,0,2,-75,2,-40,0,0,-40,200,-50,0,0,-50,25,1,30,10,-50,-10,200,5,30,20,5,-50,-25
413b718e-68ee-493d-a815-b706cc6d50a2,Residential,R28_1_1,2,400,200,200,400,0,19.2,513.94452,23.52504,556.66956,0,280844,302.8,212598.908,111.61128,213013.3193,-1500,2,-195,-5,0,-200,50,-20,-49,-1,0,-50,0,1,-2,-28,0,-30,25,-50,-1,-9,0,-10,0,1,2,8,0,10,10,30,1,1,0,2,-75,2,-40,0,0,-40,200,-50,0,0,-50,25,1,30,10,-50,-10,200,5,30,20,5,-50,-25
8e65b06b-5337-4fbe-9290-13c6fdbd3884,Residential,R734_1_1,2,400,200,200,400,0,19.2,513.94452,23.52504,556.66956,0,280844,302.8,212598.908,111.61128,213013.3193,-1500,2,-195,-5,0,-200,50,-20,-49,-1,0,-50,0,1,-2,-28,0,-30,25,-50,-1,-9,0,-10,0,1,2,8,0,10,10,30,1,1,0,2,-75,2,-40,0,0,-40,200,-50,0,0,-50,25,1,30,10,-50,-10,200,5,30,20,5,-50,-25
5736c654-f6f6-4f15-aa37-af7ef966d894,Residential,R611_1_1,2,400,200,200,400,0,19.2,513.94452,23.52504,556.66956,0,280844,302.8,212598.908,111.61128,213013.3193,-1500,2,-195,-5,0,-200,50,-20,-49,-1,0,-50,0,1,-2,-28,0,-30,25,-50,-1,-9,0,-10,0,1,2,8,0,10,10,30,1,1,0,2,-75,2,-40,0,0,-40,200,-50,0,0,-50,25,1,30,10,-50,-10,200,5,30,20,5,-50,-25
e93031c7-962f-4ab9-bb05-caece8a4851e,Residential,R880_1_1,2,400,200,200,400,0,19.2,513.94452,23.52504,556.66956,0,280844,302.8,212598.908,111.61128,213013.3193,-1500,2,-195,-5,0,-200,50,-20,-49,-1,0,-50,0,1,-2,-28,0,-30,25,-50,-1,-9,0,-10,0,1,2,8,0,10,10,30,1,1,0,2,-75,2,-40,0,0,-40,200,-50,0,0,-50,25,1,30,10,-50,-10,200,5,30,20,5,-50,-25
17b79279-a411-44a9-8863-7838139184bd,Residential,R2110_1_1,2,400,200,200,400,0,19.2,513.94452,23.52504,556.66956,0,280844,302.8,212598.908,111.61128,213013.3193,-1500,2,-195,-5,0,-200,50,-20,-49,-1,0,-50,0,1,-2,-28,0,-30,25,-50,-1,-9,0,-10,0,1,2,8,0,10,10,30,1,1,0,2,-75,2,-40,0,0,-40,200,-50,0,0,-50,25,1,30,10,-50,-10,200,5,30,20,5,-50,-25
47e2b343-7565-4280-b198-b34ddf30deac,Residential,R874_1_1,2,400,200,200,400,0,19.2,513.94452,23.52504,556.66956,0,280844,302.8,212598.908,111.61128,213013.3193,-1500,2,-195,-5,0,-200,50,-20,-49,-1,0,-50,0,1,-2,-28,0,-30,25,-50,-1,-9,0,-10,0,1,2,8,0,10,10,30,1,1,0,2,-75,2,-40,0,0,-40,200,-50,0,0,-50,25,1,30,10,-50,-10,200,5,30,20,5,-50,-25
ef4ed7b2-c88b-4968-bb91-cd70b1a35470,Residential,R1179_1_1,2,400,200,200,400,0,19.2,513.94452,23.52504,556.66956,0,280844,302.8,212598.908,111.61128,213013.3193,-1500,2,-195,-5,0,-200,50,-20,-49,-1,0,-50,0,1,-2,-28,0,-30,25,-50,-1,-9,0,-10,0,1,2,8,0,10,10,30,1,1,0,2,-75,2,-40,0,0,-40,200,-50,0,0,-50,25,1,30,10,-50,-10,200,5,30,20,5,-50,-25
9a2307be-757a-4290-b3b8-495686fa5da3,Residential,R314_1_1,2,400,200,200,400,0,19.2,513.94452,23.52504,556.66956,0,280844,302.8,212598.908,111.61128,213013.3193,-1500,2,-195,-5,0,-200,50,-20,-49,-1,0,-50,0,1,-2,-28,0,-30,25,-50,-1,-9,0,-10,0,1,2,8,0,10,10,30,1,1,0,2,-75,2,-40,0,0,-40,200,-50,0,0,-50,25,1,30,10,-50,-10,200,5,30,20,5,-50,-25
1c74de57-b1b2-4968-9af6-77244c263897,Residential,R158_1_1,2,400,200,200,400,0,19.2,513.94452,23.52504,556.66956,0,280844,302.8,212598.908,111.61128,213013.3193,-1500,2,-195,-5,0,-200,50,-20,-49,-1,0,-50,0,1,-2,-28,0,-30,25,-50,-1,-9,0,-10,0,1,2,8,0,10,10,30,1,1,0,2,-75,2,-40,0,0,-40,200,-50,0,0,-50,25,1,30,10,-50,-10,200,5,30,20,5,-50,-25
8712f7c2-d8f0-44f6-8468-703a17afedfa,Residential,R1888_1_1,2,400,200,200,400,0,19.2,513.94452,23.52504,556.66956,0,280844,302.8,212598.908,111.61128,213013.3193,-1500,2,-195,-5,0,-200,50,-20,-49,-1,0,-50,0,1,-2,-28,0,-30,25,-50,-1,-9,0,-10,0,1,2,8,0,10,10,30,1,1,0,2,-75,2,-40,0,0,-40,200,-50,0,0,-50,25,1,30,10,-50,-10,200,5,30,20,5,-50,-25
7825eab4-c602-4f71-afba-e3311e13a2ad,Residential,R1204_1_1,2,400,200,200,400,0,19.2,513.94452,23.52504,556.66956,0,280844,302.8,212598.908,111.61128,213013.3193,-1500,2,-195,-5,0,-200,50,-20,-49,-1,0,-50,0,1,-2,-28,0,-30,25,-50,-1,-9,0,-10,0,1,2,8,0,10,10,30,1,1,0,2,-75,2,-40,0,0,-40,200,-50,0,0,-50,25,1,30,10,-50,-10,200,5,30,20,5,-50,-25
fe5d17f7-3bf9-4c25-852c-f318cbda38e6,Residential,R1678_1_1,2,400,200,200,400,0,19.2,513.94452,23.52504,556.66956,0,280844,302.8,212598.908,111.61128,213013.3193,-1500,2,-195,-5,0,-200,50,-20,-49,-1,0,-50,0,1,-2,-28,0,-30,25,-50,-1,-9,0,-10,0,1,2,8,0,10,10,30,1,1,0,2,-75,2,-40,0,0,-40,200,-50,0,0,-50,25,1,30,10,-50,-10,200,5,30,20,5,-50,-25
8a1777bb-522b-4985-8bcf-daee43745cf6,Residential,R931_1_1,2,400,200,200,400,0,19.2,513.94452,23.52504,556.66956,0,280844,302.8,212598.908,111.61128,213013.3193,-1500,2,-195,-5,0,-200,50,-20,-49,-1,0,-50,0,1,-2,-28,0,-30,25,-50,-1,-9,0,-10,0,1,2,8,0,10,10,30,1,1,0,2,-75,2,-40,0,0,-40,200,-50,0,0,-50,25,1,30,10,-50,-10,200,5,30,20,5,-50,-25
d5a51e8c-7157-4a7f-bbeb-e07828ef4060,Residential,R1670_1_1,2,400,200,200,400,0,19.2,513.94452,23.52504,556.66956,0,280844,302.8,212598.908,111.61128,213013.3193,-1500,2,-195,-5,0,-200,50,-20,-49,-1,0,-50,0,1,-2,-28,0,-30,25,-50,-1,-9,0,-10,0,1,2,8,0,10,10,30,1,1,0,2,-75,2,-40,0,0,-40,200,-50,0,0,-50,25,1,30,10,-50,-10,200,5,30,20,5,-50,-25
b147d07a-f571-44b1-abab-9454860c7d44,Residential,R1772_1_1,2,400,200,200,400,0,19.2,513.94452,23.52504,556.66956,0,280844,302.8,212598.908,111.61128,213013.3193,-1500,2,-195,-5,0,-200,50,-20,-49,-1,0,-50,0,1,-2,-28,0,-30,25,-50,-1,-9,0,-10,0,1,2,8,0,10,10,30,1,1,0,2,-75,2,-40,0,0,-40,200,-50,0,0,-50,25,1,30,10,-50,-10,200,5,30,20,5,-50,-25
3584756a-8c2d-498e-9802-dc79363d963b,Residential,R1729_1_1,2,400,200,200,400,0,19.2,513.94452,23.52504,556.66956,0,280844,302.8,212598.908,111.61128,213013.3193,-1500,2,-195,-5,0,-200,50,-20,-49,-1,0,-50,0,1,-2,-28,0,-30,25,-50,-1,-9,0,-10,0,1,2,8,0,10,10,30,1,1,0,2,-75,2,-40,0,0,-40,200,-50,0,0,-50,25,1,30,10,-50,-10,200,5,30,20,5,-50,-25
c90b3553-f312-4df6-b7f3-65e3fb29e45f,Residential,R1957_1_1,2,400,200,200,400,0,19.2,513.94452,23.52504,556.66956,0,280844,302.8,212598.908,111.61128,213013.3193,-1500,2,-195,-5,0,-200,50,-20,-49,-1,0,-50,0,1,-2,-28,0,-30,25,-50,-1,-9,0,-10,0,1,2,8,0,10,10,30,1,1,0,2,-75,2,-40,0,0,-40,200,-50,0,0,-50,25,1,30,10,-50,-10,200,5,30,20,5,-50,-25
2c383cc2-0cf3-469b-b79d-0bf3cb053464,Residential,R497_1_1,2,400,200,200,400,0,19.2,513.94452,23.52504,556.66956,0,280844,302.8,212598.908,111.61128,213013.3193,-1500,2,-195,-5,0,-200,50,-20,-49,-1,0,-50,0,1,-2,-28,0,-30,25,-50,-1,-9,0,-10,0,1,2,8,0,10,10,30,1,1,0,2,-75,2,-40,0,0,-40,200,-50,0,0,-50,25,1,30,10,-50,-10,200,5,30,20,5,-50,-25
3ab84e70-fed1-41dd-8dae-b631160ceedf,Residential,R1378_1_1,2,400,200,200,400,0,19.2,513.94452,23.52504,556.66956,0,280844,302.8,212598.908,111.61128,213013.3193,-1500,2,-195,-5,0,-200,50,-20,-49,-1,0,-50,0,1,-2,-28,0,-30,25,-50,-1,-9,0,-10,0,1,2,8,0,10,10,30,1,1,0,2,-75,2,-40,0,0,-40,200,-50,0,0,-50,25,1,30,10,-50,-10,200,5,30,20,5,-50,-25
10c18462-1648-4e48-ba6d-6e409ae4b495,Residential,R1026_1_1,2,400,200,200,400,0,19.2,513.94452,23.52504,556.66956,0,280844,302.8,212598.908,111.61128,213013.3193,-1500,2,-195,-5,0,-200,50,-20,-49,-1,0,-50,0,1,-2,-28,0,-30,25,-50,-1,-9,0,-10,0,1,2,8,0,10,10,30,1,1,0,2,-75,2,-40,0,0,-40,200,-50,0,0,-50,25,1,30,10,-50,-10,200,5,30,20,5,-50,-25
96155bb1-3cfc-428c-8c06-d5480d3f602c,Residential,R373_1_1,2,400,200,200,400,0,19.2,513.94452,23.52504,556.66956,0,280844,302.8,212598.908,111.61128,213013.3193,-1500,2,-195,-5,0,-200,50,-20,-49,-1,0,-50,0,1,-2,-28,0,-30,25,-50,-1,-9,0,-10,0,1,2,8,0,10,10,30,1,1,0,2,-75,2,-40,0,0,-40,200,-50,0,0,-50,25,1,30,10,-50,-10,200,5,30,20,5,-50,-25
8e6cd242-2be4-46bd-9ce5-ac866e5256bc,Residential,R325_1_1,2,400,200,200,400,0,19.2,513.94452,23.52504,556.66956,0,280844,302.8,212598.908,111.61128,213013.3193,-1500,2,-195,-5,0,-200,50,-20,-49,-1,0,-50,0,1,-2,-28,0,-30,25,-50,-1,-9,0,-10,0,1,2,8,0,10,10,30,1,1,0,2,-75,2,-40,0,0,-40,200,-50,0,0,-50,25,1,30,10,-50,-10,200,5,30,20,5,-50,-25
6f151992-3f25-46a2-92ae-e9f65382ef1f,Residential,R2116_1_1,2,400,200,200,400,0,19.2,513.94452,23.52504,556.66956,0,280844,302.8,212598.908,111.61128,213013.3193,-1500,2,-195,-5,0,-200,50,-20,-49,-1,0,-50,0,1,-2,-28,0,-30,25,-50,-1,-9,0,-10,0,1,2,8,0,10,10,30,1,1,0,2,-75,2,-40,0,0,-40,200,-50,0,0,-50,25,1,30,10,-50,-10,200,5,30,20,5,-50,-25
9e20e991-5b1c-4a45-9c7b-547ef737ef5c,Residential,R743_1_1,2,400,200,200,400,0,19.2,513.94452,23.52504,556.66956,0,280844,302.8,212598.908,111.61128,213013.3193,-1500,2,-195,-5,0,-200,50,-20,-49,-1,0,-50,0,1,-2,-28,0,-30,25,-50,-1,-9,0,-10,0,1,2,8,0,10,10,30,1,1,0,2,-75,2,-40,0,0,-40,200,-50,0,0,-50,25,1,30,10,-50,-10,200,5,30,20,5,-50,-25
f1ffc5fe-d8eb-4b32-9c97-eae70d4651ec,Residential,R437_1_1,2,400,200,200,400,0,19.2,513.94452,23.52504,556.66956,0,280844,302.8,212598.908,111.61128,213013.3193,-1500,2,-195,-5,0,-200,50,-20,-49,-1,0,-50,0,1,-2,-28,0,-30,25,-50,-1,-9,0,-10,0,1,2,8,0,10,10,30,1,1,0,2,-75,2,-40,0,0,-40,200,-50,0,0,-50,25,1,30,10,-50,-10,200,5,30,20,5,-50,-25
a61b12a0-4cbc-4818-b1a7-16707ebbc0c6,Residential,R2139_1_1,2,400,200,200,400,0,19.2,513.94452,23.52504,556.66956,0,280844,302.8,212598.908,111.61128,213013.3193,-1500,2,-195,-5,0,-200,50,-20,-49,-1,0,-50,0,1,-2,-28,0,-30,25,-50,-1,-9,0,-10,0,1,2,8,0,10,10,30,1,1,0,2,-75,2,-40,0,0,-40,200,-50,0,0,-50,25,1,30,10,-50,-10,200,5,30,20,5,-50,-25
8e8f075b-d465-4c16-985d-bfff8b2eb7cc,Residential,R1573_1_1,2,400,200,200,400,0,19.2,513.94452,23.52504,556.66956,0,280844,302.8,212598.908,111.61128,213013.3193,-1500,2,-195,-5,0,-200,50,-20,-49,-1,0,-50,0,1,-2,-28,0,-30,25,-50,-1,-9,0,-10,0,1,2,8,0,10,10,30,1,1,0,2,-75,2,-40,0,0,-40,200,-50,0,0,-50,25,1,30,10,-50,-10,200,5,30,20,5,-50,-25
b56c7960-2f5e-47e8-91c9-1bc739c6a2d3,Residential,R1_1_1,2,400,200,200,400,0,19.2,513.94452,23.52504,556.66956,0,280844,302.8,212598.908,111.61128,213013.3193,-1500,2,-195,-5,0,-200,50,-20,-49,-1,0,-50,0,1,-2,-28,0,-30,25,-50,-1,-9,0,-10,0,1,2,8,0,10,10,30,1,1,0,2,-75,2,-40,0,0,-40,200,-50,0,0,-50,25,1,30,10,-50,-10,200,5,30,20,5,-50,-25
412c7362-709c-4997-b5b2-c158a85de98b,Residential,R2170_1_1,2,400,200,200,400,0,19.2,513.94452,23.52504,556.66956,0,280844,302.8,212598.908,111.61128,213013.3193,-1500,2,-195,-5,0,-200,50,-20,-49,-1,0,-50,0,1,-2,-28,0,-30,25,-50,-1,-9,0,-10,0,1,2,8,0,10,10,30,1,1,0,2,-75,2,-40,0,0,-40,200,-50,0,0,-50,25,1,30,10,-50,-10,200,5,30,20,5,-50,-25
eed55aaa-0a05-42f2-8988-42c70b4c5593,Residential,R1873_1_1,2,400,200,200,400,0,19.2,513.94452,23.52504,556.66956,0,280844,302.8,212598.908,111.61128,213013.3193,-1500,2,-195,-5,0,-200,50,-20,-49,-1,0,-50,0,1,-2,-28,0,-30,25,-50,-1,-9,0,-10,0,1,2,8,0,10,10,30,1,1,0,2,-75,2,-40,0,0,-40,200,-50,0,0,-50,25,1,30,10,-50,-10,200,5,30,20,5,-50,-25
a9b6c292-49b4-481b-8a92-2c123ed3aa74,Residential,R1052_1_1,2,400,200,200,400,0,19.2,513.94452,23.52504,556.66956,0,280844,302.8,212598.908,111.61128,213013.3193,-1500,2,-195,-5,0,-200,50,-20,-49,-1,0,-50,0,1,-2,-28,0,-30,25,-50,-1,-9,0,-10,0,1,2,8,0,10,10,30,1,1,0,2,-75,2,-40,0,0,-40,200,-50,0,0,-50,25,1,30,10,-50,-10,200,5,30,20,5,-50,-25
390646fc-c2d8-4462-8938-7123b489c071,Residential,R19_1_1,2,400,200,200,400,0,19.2,513.94452,23.52504,556.66956,0,280844,302.8,212598.908,111.61128,213013.3193,-1500,2,-195,-5,0,-200,50,-20,-49,-1,0,-50,0,1,-2,-28,0,-30,25,-50,-1,-9,0,-10,0,1,2,8,0,10,10,30,1,1,0,2,-75,2,-40,0,0,-40,200,-50,0,0,-50,25,1,30,10,-50,-10,200,5,30,20,5,-50,-25
193be23b-8a23-4ffb-95b3-a166d7031205,Residential,R80_1_1,2,400,200,200,400,0,19.2,513.94452,23.52504,556.66956,0,280844,302.8,212598.908,111.61128,213013.3193,-1500,2,-195,-5,0,-200,50,-20,-49,-1,0,-50,0,1,-2,-28,0,-30,25,-50,-1,-9,0,-10,0,1,2,8,0,10,10,30,1,1,0,2,-75,2,-40,0,0,-40,200,-50,0,0,-50,25,1,30,10,-50,-10,200,5,30,20,5,-50,-25
7b18838c-029c-4694-9d49-c580cd99cd03,Residential,R1320_1_1,2,400,200,200,400,0,19.2,513.94452,23.52504,556.66956,0,280844,302.8,212598.908,111.61128,213013.3193,-1500,2,-195,-5,0,-200,50,-20,-49,-1,0,-50,0,1,-2,-28,0,-30,25,-50,-1,-9,0,-10,0,1,2,8,0,10,10,30,1,1,0,2,-75,2,-40,0,0,-40,200,-50,0,0,-50,25,1,30,10,-50,-10,200,5,30,20,5,-50,-25
435bf8f0-068d-47f7-b53a-cf57d9c654bf,Residential,R1612_1_1,2,400,200,200,400,0,19.2,513.94452,23.52504,556.66956,0,280844,302.8,212598.908,111.61128,213013.3193,-1500,2,-195,-5,0,-200,50,-20,-49,-1,0,-50,0,1,-2,-28,0,-30,25,-50,-1,-9,0,-10,0,1,2,8,0,10,10,30,1,1,0,2,-75,2,-40,0,0,-40,200,-50,0,0,-50,25,1,30,10,-50,-10,200,5,30,20,5,-50,-25
74bea8b1-bd5e-4ead-bd78-c86ff7fecf01,Residential,R2047_1_1,2,400,200,200,400,0,19.2,513.94452,23.52504,556.66956,0,280844,302.8,212598.908,111.61128,213013.3193,-1500,2,-195,-5,0,-200,50,-20,-49,-1,0,-50,0,1,-2,-28,0,-30,25,-50,-1,-9,0,-10,0,1,2,8,0,10,10,30,1,1,0,2,-75,2,-40,0,0,-40,200,-50,0,0,-50,25,1,30,10,-50,-10,200,5,30,20,5,-50,-25
4c811b92-4d83-430c-a684-7f7d0b35d083,Residential,R712_1_1,2,400,200,200,400,0,19.2,513.94452,23.52504,556.66956,0,280844,302.8,212598.908,111.61128,213013.3193,-1500,2,-195,-5,0,-200,50,-20,-49,-1,0,-50,0,1,-2,-28,0,-30,25,-50,-1,-9,0,-10,0,1,2,8,0,10,10,30,1,1,0,2,-75,2,-40,0,0,-40,200,-50,0,0,-50,25,1,30,10,-50,-10,200,5,30,20,5,-50,-25
7c7873c3-f4dc-4068-9e53-ba4a0f50db58,Residential,R1407_1_1,2,400,200,200,400,0,19.2,513.94452,23.52504,556.66956,0,280844,302.8,212598.908,111.61128,213013.3193,-1500,2,-195,-5,0,-200,50,-20,-49,-1,0,-50,0,1,-2,-28,0,-30,25,-50,-1,-9,0,-10,0,1,2,8,0,10,10,30,1,1,0,2,-75,2,-40,0,0,-40,200,-50,0,0,-50,25,1,30,10,-50,-10,200,5,30,20,5,-50,-25
51b2db0b-0625-43fd-8cf4-a4e60f5fa66b,Residential,R816_1_1,2,400,200,200,400,0,19.2,513.94452,23.52504,556.66956,0,280844,302.8,212598.908,111.61128,213013.3193,-1500,2,-195,-5,0,-200,50,-20,-49,-1,0,-50,0,1,-2,-28,0,-30,25,-50,-1,-9,0,-10,0,1,2,8,0,10,10,30,1,1,0,2,-75,2,-40,0,0,-40,200,-50,0,0,-50,25,1,30,10,-50,-10,200,5,30,20,5,-50,-25
75e2837d-c1fc-4b84-b5ff-ec5105b01653,Residential,R370_1_1,2,400,200,200,400,0,19.2,513.94452,23.52504,556.66956,0,280844,302.8,212598.908,111.61128,213013.3193,-1500,2,-195,-5,0,-200,50,-20,-49,-1,0,-50,0,1,-2,-28,0,-30,25,-50,-1,-9,0,-10,0,1,2,8,0,10,10,30,1,1,0,2,-75,2,-40,0,0,-40,200,-50,0,0,-50,25,1,30,10,-50,-10,200,5,30,20,5,-50,-25
193feb53-e5c9-4c96-bfa6-faa7e5ac79ad,Residential,R765_1_1,2,400,200,200,400,0,19.2,513.94452,23.52504,556.66956,0,280844,302.8,212598.908,111.61128,213013.3193,-1500,2,-195,-5,0,-200,50,-20,-49,-1,0,-50,0,1,-2,-28,0,-30,25,-50,-1,-9,0,-10,0,1,2,8,0,10,10,30,1,1,0,2,-75,2,-40,0,0,-40,200,-50,0,0,-50,25,1,30,10,-50,-10,200,5,30,20,5,-50,-25
331afc6e-7d65-4e0c-86d1-4288e97edb52,Residential,R1924_1_1,2,400,200,200,400,0,19.2,513.94452,23.52504,556.66956,0,280844,302.8,212598.908,111.61128,213013.3193,-1500,2,-195,-5,0,-200,50,-20,-49,-1,0,-50,0,1,-2,-28,0,-30,25,-50,-1,-9,0,-10,0,1,2,8,0,10,10,30,1,1,0,2,-75,2,-40,0,0,-40,200,-50,0,0,-50,25,1,30,10,-50,-10,200,5,30,20,5,-50,-25
01e41efb-9b3b-4995-97c3-2c20cbb09440,Residential,R1086_1_1,2,400,200,200,400,0,19.2,513.94452,23.52504,556.66956,0,280844,302.8,212598.908,111.61128,213013.3193,-1500,2,-195,-5,0,-200,50,-20,-49,-1,0,-50,0,1,-2,-28,0,-30,25,-50,-1,-9,0,-10,0,1,2,8,0,10,10,30,1,1,0,2,-75,2,-40,0,0,-40,200,-50,0,0,-50,25,1,30,10,-50,-10,200,5,30,20,5,-50,-25
7cbf5040-ab97-4f35-9df2-d1ed42952efb,Residential,R1611_1_1,2,400,200,200,400,0,19.2,513.94452,23.52504,556.66956,0,280844,302.8,212598.908,111.61128,213013.3193,-1500,2,-195,-5,0,-200,50,-20,-49,-1,0,-50,0,1,-2,-28,0,-30,25,-50,-1,-9,0,-10,0,1,2,8,0,10,10,30,1,1,0,2,-75,2,-40,0,0,-40,200,-50,0,0,-50,25,1,30,10,-50,-10,200,5,30,20,5,-50,-25
592f27a5-6597-49b8-8d47-15a058595134,Residential,R465_1_1,2,400,200,200,400,0,19.2,513.94452,23.52504,556.66956,0,280844,302.8,212598.908,111.61128,213013.3193,-1500,2,-195,-5,0,-200,50,-20,-49,-1,0,-50,0,1,-2,-28,0,-30,25,-50,-1,-9,0,-10,0,1,2,8,0,10,10,30,1,1,0,2,-75,2,-40,0,0,-40,200,-50,0,0,-50,25,1,30,10,-50,-10,200,5,30,20,5,-50,-25
c0b1c0c7-5b07-4aa5-b2d6-df1cd2cdb11f,Residential,R1296_1_1,2,400,200,200,400,0,19.2,513.94452,23.52504,556.66956,0,280844,302.8,212598.908,111.61128,213013.3193,-1500,2,-195,-5,0,-200,50,-20,-49,-1,0,-50,0,1,-2,-28,0,-30,25,-50,-1,-9,0,-10,0,1,2,8,0,10,10,30,1,1,0,2,-75,2,-40,0,0,-40,200,-50,0,0,-50,25,1,30,10,-50,-10,200,5,30,20,5,-50,-25
40ebd578-fa75-472f-a1d7-18c55e2a8e7e,Residential,R927_1_1,2,400,200,200,400,0,19.2,513.94452,23.52504,556.66956,0,280844,302.8,212598.908,111.61128,213013.3193,-1500,2,-195,-5,0,-200,50,-20,-49,-1,0,-50,0,1,-2,-28,0,-30,25,-50,-1,-9,0,-10,0,1,2,8,0,10,10,30,1,1,0,2,-75,2,-40,0,0,-40,200,-50,0,0,-50,25,1,30,10,-50,-10,200,5,30,20,5,-50,-25
1cbdbd3e-d7a4-4e0f-923f-71be16bc6739,Residential,R2061_1_1,2,400,200,200,400,0,19.2,513.94452,23.52504,556.66956,0,280844,302.8,212598.908,111.61128,213013.3193,-1500,2,-195,-5,0,-200,50,-20,-49,-1,0,-50,0,1,-2,-28,0,-30,25,-50,-1,-9,0,-10,0,1,2,8,0,10,10,30,1,1,0,2,-75,2,-40,0,0,-40,200,-50,0,0,-50,25,1,30,10,-50,-10,200,5,30,20,5,-50,-25
989e1cf6-7249-40e0-a889-f979689c80c9,Residential,R1830_1_1,2,400,200,200,400,0,19.2,513.94452,23.52504,556.66956,0,280844,302.8,212598.908,111.61128,213013.3193,-1500,2,-195,-5,0,-200,50,-20,-49,-1,0,-50,0,1,-2,-28,0,-30,25,-50,-1,-9,0,-10,0,1,2,8,0,10,10,30,1,1,0,2,-75,2,-40,0,0,-40,200,-50,0,0,-50,25,1,30,10,-50,-10,200,5,30,20,5,-50,-25
583890ba-f5f9-4f0e-9b25-9ccb3bc9f06a,Residential,R1686_1_1,2,400,200,200,400,0,19.2,513.94452,23.52504,556.66956,0,280844,302.8,212598.908,111.61128,213013.3193,-1500,2,-195,-5,0,-200,50,-20,-49,-1,0,-50,0,1,-2,-28,0,-30,25,-50,-1,-9,0,-10,0,1,2,8,0,10,10,30,1,1,0,2,-75,2,-40,0,0,-40,200,-50,0,0,-50,25,1,30,10,-50,-10,200,5,30,20,5,-50,-25
597990f6-87e0-4c36-b93d-8e0c20753f98,Residential,R864_1_1,2,400,200,200,400,0,19.2,513.94452,23.52504,556.66956,0,280844,302.8,212598.908,111.61128,213013.3193,-1500,2,-195,-5,0,-200,50,-20,-49,-1,0,-50,0,1,-2,-28,0,-30,25,-50,-1,-9,0,-10,0,1,2,8,0,10,10,30,1,1,0,2,-75,2,-40,0,0,-40,200,-50,0,0,-50,25,1,30,10,-50,-10,200,5,30,20,5,-50,-25
0085cabd-7d52-40e5-bc2c-00230d3c1802,Residential,R334_1_1,2,400,200,200,400,0,19.2,513.94452,23.52504,556.66956,0,280844,302.8,212598.908,111.61128,213013.3193,-1500,2,-195,-5,0,-200,50,-20,-49,-1,0,-50,0,1,-2,-28,0,-30,25,-50,-1,-9,0,-10,0,1,2,8,0,10,10,30,1,1,0,2,-75,2,-40,0,0,-40,200,-50,0,0,-50,25,1,30,10,-50,-10,200,5,30,20,5,-50,-25
36fb52f5-ae4b-4a0b-986c-ac4ecbe87aa0,Residential,R2007_1_1,2,400,200,200,400,0,19.2,513.94452,23.52504,556.66956,0,280844,302.8,212598.908,111.61128,213013.3193,-1500,2,-195,-5,0,-200,50,-20,-49,-1,0,-50,0,1,-2,-28,0,-30,25,-50,-1,-9,0,-10,0,1,2,8,0,10,10,30,1,1,0,2,-75,2,-40,0,0,-40,200,-50,0,0,-50,25,1,30,10,-50,-10,200,5,30,20,5,-50,-25
24bfbe0f-4859-4c00-baba-ead18ee5570b,Residential,R423_1_1,2,400,200,200,400,0,19.2,513.94452,23.52504,556.66956,0,280844,302.8,212598.908,111.61128,213013.3193,-1500,2,-195,-5,0,-200,50,-20,-49,-1,0,-50,0,1,-2,-28,0,-30,25,-50,-1,-9,0,-10,0,1,2,8,0,10,10,30,1,1,0,2,-75,2,-40,0,0,-40,200,-50,0,0,-50,25,1,30,10,-50,-10,200,5,30,20,5,-50,-25
560430c2-1cd2-439e-a33e-733ac75db608,Residential,R1946_1_1,2,400,200,200,400,0,19.2,513.94452,23.52504,556.66956,0,280844,302.8,212598.908,111.61128,213013.3193,-1500,2,-195,-5,0,-200,50,-20,-49,-1,0,-50,0,1,-2,-28,0,-30,25,-50,-1,-9,0,-10,0,1,2,8,0,10,10,30,1,1,0,2,-75,2,-40,0,0,-40,200,-50,0,0,-50,25,1,30,10,-50,-10,200,5,30,20,5,-50,-25
88c17a88-470f-4d86-ab1f-48c1e0a2a5d8,Residential,R1632_1_1,2,400,200,200,400,0,19.2,513.94452,23.52504,556.66956,0,280844,302.8,212598.908,111.61128,213013.3193,-1500,2,-195,-5,0,-200,50,-20,-49,-1,0,-50,0,1,-2,-28,0,-30,25,-50,-1,-9,0,-10,0,1,2,8,0,10,10,30,1,1,0,2,-75,2,-40,0,0,-40,200,-50,0,0,-50,25,1,30,10,-50,-10,200,5,30,20,5,-50,-25
abfaa08c-2d43-4466-bd82-77578d762dc1,Residential,R2029_1_1,2,400,200,200,400,0,19.2,513.94452,23.52504,556.66956,0,280844,302.8,212598.908,111.61128,213013.3193,-1500,2,-195,-5,0,-200,50,-20,-49,-1,0,-50,0,1,-2,-28,0,-30,25,-50,-1,-9,0,-10,0,1,2,8,0,10,10,30,1,1,0,2,-75,2,-40,0,0,-40,200,-50,0,0,-50,25,1,30,10,-50,-10,200,5,30,20,5,-50,-25
8bd133db-f5eb-43df-a840-d7a52230f1e5,Residential,R225_1_1,2,400,200,200,400,0,19.2,513.94452,23.52504,556.66956,0,280844,302.8,212598.908,111.61128,213013.3193,-1500,2,-195,-5,0,-200,50,-20,-49,-1,0,-50,0,1,-2,-28,0,-30,25,-50,-1,-9,0,-10,0,1,2,8,0,10,10,30,1,1,0,2,-75,2,-40,0,0,-40,200,-50,0,0,-50,25,1,30,10,-50,-10,200,5,30,20,5,-50,-25
70ed1bd6-5ef8-4640-94f4-7c8836ab779d,Residential,R89_1_1,2,400,200,200,400,0,19.2,513.94452,23.52504,556.66956,0,280844,302.8,212598.908,111.61128,213013.3193,-1500,2,-195,-5,0,-200,50,-20,-49,-1,0,-50,0,1,-2,-28,0,-30,25,-50,-1,-9,0,-10,0,1,2,8,0,10,10,30,1,1,0,2,-75,2,-40,0,0,-40,200,-50,0,0,-50,25,1,30,10,-50,-10,200,5,30,20,5,-50,-25
315f0a36-a1a0-4b08-8ad9-1039e4f9d20d,Residential,R1344_1_1,2,400,200,200,400,0,19.2,513.94452,23.52504,556.66956,0,280844,302.8,212598.908,111.61128,213013.3193,-1500,2,-195,-5,0,-200,50,-20,-49,-1,0,-50,0,1,-2,-28,0,-30,25,-50,-1,-9,0,-10,0,1,2,8,0,10,10,30,1,1,0,2,-75,2,-40,0,0,-40,200,-50,0,0,-50,25,1,30,10,-50,-10,200,5,30,20,5,-50,-25
899c7f66-404e-478a-8f1c-37ee95ac70c0,Residential,R1949_1_1,2,400,200,200,400,0,19.2,513.94452,23.52504,556.66956,0,280844,302.8,212598.908,111.61128,213013.3193,-1500,2,-195,-5,0,-200,50,-20,-49,-1,0,-50,0,1,-2,-28,0,-30,25,-50,-1,-9,0,-10,0,1,2,8,0,10,10,30,1,1,0,2,-75,2,-40,0,0,-40,200,-50,0,0,-50,25,1,30,10,-50,-10,200,5,30,20,5,-50,-25
132d02b6-7180-41db-9011-10bcd4a08cc2,Residential,R1634_1_1,2,400,200,200,400,0,19.2,513.94452,23.52504,556.66956,0,280844,302.8,212598.908,111.61128,213013.3193,-1500,2,-195,-5,0,-200,50,-20,-49,-1,0,-50,0,1,-2,-28,0,-30,25,-50,-1,-9,0,-10,0,1,2,8,0,10,10,30,1,1,0,2,-75,2,-40,0,0,-40,200,-50,0,0,-50,25,1,30,10,-50,-10,200,5,30,20,5,-50,-25
fd13cbcd-435c-4480-944d-3c2fa86d4577,Residential,R1025_1_1,2,400,200,200,400,0,19.2,513.94452,23.52504,556.66956,0,280844,302.8,212598.908,111.61128,213013.3193,-1500,2,-195,-5,0,-200,50,-20,-49,-1,0,-50,0,1,-2,-28,0,-30,25,-50,-1,-9,0,-10,0,1,2,8,0,10,10,30,1,1,0,2,-75,2,-40,0,0,-40,200,-50,0,0,-50,25,1,30,10,-50,-10,200,5,30,20,5,-50,-25
c44a3091-edad-4096-b79f-cb07ad8cb03a,Residential,R1079_1_1,2,400,200,200,400,0,19.2,513.94452,23.52504,556.66956,0,280844,302.8,212598.908,111.61128,213013.3193,-1500,2,-195,-5,0,-200,50,-20,-49,-1,0,-50,0,1,-2,-28,0,-30,25,-50,-1,-9,0,-10,0,1,2,8,0,10,10,30,1,1,0,2,-75,2,-40,0,0,-40,200,-50,0,0,-50,25,1,30,10,-50,-10,200,5,30,20,5,-50,-25
d425f2d4-5299-4365-b25a-710ccab9cb5f,Residential,R431_1_1,2,400,200,200,400,0,19.2,513.94452,23.52504,556.66956,0,280844,302.8,212598.908,111.61128,213013.3193,-1500,2,-195,-5,0,-200,50,-20,-49,-1,0,-50,0,1,-2,-28,0,-30,25,-50,-1,-9,0,-10,0,1,2,8,0,10,10,30,1,1,0,2,-75,2,-40,0,0,-40,200,-50,0,0,-50,25,1,30,10,-50,-10,200,5,30,20,5,-50,-25
1bf65234-cad9-447a-8513-4ec9208f1340,Residential,R1787_1_1,2,400,200,200,400,0,19.2,513.94452,23.52504,556.66956,0,280844,302.8,212598.908,111.61128,213013.3193,-1500,2,-195,-5,0,-200,50,-20,-49,-1,0,-50,0,1,-2,-28,0,-30,25,-50,-1,-9,0,-10,0,1,2,8,0,10,10,30,1,1,0,2,-75,2,-40,0,0,-40,200,-50,0,0,-50,25,1,30,10,-50,-10,200,5,30,20,5,-50,-25
97f7886e-3391-4fa2-acb8-0cf30678d1c0,Residential,R1425_1_1,2,400,200,200,400,0,19.2,513.94452,23.52504,556.66956,0,280844,302.8,212598.908,111.61128,213013.3193,-1500,2,-195,-5,0,-200,50,-20,-49,-1,0,-50,0,1,-2,-28,0,-30,25,-50,-1,-9,0,-10,0,1,2,8,0,10,10,30,1,1,0,2,-75,2,-40,0,0,-40,200,-50,0,0,-50,25,1,30,10,-50,-10,200,5,30,20,5,-50,-25
6ed01d9a-e548-45eb-b2d0-bfbacd771152,Residential,R1121_1_1,2,400,200,200,400,0,19.2,513.94452,23.52504,556.66956,0,280844,302.8,212598.908,111.61128,213013.3193,-1500,2,-195,-5,0,-200,50,-20,-49,-1,0,-50,0,1,-2,-28,0,-30,25,-50,-1,-9,0,-10,0,1,2,8,0,10,10,30,1,1,0,2,-75,2,-40,0,0,-40,200,-50,0,0,-50,25,1,30,10,-50,-10,200,5,30,20,5,-50,-25
0c70479a-b178-4747-94ff-cd0676c93796,Residential,R271_1_1,2,400,200,200,400,0,19.2,513.94452,23.52504,556.66956,0,280844,302.8,212598.908,111.61128,213013.3193,-1500,2,-195,-5,0,-200,50,-20,-49,-1,0,-50,0,1,-2,-28,0,-30,25,-50,-1,-9,0,-10,0,1,2,8,0,10,10,30,1,1,0,2,-75,2,-40,0,0,-40,200,-50,0,0,-50,25,1,30,10,-50,-10,200,5,30,20,5,-50,-25
2e673087-960d-4219-82a3-c012490cf5bc,Residential,R1430_1_1,2,400,200,200,400,0,19.2,513.94452,23.52504,556.66956,0,280844,302.8,212598.908,111.61128,213013.3193,-1500,2,-195,-5,0,-200,50,-20,-49,-1,0,-50,0,1,-2,-28,0,-30,25,-50,-1,-9,0,-10,0,1,2,8,0,10,10,30,1,1,0,2,-75,2,-40,0,0,-40,200,-50,0,0,-50,25,1,30,10,-50,-10,200,5,30,20,5,-50,-25
891f3666-6827-48c3-83cc-afb8299deb00,Residential,R196_1_1,2,400,200,200,400,0,19.2,513.94452,23.52504,556.66956,0,280844,302.8,212598.908,111.61128,213013.3193,-1500,2,-195,-5,0,-200,50,-20,-49,-1,0,-50,0,1,-2,-28,0,-30,25,-50,-1,-9,0,-10,0,1,2,8,0,10,10,30,1,1,0,2,-75,2,-40,0,0,-40,200,-50,0,0,-50,25,1,30,10,-50,-10,200,5,30,20,5,-50,-25
88e98306-e1f6-4156-9669-f4a9b336ceb3,Residential,R2019_1_1,2,400,200,200,400,0,19.2,513.94452,23.52504,556.66956,0,280844,302.8,212598.908,111.61128,213013.3193,-1500,2,-195,-5,0,-200,50,-20,-49,-1,0,-50,0,1,-2,-28,0,-30,25,-50,-1,-9,0,-10,0,1,2,8,0,10,10,30,1,1,0,2,-75,2,-40,0,0,-40,200,-50,0,0,-50,25,1,30,10,-50,-10,200,5,30,20,5,-50,-25
e5fb61c1-a534-40c7-8809-e70400a5aad1,Residential,R121_1_1,2,400,200,200,400,0,19.2,513.94452,23.52504,556.66956,0,280844,302.8,212598.908,111.61128,213013.3193,-1500,2,-195,-5,0,-200,50,-20,-49,-1,0,-50,0,1,-2,-28,0,-30,25,-50,-1,-9,0,-10,0,1,2,8,0,10,10,30,1,1,0,2,-75,2,-40,0,0,-40,200,-50,0,0,-50,25,1,30,10,-50,-10,200,5,30,20,5,-50,-25
d3546030-ec04-499a-b176-7d1612d34a4d,Residential,R784_1_1,2,400,200,200,400,0,19.2,513.94452,23.52504,556.66956,0,280844,302.8,212598.908,111.61128,213013.3193,-1500,2,-195,-5,0,-200,50,-20,-49,-1,0,-50,0,1,-2,-28,0,-30,25,-50,-1,-9,0,-10,0,1,2,8,0,10,10,30,1,1,0,2,-75,2,-40,0,0,-40,200,-50,0,0,-50,25,1,30,10,-50,-10,200,5,30,20,5,-50,-25
8cbb3f3b-5b77-4abf-9f42-21e52022389e,Residential,R1172_1_1,2,400,200,200,400,0,19.2,513.94452,23.52504,556.66956,0,280844,302.8,212598.908,111.61128,213013.3193,-1500,2,-195,-5,0,-200,50,-20,-49,-1,0,-50,0,1,-2,-28,0,-30,25,-50,-1,-9,0,-10,0,1,2,8,0,10,10,30,1,1,0,2,-75,2,-40,0,0,-40,200,-50,0,0,-50,25,1,30,10,-50,-10,200,5,30,20,5,-50,-25
bce3cb65-977a-4b80-aefe-710492f729d8,Residential,R817_1_1,2,400,200,200,400,0,19.2,513.94452,23.52504,556.66956,0,280844,302.8,212598.908,111.61128,213013.3193,-1500,2,-195,-5,0,-200,50,-20,-49,-1,0,-50,0,1,-2,-28,0,-30,25,-50,-1,-9,0,-10,0,1,2,8,0,10,10,30,1,1,0,2,-75,2,-40,0,0,-40,200,-50,0,0,-50,25,1,30,10,-50,-10,200,5,30,20,5,-50,-25
75a1e4a7-6352-4683-9bfb-1b08521398fa,Residential,R1494_1_1,2,400,200,200,400,0,19.2,513.94452,23.52504,556.66956,0,280844,302.8,212598.908,111.61128,213013.3193,-1500,2,-195,-5,0,-200,50,-20,-49,-1,0,-50,0,1,-2,-28,0,-30,25,-50,-1,-9,0,-10,0,1,2,8,0,10,10,30,1,1,0,2,-75,2,-40,0,0,-40,200,-50,0,0,-50,25,1,30,10,-50,-10,200,5,30,20,5,-50,-25
84f5c286-92f8-4232-a99e-53fe8aac56b6,Residential,R1309_1_1,2,400,200,200,400,0,19.2,513.94452,23.52504,556.66956,0,280844,302.8,212598.908,111.61128,213013.3193,-1500,2,-195,-5,0,-200,50,-20,-49,-1,0,-50,0,1,-2,-28,0,-30,25,-50,-1,-9,0,-10,0,1,2,8,0,10,10,30,1,1,0,2,-75,2,-40,0,0,-40,200,-50,0,0,-50,25,1,30,10,-50,-10,200,5,30,20,5,-50,-25
dddfd109-4c11-4b2e-8e1e-75269e49e9ea,Residential,R623_1_1,2,400,200,200,400,0,19.2,513.94452,23.52504,556.66956,0,280844,302.8,212598.908,111.61128,213013.3193,-1500,2,-195,-5,0,-200,50,-20,-49,-1,0,-50,0,1,-2,-28,0,-30,25,-50,-1,-9,0,-10,0,1,2,8,0,10,10,30,1,1,0,2,-75,2,-40,0,0,-40,200,-50,0,0,-50,25,1,30,10,-50,-10,200,5,30,20,5,-50,-25
d526f8e8-6c9f-4f65-8643-aa416a0ca244,Residential,R1427_1_1,2,400,200,200,400,0,19.2,513.94452,23.52504,556.66956,0,280844,302.8,212598.908,111.61128,213013.3193,-1500,2,-195,-5,0,-200,50,-20,-49,-1,0,-50,0,1,-2,-28,0,-30,25,-50,-1,-9,0,-10,0,1,2,8,0,10,10,30,1,1,0,2,-75,2,-40,0,0,-40,200,-50,0,0,-50,25,1,30,10,-50,-10,200,5,30,20,5,-50,-25
f88751c3-bdb1-414f-b241-f376432cc111,Residential,R1500_1_1,2,400,200,200,400,0,19.2,513.94452,23.52504,556.66956,0,280844,302.8,212598.908,111.61128,213013.3193,-1500,2,-195,-5,0,-200,50,-20,-49,-1,0,-50,0,1,-2,-28,0,-30,25,-50,-1,-9,0,-10,0,1,2,8,0,10,10,30,1,1,0,2,-75,2,-40,0,0,-40,200,-50,0,0,-50,25,1,30,10,-50,-10,200,5,30,20,5,-50,-25
066686f4-0488-48b9-9bde-8bb06f15753c,Residential,R1758_1_1,2,400,200,200,400,0,19.2,513.94452,23.52504,556.66956,0,280844,302.8,212598.908,111.61128,213013.3193,-1500,2,-195,-5,0,-200,50,-20,-49,-1,0,-50,0,1,-2,-28,0,-30,25,-50,-1,-9,0,-10,0,1,2,8,0,10,10,30,1,1,0,2,-75,2,-40,0,0,-40,200,-50,0,0,-50,25,1,30,10,-50,-10,200,5,30,20,5,-50,-25
0bb42d7e-c2bb-4582-afea-691f0f320a1d,Residential,R1049_1_1,2,400,200,200,400,0,19.2,513.94452,23.52504,556.66956,0,280844,302.8,212598.908,111.61128,213013.3193,-1500,2,-195,-5,0,-200,50,-20,-49,-1,0,-50,0,1,-2,-28,0,-30,25,-50,-1,-9,0,-10,0,1,2,8,0,10,10,30,1,1,0,2,-75,2,-40,0,0,-40,200,-50,0,0,-50,25,1,30,10,-50,-10,200,5,30,20,5,-50,-25
a58df08d-6230-4e22-9f4a-ab77ad249944,Residential,R21_1_1,2,400,200,200,400,0,19.2,513.94452,23.52504,556.66956,0,280844,302.8,212598.908,111.61128,213013.3193,-1500,2,-195,-5,0,-200,50,-20,-49,-1,0,-50,0,1,-2,-28,0,-30,25,-50,-1,-9,0,-10,0,1,2,8,0,10,10,30,1,1,0,2,-75,2,-40,0,0,-40,200,-50,0,0,-50,25,1,30,10,-50,-10,200,5,30,20,5,-50,-25
fa534df2-9a12-46b9-92bf-d25fc759c621,Residential,R1600_1_1,2,400,200,200,400,0,19.2,513.94452,23.52504,556.66956,0,280844,302.8,212598.908,111.61128,213013.3193,-1500,2,-195,-5,0,-200,50,-20,-49,-1,0,-50,0,1,-2,-28,0,-30,25,-50,-1,-9,0,-10,0,1,2,8,0,10,10,30,1,1,0,2,-75,2,-40,0,0,-40,200,-50,0,0,-50,25,1,30,10,-50,-10,200,5,30,20,5,-50,-25
c72d2d56-7ee1-4856-b7df-8428afebddb3,Residential,R1493_1_1,2,400,200,200,400,0,19.2,513.94452,23.52504,556.66956,0,280844,302.8,212598.908,111.61128,213013.3193,-1500,2,-195,-5,0,-200,50,-20,-49,-1,0,-50,0,1,-2,-28,0,-30,25,-50,-1,-9,0,-10,0,1,2,8,0,10,10,30,1,1,0,2,-75,2,-40,0,0,-40,200,-50,0,0,-50,25,1,30,10,-50,-10,200,5,30,20,5,-50,-25
4856d026-c7b2-42c8-adb1-b01dd93220d2,Residential,R868_1_1,2,400,200,200,400,0,19.2,513.94452,23.52504,556.66956,0,280844,302.8,212598.908,111.61128,213013.3193,-1500,2,-195,-5,0,-200,50,-20,-49,-1,0,-50,0,1,-2,-28,0,-30,25,-50,-1,-9,0,-10,0,1,2,8,0,10,10,30,1,1,0,2,-75,2,-40,0,0,-40,200,-50,0,0,-50,25,1,30,10,-50,-10,200,5,30,20,5,-50,-25
27f36807-fda4-4954-a2f9-f3e82ffe0ba0,Residential,R1941_1_1,2,400,200,200,400,0,19.2,513.94452,23.52504,556.66956,0,280844,302.8,212598.908,111.61128,213013.3193,-1500,2,-195,-5,0,-200,50,-20,-49,-1,0,-50,0,1,-2,-28,0,-30,25,-50,-1,-9,0,-10,0,1,2,8,0,10,10,30,1,1,0,2,-75,2,-40,0,0,-40,200,-50,0,0,-50,25,1,30,10,-50,-10,200,5,30,20,5,-50,-25
01174b13-c2a7-47fd-8cd8-189c0ec40127,Residential,R2015_1_1,2,400,200,200,400,0,19.2,513.94452,23.52504,556.66956,0,280844,302.8,212598.908,111.61128,213013.3193,-1500,2,-195,-5,0,-200,50,-20,-49,-1,0,-50,0,1,-2,-28,0,-30,25,-50,-1,-9,0,-10,0,1,2,8,0,10,10,30,1,1,0,2,-75,2,-40,0,0,-40,200,-50,0,0,-50,25,1,30,10,-50,-10,200,5,30,20,5,-50,-25
770bafe3-5734-45b5-b191-52e36e0f385c,Residential,R1412_1_1,2,400,200,200,400,0,19.2,513.94452,23.52504,556.66956,0,280844,302.8,212598.908,111.61128,213013.3193,-1500,2,-195,-5,0,-200,50,-20,-49,-1,0,-50,0,1,-2,-28,0,-30,25,-50,-1,-9,0,-10,0,1,2,8,0,10,10,30,1,1,0,2,-75,2,-40,0,0,-40,200,-50,0,0,-50,25,1,30,10,-50,-10,200,5,30,20,5,-50,-25
72a69baa-7c40-4f8b-ab1a-8910966e21ad,Residential,R581_1_1,2,400,200,200,400,0,19.2,513.94452,23.52504,556.66956,0,280844,302.8,212598.908,111.61128,213013.3193,-1500,2,-195,-5,0,-200,50,-20,-49,-1,0,-50,0,1,-2,-28,0,-30,25,-50,-1,-9,0,-10,0,1,2,8,0,10,10,30,1,1,0,2,-75,2,-40,0,0,-40,200,-50,0,0,-50,25,1,30,10,-50,-10,200,5,30,20,5,-50,-25
4f861530-72c5-4b1e-99cd-6dc833b76005,Residential,R1978_1_1,2,400,200,200,400,0,19.2,513.94452,23.52504,556.66956,0,280844,302.8,212598.908,111.61128,213013.3193,-1500,2,-195,-5,0,-200,50,-20,-49,-1,0,-50,0,1,-2,-28,0,-30,25,-50,-1,-9,0,-10,0,1,2,8,0,10,10,30,1,1,0,2,-75,2,-40,0,0,-40,200,-50,0,0,-50,25,1,30,10,-50,-10,200,5,30,20,5,-50,-25
3b151e0e-2d55-48c0-911c-04a73bb4e26a,Residential,R22_1_1,2,400,200,200,400,0,19.2,513.94452,23.52504,556.66956,0,280844,302.8,212598.908,111.61128,213013.3193,-1500,2,-195,-5,0,-200,50,-20,-49,-1,0,-50,0,1,-2,-28,0,-30,25,-50,-1,-9,0,-10,0,1,2,8,0,10,10,30,1,1,0,2,-75,2,-40,0,0,-40,200,-50,0,0,-50,25,1,30,10,-50,-10,200,5,30,20,5,-50,-25
5cbbc751-4914-406a-8c7b-b670cbd7314f,Residential,R2150_1_1,2,400,200,200,400,0,19.2,513.94452,23.52504,556.66956,0,280844,302.8,212598.908,111.61128,213013.3193,-1500,2,-195,-5,0,-200,50,-20,-49,-1,0,-50,0,1,-2,-28,0,-30,25,-50,-1,-9,0,-10,0,1,2,8,0,10,10,30,1,1,0,2,-75,2,-40,0,0,-40,200,-50,0,0,-50,25,1,30,10,-50,-10,200,5,30,20,5,-50,-25
05796995-fb86-4202-bf4e-a1e48de43d15,Residential,R1824_1_1,2,400,200,200,400,0,19.2,513.94452,23.52504,556.66956,0,280844,302.8,212598.908,111.61128,213013.3193,-1500,2,-195,-5,0,-200,50,-20,-49,-1,0,-50,0,1,-2,-28,0,-30,25,-50,-1,-9,0,-10,0,1,2,8,0,10,10,30,1,1,0,2,-75,2,-40,0,0,-40,200,-50,0,0,-50,25,1,30,10,-50,-10,200,5,30,20,5,-50,-25
12ab6c2c-c1f5-4abd-b5eb-ebc00908c07f,Residential,R134_1_1,2,400,200,200,400,0,19.2,513.94452,23.52504,556.66956,0,280844,302.8,212598.908,111.61128,213013.3193,-1500,2,-195,-5,0,-200,50,-20,-49,-1,0,-50,0,1,-2,-28,0,-30,25,-50,-1,-9,0,-10,0,1,2,8,0,10,10,30,1,1,0,2,-75,2,-40,0,0,-40,200,-50,0,0,-50,25,1,30,10,-50,-10,200,5,30,20,5,-50,-25
a8328f91-5bf0-43e2-8f6e-8a7dea870527,Residential,R853_1_1,2,400,200,200,400,0,19.2,513.94452,23.52504,556.66956,0,280844,302.8,212598.908,111.61128,213013.3193,-1500,2,-195,-5,0,-200,50,-20,-49,-1,0,-50,0,1,-2,-28,0,-30,25,-50,-1,-9,0,-10,0,1,2,8,0,10,10,30,1,1,0,2,-75,2,-40,0,0,-40,200,-50,0,0,-50,25,1,30,10,-50,-10,200,5,30,20,5,-50,-25
7e8255f4-ad62-49d3-add9-29d18765d151,Residential,R1748_1_1,2,400,200,200,400,0,19.2,513.94452,23.52504,556.66956,0,280844,302.8,212598.908,111.61128,213013.3193,-1500,2,-195,-5,0,-200,50,-20,-49,-1,0,-50,0,1,-2,-28,0,-30,25,-50,-1,-9,0,-10,0,1,2,8,0,10,10,30,1,1,0,2,-75,2,-40,0,0,-40,200,-50,0,0,-50,25,1,30,10,-50,-10,200,5,30,20,5,-50,-25
a1b10c76-db88-4eab-847a-5845f61c5cc6,Residential,R2037_1_1,2,400,200,200,400,0,19.2,513.94452,23.52504,556.66956,0,280844,302.8,212598.908,111.61128,213013.3193,-1500,2,-195,-5,0,-200,50,-20,-49,-1,0,-50,0,1,-2,-28,0,-30,25,-50,-1,-9,0,-10,0,1,2,8,0,10,10,30,1,1,0,2,-75,2,-40,0,0,-40,200,-50,0,0,-50,25,1,30,10,-50,-10,200,5,30,20,5,-50,-25
d6ba3004-9efb-4843-8430-ec63c919ea56,Residential,R1537_1_1,2,400,200,200,400,0,19.2,513.94452,23.52504,556.66956,0,280844,302.8,212598.908,111.61128,213013.3193,-1500,2,-195,-5,0,-200,50,-20,-49,-1,0,-50,0,1,-2,-28,0,-30,25,-50,-1,-9,0,-10,0,1,2,8,0,10,10,30,1,1,0,2,-75,2,-40,0,0,-40,200,-50,0,0,-50,25,1,30,10,-50,-10,200,5,30,20,5,-50,-25
ce0220fa-fb4d-468d-98c0-7c61d0083a59,Residential,R727_1_1,2,400,200,200,400,0,19.2,513.94452,23.52504,556.66956,0,280844,302.8,212598.908,111.61128,213013.3193,-1500,2,-195,-5,0,-200,50,-20,-49,-1,0,-50,0,1,-2,-28,0,-30,25,-50,-1,-9,0,-10,0,1,2,8,0,10,10,30,1,1,0,2,-75,2,-40,0,0,-40,200,-50,0,0,-50,25,1,30,10,-50,-10,200,5,30,20,5,-50,-25
bf2943f8-efd8-4bdc-ad44-fbbef7165f38,Residential,R20_1_1,2,400,200,200,400,0,19.2,513.94452,23.52504,556.66956,0,280844,302.8,212598.908,111.61128,213013.3193,-1500,2,-195,-5,0,-200,50,-20,-49,-1,0,-50,0,1,-2,-28,0,-30,25,-50,-1,-9,0,-10,0,1,2,8,0,10,10,30,1,1,0,2,-75,2,-40,0,0,-40,200,-50,0,0,-50,25,1,30,10,-50,-10,200,5,30,20,5,-50,-25
734aec01-bc7d-41dc-927c-efceb10715a7,Residential,R1272_1_1,2,400,200,200,400,0,19.2,513.94452,23.52504,556.66956,0,280844,302.8,212598.908,111.61128,213013.3193,-1500,2,-195,-5,0,-200,50,-20,-49,-1,0,-50,0,1,-2,-28,0,-30,25,-50,-1,-9,0,-10,0,1,2,8,0,10,10,30,1,1,0,2,-75,2,-40,0,0,-40,200,-50,0,0,-50,25,1,30,10,-50,-10,200,5,30,20,5,-50,-25
fc696d17-c18e-4f02-b39f-4f9c30b72481,Residential,R1947_1_1,2,400,200,200,400,0,19.2,513.94452,23.52504,556.66956,0,280844,302.8,212598.908,111.61128,213013.3193,-1500,2,-195,-5,0,-200,50,-20,-49,-1,0,-50,0,1,-2,-28,0,-30,25,-50,-1,-9,0,-10,0,1,2,8,0,10,10,30,1,1,0,2,-75,2,-40,0,0,-40,200,-50,0,0,-50,25,1,30,10,-50,-10,200,5,30,20,5,-50,-25
cd231ae5-4ace-42bf-9aaf-9da772017d8a,Residential,R894_1_1,2,400,200,200,400,0,19.2,513.94452,23.52504,556.66956,0,280844,302.8,212598.908,111.61128,213013.3193,-1500,2,-195,-5,0,-200,50,-20,-49,-1,0,-50,0,1,-2,-28,0,-30,25,-50,-1,-9,0,-10,0,1,2,8,0,10,10,30,1,1,0,2,-75,2,-40,0,0,-40,200,-50,0,0,-50,25,1,30,10,-50,-10,200,5,30,20,5,-50,-25
0d740a03-ce7b-4772-a299-4d889a16f2cc,Residential,R213_1_1,2,400,200,200,400,0,19.2,513.94452,23.52504,556.66956,0,280844,302.8,212598.908,111.61128,213013.3193,-1500,2,-195,-5,0,-200,50,-20,-49,-1,0,-50,0,1,-2,-28,0,-30,25,-50,-1,-9,0,-10,0,1,2,8,0,10,10,30,1,1,0,2,-75,2,-40,0,0,-40,200,-50,0,0,-50,25,1,30,10,-50,-10,200,5,30,20,5,-50,-25
769acdc1-add9-4cbe-a519-361df9773f9c,Residential,R337_1_1,2,400,200,200,400,0,19.2,513.94452,23.52504,556.66956,0,280844,302.8,212598.908,111.61128,213013.3193,-1500,2,-195,-5,0,-200,50,-20,-49,-1,0,-50,0,1,-2,-28,0,-30,25,-50,-1,-9,0,-10,0,1,2,8,0,10,10,30,1,1,0,2,-75,2,-40,0,0,-40,200,-50,0,0,-50,25,1,30,10,-50,-10,200,5,30,20,5,-50,-25
dda284c6-be1e-4e26-8b06-3e36d8f88310,Residential,R960_1_1,2,400,200,200,400,0,19.2,513.94452,23.52504,556.66956,0,280844,302.8,212598.908,111.61128,213013.3193,-1500,2,-195,-5,0,-200,50,-20,-49,-1,0,-50,0,1,-2,-28,0,-30,25,-50,-1,-9,0,-10,0,1,2,8,0,10,10,30,1,1,0,2,-75,2,-40,0,0,-40,200,-50,0,0,-50,25,1,30,10,-50,-10,200,5,30,20,5,-50,-25
4d84a554-eb9d-41d6-82d3-8843ffcb5b50,Residential,R1971_1_1,2,400,200,200,400,0,19.2,513.94452,23.52504,556.66956,0,280844,302.8,212598.908,111.61128,213013.3193,-1500,2,-195,-5,0,-200,50,-20,-49,-1,0,-50,0,1,-2,-28,0,-30,25,-50,-1,-9,0,-10,0,1,2,8,0,10,10,30,1,1,0,2,-75,2,-40,0,0,-40,200,-50,0,0,-50,25,1,30,10,-50,-10,200,5,30,20,5,-50,-25
412ba375-6175-4098-8bb5-08a445a676f2,Residential,R1043_1_1,2,400,200,200,400,0,19.2,513.94452,23.52504,556.66956,0,280844,302.8,212598.908,111.61128,213013.3193,-1500,2,-195,-5,0,-200,50,-20,-49,-1,0,-50,0,1,-2,-28,0,-30,25,-50,-1,-9,0,-10,0,1,2,8,0,10,10,30,1,1,0,2,-75,2,-40,0,0,-40,200,-50,0,0,-50,25,1,30,10,-50,-10,200,5,30,20,5,-50,-25
57dcd740-863c-4dfe-8100-d96b82d41044,Residential,R362_1_1,2,400,200,200,400,0,19.2,513.94452,23.52504,556.66956,0,280844,302.8,212598.908,111.61128,213013.3193,-1500,2,-195,-5,0,-200,50,-20,-49,-1,0,-50,0,1,-2,-28,0,-30,25,-50,-1,-9,0,-10,0,1,2,8,0,10,10,30,1,1,0,2,-75,2,-40,0,0,-40,200,-50,0,0,-50,25,1,30,10,-50,-10,200,5,30,20,5,-50,-25
aa77bcb1-4e36-4ee6-92fe-fbd614b0a269,Residential,R1931_1_1,2,400,200,200,400,0,19.2,513.94452,23.52504,556.66956,0,280844,302.8,212598.908,111.61128,213013.3193,-1500,2,-195,-5,0,-200,50,-20,-49,-1,0,-50,0,1,-2,-28,0,-30,25,-50,-1,-9,0,-10,0,1,2,8,0,10,10,30,1,1,0,2,-75,2,-40,0,0,-40,200,-50,0,0,-50,25,1,30,10,-50,-10,200,5,30,20,5,-50,-25
f2ab5370-7f46-428e-bc20-8062901a1cd2,Residential,R2033_1_1,2,400,200,200,400,0,19.2,513.94452,23.52504,556.66956,0,280844,302.8,212598.908,111.61128,213013.3193,-1500,2,-195,-5,0,-200,50,-20,-49,-1,0,-50,0,1,-2,-28,0,-30,25,-50,-1,-9,0,-10,0,1,2,8,0,10,10,30,1,1,0,2,-75,2,-40,0,0,-40,200,-50,0,0,-50,25,1,30,10,-50,-10,200,5,30,20,5,-50,-25
c08ef592-7f10-46a6-922e-f1392d222a05,Residential,R1794_1_1,2,400,200,200,400,0,19.2,513.94452,23.52504,556.66956,0,280844,302.8,212598.908,111.61128,213013.3193,-1500,2,-195,-5,0,-200,50,-20,-49,-1,0,-50,0,1,-2,-28,0,-30,25,-50,-1,-9,0,-10,0,1,2,8,0,10,10,30,1,1,0,2,-75,2,-40,0,0,-40,200,-50,0,0,-50,25,1,30,10,-50,-10,200,5,30,20,5,-50,-25
e6329cfa-7aa1-47f5-be58-91a01230f537,Residential,R406_1_1,2,400,200,200,400,0,19.2,513.94452,23.52504,556.66956,0,280844,302.8,212598.908,111.61128,213013.3193,-1500,2,-195,-5,0,-200,50,-20,-49,-1,0,-50,0,1,-2,-28,0,-30,25,-50,-1,-9,0,-10,0,1,2,8,0,10,10,30,1,1,0,2,-75,2,-40,0,0,-40,200,-50,0,0,-50,25,1,30,10,-50,-10,200,5,30,20,5,-50,-25
91d88cd1-9d0f-4247-bd07-2107de0ba0ff,Residential,R737_1_1,2,400,200,200,400,0,19.2,513.94452,23.52504,556.66956,0,280844,302.8,212598.908,111.61128,213013.3193,-1500,2,-195,-5,0,-200,50,-20,-49,-1,0,-50,0,1,-2,-28,0,-30,25,-50,-1,-9,0,-10,0,1,2,8,0,10,10,30,1,1,0,2,-75,2,-40,0,0,-40,200,-50,0,0,-50,25,1,30,10,-50,-10,200,5,30,20,5,-50,-25
5e12ef00-e8a0-48e0-9cf9-a5909cedc9d2,Residential,R1289_1_1,2,400,200,200,400,0,19.2,513.94452,23.52504,556.66956,0,280844,302.8,212598.908,111.61128,213013.3193,-1500,2,-195,-5,0,-200,50,-20,-49,-1,0,-50,0,1,-2,-28,0,-30,25,-50,-1,-9,0,-10,0,1,2,8,0,10,10,30,1,1,0,2,-75,2,-40,0,0,-40,200,-50,0,0,-50,25,1,30,10,-50,-10,200,5,30,20,5,-50,-25
1f1fb622-56ff-45b2-b540-8a78c10bc798,Residential,R1535_1_1,2,400,200,200,400,0,19.2,513.94452,23.52504,556.66956,0,280844,302.8,212598.908,111.61128,213013.3193,-1500,2,-195,-5,0,-200,50,-20,-49,-1,0,-50,0,1,-2,-28,0,-30,25,-50,-1,-9,0,-10,0,1,2,8,0,10,10,30,1,1,0,2,-75,2,-40,0,0,-40,200,-50,0,0,-50,25,1,30,10,-50,-10,200,5,30,20,5,-50,-25
a56469d2-9331-417f-b327-7dfdc6da79d5,Residential,R809_1_1,2,400,200,200,400,0,19.2,513.94452,23.52504,556.66956,0,280844,302.8,212598.908,111.61128,213013.3193,-1500,2,-195,-5,0,-200,50,-20,-49,-1,0,-50,0,1,-2,-28,0,-30,25,-50,-1,-9,0,-10,0,1,2,8,0,10,10,30,1,1,0,2,-75,2,-40,0,0,-40,200,-50,0,0,-50,25,1,30,10,-50,-10,200,5,30,20,5,-50,-25
c99082ba-fbe9-41b0-9ac6-392e501d8d22,Residential,R412_1_1,2,400,200,200,400,0,19.2,513.94452,23.52504,556.66956,0,280844,302.8,212598.908,111.61128,213013.3193,-1500,2,-195,-5,0,-200,50,-20,-49,-1,0,-50,0,1,-2,-28,0,-30,25,-50,-1,-9,0,-10,0,1,2,8,0,10,10,30,1,1,0,2,-75,2,-40,0,0,-40,200,-50,0,0,-50,25,1,30,10,-50,-10,200,5,30,20,5,-50,-25
069742fa-db35-4294-b147-bfe81d7a5f08,Residential,R1356_1_1,2,400,200,200,400,0,19.2,513.94452,23.52504,556.66956,0,280844,302.8,212598.908,111.61128,213013.3193,-1500,2,-195,-5,0,-200,50,-20,-49,-1,0,-50,0,1,-2,-28,0,-30,25,-50,-1,-9,0,-10,0,1,2,8,0,10,10,30,1,1,0,2,-75,2,-40,0,0,-40,200,-50,0,0,-50,25,1,30,10,-50,-10,200,5,30,20,5,-50,-25
f0d3d2de-d35e-45f6-b3ed-c478bb34a703,Residential,R1374_1_1,2,400,200,200,400,0,19.2,513.94452,23.52504,556.66956,0,280844,302.8,212598.908,111.61128,213013.3193,-1500,2,-195,-5,0,-200,50,-20,-49,-1,0,-50,0,1,-2,-28,0,-30,25,-50,-1,-9,0,-10,0,1,2,8,0,10,10,30,1,1,0,2,-75,2,-40,0,0,-40,200,-50,0,0,-50,25,1,30,10,-50,-10,200,5,30,20,5,-50,-25
a354bda7-e061-43c7-bf83-c49889b338cb,Residential,R860_1_1,2,400,200,200,400,0,19.2,513.94452,23.52504,556.66956,0,280844,302.8,212598.908,111.61128,213013.3193,-1500,2,-195,-5,0,-200,50,-20,-49,-1,0,-50,0,1,-2,-28,0,-30,25,-50,-1,-9,0,-10,0,1,2,8,0,10,10,30,1,1,0,2,-75,2,-40,0,0,-40,200,-50,0,0,-50,25,1,30,10,-50,-10,200,5,30,20,5,-50,-25
41125957-7cbc-408f-afc2-b8358270d6c2,Residential,R1961_1_1,2,400,200,200,400,0,19.2,513.94452,23.52504,556.66956,0,280844,302.8,212598.908,111.61128,213013.3193,-1500,2,-195,-5,0,-200,50,-20,-49,-1,0,-50,0,1,-2,-28,0,-30,25,-50,-1,-9,0,-10,0,1,2,8,0,10,10,30,1,1,0,2,-75,2,-40,0,0,-40,200,-50,0,0,-50,25,1,30,10,-50,-10,200,5,30,20,5,-50,-25
c1935c0f-14c3-4a07-8b38-7d1dd55300b7,Residential,R2078_1_1,2,400,200,200,400,0,19.2,513.94452,23.52504,556.66956,0,280844,302.8,212598.908,111.61128,213013.3193,-1500,2,-195,-5,0,-200,50,-20,-49,-1,0,-50,0,1,-2,-28,0,-30,25,-50,-1,-9,0,-10,0,1,2,8,0,10,10,30,1,1,0,2,-75,2,-40,0,0,-40,200,-50,0,0,-50,25,1,30,10,-50,-10,200,5,30,20,5,-50,-25
716a3068-cfe6-4946-97c3-41343d742d6c,Residential,R1332_1_1,2,400,200,200,400,0,19.2,513.94452,23.52504,556.66956,0,280844,302.8,212598.908,111.61128,213013.3193,-1500,2,-195,-5,0,-200,50,-20,-49,-1,0,-50,0,1,-2,-28,0,-30,25,-50,-1,-9,0,-10,0,1,2,8,0,10,10,30,1,1,0,2,-75,2,-40,0,0,-40,200,-50,0,0,-50,25,1,30,10,-50,-10,200,5,30,20,5,-50,-25
cdd4625f-9cc0-4869-94f6-8ddfea7945ed,Residential,R1482_1_1,2,400,200,200,400,0,19.2,513.94452,23.52504,556.66956,0,280844,302.8,212598.908,111.61128,213013.3193,-1500,2,-195,-5,0,-200,50,-20,-49,-1,0,-50,0,1,-2,-28,0,-30,25,-50,-1,-9,0,-10,0,1,2,8,0,10,10,30,1,1,0,2,-75,2,-40,0,0,-40,200,-50,0,0,-50,25,1,30,10,-50,-10,200,5,30,20,5,-50,-25
30c26e7e-7f82-4497-a739-07a0f9f9a72b,Residential,R1973_1_1,2,400,200,200,400,0,19.2,513.94452,23.52504,556.66956,0,280844,302.8,212598.908,111.61128,213013.3193,-1500,2,-195,-5,0,-200,50,-20,-49,-1,0,-50,0,1,-2,-28,0,-30,25,-50,-1,-9,0,-10,0,1,2,8,0,10,10,30,1,1,0,2,-75,2,-40,0,0,-40,200,-50,0,0,-50,25,1,30,10,-50,-10,200,5,30,20,5,-50,-25
09ddaeb2-5c67-4fb3-bea4-e6da2e46fa75,Residential,R935_1_1,2,400,200,200,400,0,19.2,513.94452,23.52504,556.66956,0,280844,302.8,212598.908,111.61128,213013.3193,-1500,2,-195,-5,0,-200,50,-20,-49,-1,0,-50,0,1,-2,-28,0,-30,25,-50,-1,-9,0,-10,0,1,2,8,0,10,10,30,1,1,0,2,-75,2,-40,0,0,-40,200,-50,0,0,-50,25,1,30,10,-50,-10,200,5,30,20,5,-50,-25
1253d344-ddb7-4028-a8dc-4d9d516f07ad,Residential,R1575_1_1,2,400,200,200,400,0,19.2,513.94452,23.52504,556.66956,0,280844,302.8,212598.908,111.61128,213013.3193,-1500,2,-195,-5,0,-200,50,-20,-49,-1,0,-50,0,1,-2,-28,0,-30,25,-50,-1,-9,0,-10,0,1,2,8,0,10,10,30,1,1,0,2,-75,2,-40,0,0,-40,200,-50,0,0,-50,25,1,30,10,-50,-10,200,5,30,20,5,-50,-25
aca84396-1149-4253-a516-d6849055255c,Residential,R472_1_1,2,400,200,200,400,0,19.2,513.94452,23.52504,556.66956,0,280844,302.8,212598.908,111.61128,213013.3193,-1500,2,-195,-5,0,-200,50,-20,-49,-1,0,-50,0,1,-2,-28,0,-30,25,-50,-1,-9,0,-10,0,1,2,8,0,10,10,30,1,1,0,2,-75,2,-40,0,0,-40,200,-50,0,0,-50,25,1,30,10,-50,-10,200,5,30,20,5,-50,-25
3ea2f263-0d78-48d5-8c2d-6e8f38047ae1,Residential,R1848_1_1,2,400,200,200,400,0,19.2,513.94452,23.52504,556.66956,0,280844,302.8,212598.908,111.61128,213013.3193,-1500,2,-195,-5,0,-200,50,-20,-49,-1,0,-50,0,1,-2,-28,0,-30,25,-50,-1,-9,0,-10,0,1,2,8,0,10,10,30,1,1,0,2,-75,2,-40,0,0,-40,200,-50,0,0,-50,25,1,30,10,-50,-10,200,5,30,20,5,-50,-25
a4d9546f-e361-40a7-9409-438a2f8ef0d4,Residential,R193_1_1,2,400,200,200,400,0,19.2,513.94452,23.52504,556.66956,0,280844,302.8,212598.908,111.61128,213013.3193,-1500,2,-195,-5,0,-200,50,-20,-49,-1,0,-50,0,1,-2,-28,0,-30,25,-50,-1,-9,0,-10,0,1,2,8,0,10,10,30,1,1,0,2,-75,2,-40,0,0,-40,200,-50,0,0,-50,25,1,30,10,-50,-10,200,5,30,20,5,-50,-25
c3795d38-1d5f-4003-83b9-9a23af004ec5,Residential,R1143_1_1,2,400,200,200,400,0,19.2,513.94452,23.52504,556.66956,0,280844,302.8,212598.908,111.61128,213013.3193,-1500,2,-195,-5,0,-200,50,-20,-49,-1,0,-50,0,1,-2,-28,0,-30,25,-50,-1,-9,0,-10,0,1,2,8,0,10,10,30,1,1,0,2,-75,2,-40,0,0,-40,200,-50,0,0,-50,25,1,30,10,-50,-10,200,5,30,20,5,-50,-25
fc328d02-7884-445e-9ee5-395949ec7d21,Residential,R138_1_1,2,400,200,200,400,0,19.2,513.94452,23.52504,556.66956,0,280844,302.8,212598.908,111.61128,213013.3193,-1500,2,-195,-5,0,-200,50,-20,-49,-1,0,-50,0,1,-2,-28,0,-30,25,-50,-1,-9,0,-10,0,1,2,8,0,10,10,30,1,1,0,2,-75,2,-40,0,0,-40,200,-50,0,0,-50,25,1,30,10,-50,-10,200,5,30,20,5,-50,-25
127a466e-2fae-4723-837e-790301ef86e6,Residential,R2138_1_1,2,400,200,200,400,0,19.2,513.94452,23.52504,556.66956,0,280844,302.8,212598.908,111.61128,213013.3193,-1500,2,-195,-5,0,-200,50,-20,-49,-1,0,-50,0,1,-2,-28,0,-30,25,-50,-1,-9,0,-10,0,1,2,8,0,10,10,30,1,1,0,2,-75,2,-40,0,0,-40,200,-50,0,0,-50,25,1,30,10,-50,-10,200,5,30,20,5,-50,-25
c4c2f15d-fe04-4298-81db-6b3a25b0a404,Residential,R2127_1_1,2,400,200,200,400,0,19.2,513.94452,23.52504,556.66956,0,280844,302.8,212598.908,111.61128,213013.3193,-1500,2,-195,-5,0,-200,50,-20,-49,-1,0,-50,0,1,-2,-28,0,-30,25,-50,-1,-9,0,-10,0,1,2,8,0,10,10,30,1,1,0,2,-75,2,-40,0,0,-40,200,-50,0,0,-50,25,1,30,10,-50,-10,200,5,30,20,5,-50,-25
96776dca-99a2-4ad4-be9c-45e08bd5d299,Residential,R897_1_1,2,400,200,200,400,0,19.2,513.94452,23.52504,556.66956,0,280844,302.8,212598.908,111.61128,213013.3193,-1500,2,-195,-5,0,-200,50,-20,-49,-1,0,-50,0,1,-2,-28,0,-30,25,-50,-1,-9,0,-10,0,1,2,8,0,10,10,30,1,1,0,2,-75,2,-40,0,0,-40,200,-50,0,0,-50,25,1,30,10,-50,-10,200,5,30,20,5,-50,-25
810f487b-f243-4fe7-bba9-2ae7122e367c,Residential,R2174_1_1,2,400,200,200,400,0,19.2,513.94452,23.52504,556.66956,0,280844,302.8,212598.908,111.61128,213013.3193,-1500,2,-195,-5,0,-200,50,-20,-49,-1,0,-50,0,1,-2,-28,0,-30,25,-50,-1,-9,0,-10,0,1,2,8,0,10,10,30,1,1,0,2,-75,2,-40,0,0,-40,200,-50,0,0,-50,25,1,30,10,-50,-10,200,5,30,20,5,-50,-25
8e799a48-713d-45ea-97e0-9335338304d5,Residential,R891_1_1,2,400,200,200,400,0,19.2,513.94452,23.52504,556.66956,0,280844,302.8,212598.908,111.61128,213013.3193,-1500,2,-195,-5,0,-200,50,-20,-49,-1,0,-50,0,1,-2,-28,0,-30,25,-50,-1,-9,0,-10,0,1,2,8,0,10,10,30,1,1,0,2,-75,2,-40,0,0,-40,200,-50,0,0,-50,25,1,30,10,-50,-10,200,5,30,20,5,-50,-25
c4426c92-b4a9-4c83-a4cc-1459509571e2,Residential,R254_1_1,2,400,200,200,400,0,19.2,513.94452,23.52504,556.66956,0,280844,302.8,212598.908,111.61128,213013.3193,-1500,2,-195,-5,0,-200,50,-20,-49,-1,0,-50,0,1,-2,-28,0,-30,25,-50,-1,-9,0,-10,0,1,2,8,0,10,10,30,1,1,0,2,-75,2,-40,0,0,-40,200,-50,0,0,-50,25,1,30,10,-50,-10,200,5,30,20,5,-50,-25
1e58a418-b6b8-4819-a115-ab7750040974,Residential,R1654_1_1,2,400,200,200,400,0,19.2,513.94452,23.52504,556.66956,0,280844,302.8,212598.908,111.61128,213013.3193,-1500,2,-195,-5,0,-200,50,-20,-49,-1,0,-50,0,1,-2,-28,0,-30,25,-50,-1,-9,0,-10,0,1,2,8,0,10,10,30,1,1,0,2,-75,2,-40,0,0,-40,200,-50,0,0,-50,25,1,30,10,-50,-10,200,5,30,20,5,-50,-25
ef5f5035-93cd-47a3-9737-4db98d00e629,Residential,R1077_1_1,2,400,200,200,400,0,19.2,513.94452,23.52504,556.66956,0,280844,302.8,212598.908,111.61128,213013.3193,-1500,2,-195,-5,0,-200,50,-20,-49,-1,0,-50,0,1,-2,-28,0,-30,25,-50,-1,-9,0,-10,0,1,2,8,0,10,10,30,1,1,0,2,-75,2,-40,0,0,-40,200,-50,0,0,-50,25,1,30,10,-50,-10,200,5,30,20,5,-50,-25
9670bffd-8be3-483b-9823-6deba7022c0e,Residential,R24_1_1,2,400,200,200,400,0,19.2,513.94452,23.52504,556.66956,0,280844,302.8,212598.908,111.61128,213013.3193,-1500,2,-195,-5,0,-200,50,-20,-49,-1,0,-50,0,1,-2,-28,0,-30,25,-50,-1,-9,0,-10,0,1,2,8,0,10,10,30,1,1,0,2,-75,2,-40,0,0,-40,200,-50,0,0,-50,25,1,30,10,-50,-10,200,5,30,20,5,-50,-25
00e2c0d3-b492-478e-84ff-aa8463644458,Residential,R981_1_1,2,400,200,200,400,0,19.2,513.94452,23.52504,556.66956,0,280844,302.8,212598.908,111.61128,213013.3193,-1500,2,-195,-5,0,-200,50,-20,-49,-1,0,-50,0,1,-2,-28,0,-30,25,-50,-1,-9,0,-10,0,1,2,8,0,10,10,30,1,1,0,2,-75,2,-40,0,0,-40,200,-50,0,0,-50,25,1,30,10,-50,-10,200,5,30,20,5,-50,-25
8eb54678-732a-4633-afe8-0ddfd23648f3,Residential,R97_1_1,2,400,200,200,400,0,19.2,513.94452,23.52504,556.66956,0,280844,302.8,212598.908,111.61128,213013.3193,-1500,2,-195,-5,0,-200,50,-20,-49,-1,0,-50,0,1,-2,-28,0,-30,25,-50,-1,-9,0,-10,0,1,2,8,0,10,10,30,1,1,0,2,-75,2,-40,0,0,-40,200,-50,0,0,-50,25,1,30,10,-50,-10,200,5,30,20,5,-50,-25
ed7afd24-2f8a-4631-b101-57d8b4db2d6f,Residential,R2060_1_1,2,400,200,200,400,0,19.2,513.94452,23.52504,556.66956,0,280844,302.8,212598.908,111.61128,213013.3193,-1500,2,-195,-5,0,-200,50,-20,-49,-1,0,-50,0,1,-2,-28,0,-30,25,-50,-1,-9,0,-10,0,1,2,8,0,10,10,30,1,1,0,2,-75,2,-40,0,0,-40,200,-50,0,0,-50,25,1,30,10,-50,-10,200,5,30,20,5,-50,-25
21e685b6-df18-4b25-8efc-97a32669bc56,Residential,R1249_1_1,2,400,200,200,400,0,19.2,513.94452,23.52504,556.66956,0,280844,302.8,212598.908,111.61128,213013.3193,-1500,2,-195,-5,0,-200,50,-20,-49,-1,0,-50,0,1,-2,-28,0,-30,25,-50,-1,-9,0,-10,0,1,2,8,0,10,10,30,1,1,0,2,-75,2,-40,0,0,-40,200,-50,0,0,-50,25,1,30,10,-50,-10,200,5,30,20,5,-50,-25
87969866-857e-4bd5-88b5-33bada04f0bb,Residential,R520_1_1,2,400,200,200,400,0,19.2,513.94452,23.52504,556.66956,0,280844,302.8,212598.908,111.61128,213013.3193,-1500,2,-195,-5,0,-200,50,-20,-49,-1,0,-50,0,1,-2,-28,0,-30,25,-50,-1,-9,0,-10,0,1,2,8,0,10,10,30,1,1,0,2,-75,2,-40,0,0,-40,200,-50,0,0,-50,25,1,30,10,-50,-10,200,5,30,20,5,-50,-25
9fbb6aa7-f922-42bf-ad06-0d26ef459878,Residential,R705_1_1,2,400,200,200,400,0,19.2,513.94452,23.52504,556.66956,0,280844,302.8,212598.908,111.61128,213013.3193,-1500,2,-195,-5,0,-200,50,-20,-49,-1,0,-50,0,1,-2,-28,0,-30,25,-50,-1,-9,0,-10,0,1,2,8,0,10,10,30,1,1,0,2,-75,2,-40,0,0,-40,200,-50,0,0,-50,25,1,30,10,-50,-10,200,5,30,20,5,-50,-25
6b1b28ab-6fa2-421e-89c4-ab03f7580ed7,Residential,R729_1_1,2,400,200,200,400,0,19.2,513.94452,23.52504,556.66956,0,280844,302.8,212598.908,111.61128,213013.3193,-1500,2,-195,-5,0,-200,50,-20,-49,-1,0,-50,0,1,-2,-28,0,-30,25,-50,-1,-9,0,-10,0,1,2,8,0,10,10,30,1,1,0,2,-75,2,-40,0,0,-40,200,-50,0,0,-50,25,1,30,10,-50,-10,200,5,30,20,5,-50,-25
44618e1d-ea40-4f21-b390-2c4b35a131c2,Residential,R127_1_1,2,400,200,200,400,0,19.2,513.94452,23.52504,556.66956,0,280844,302.8,212598.908,111.61128,213013.3193,-1500,2,-195,-5,0,-200,50,-20,-49,-1,0,-50,0,1,-2,-28,0,-30,25,-50,-1,-9,0,-10,0,1,2,8,0,10,10,30,1,1,0,2,-75,2,-40,0,0,-40,200,-50,0,0,-50,25,1,30,10,-50,-10,200,5,30,20,5,-50,-25
0a80aeed-8965-445a-8cc4-cc0619c0a849,Residential,R1147_1_1,2,400,200,200,400,0,19.2,513.94452,23.52504,556.66956,0,280844,302.8,212598.908,111.61128,213013.3193,-1500,2,-195,-5,0,-200,50,-20,-49,-1,0,-50,0,1,-2,-28,0,-30,25,-50,-1,-9,0,-10,0,1,2,8,0,10,10,30,1,1,0,2,-75,2,-40,0,0,-40,200,-50,0,0,-50,25,1,30,10,-50,-10,200,5,30,20,5,-50,-25
f4da7d4b-75a0-454e-9f0e-b4f22488e7b7,Residential,R1486_1_1,2,400,200,200,400,0,19.2,513.94452,23.52504,556.66956,0,280844,302.8,212598.908,111.61128,213013.3193,-1500,2,-195,-5,0,-200,50,-20,-49,-1,0,-50,0,1,-2,-28,0,-30,25,-50,-1,-9,0,-10,0,1,2,8,0,10,10,30,1,1,0,2,-75,2,-40,0,0,-40,200,-50,0,0,-50,25,1,30,10,-50,-10,200,5,30,20,5,-50,-25
71cf6b90-c3ba-413c-9223-1c2993009bb4,Residential,R1451_1_1,2,400,200,200,400,0,19.2,513.94452,23.52504,556.66956,0,280844,302.8,212598.908,111.61128,213013.3193,-1500,2,-195,-5,0,-200,50,-20,-49,-1,0,-50,0,1,-2,-28,0,-30,25,-50,-1,-9,0,-10,0,1,2,8,0,10,10,30,1,1,0,2,-75,2,-40,0,0,-40,200,-50,0,0,-50,25,1,30,10,-50,-10,200,5,30,20,5,-50,-25
d9cad603-8dc2-4e98-9bae-ece5e7262a83,Residential,R671_1_1,2,400,200,200,400,0,19.2,513.94452,23.52504,556.66956,0,280844,302.8,212598.908,111.61128,213013.3193,-1500,2,-195,-5,0,-200,50,-20,-49,-1,0,-50,0,1,-2,-28,0,-30,25,-50,-1,-9,0,-10,0,1,2,8,0,10,10,30,1,1,0,2,-75,2,-40,0,0,-40,200,-50,0,0,-50,25,1,30,10,-50,-10,200,5,30,20,5,-50,-25
33c0bb36-36dd-4e5e-a339-21d4306bfb09,Residential,R1897_1_1,2,400,200,200,400,0,19.2,513.94452,23.52504,556.66956,0,280844,302.8,212598.908,111.61128,213013.3193,-1500,2,-195,-5,0,-200,50,-20,-49,-1,0,-50,0,1,-2,-28,0,-30,25,-50,-1,-9,0,-10,0,1,2,8,0,10,10,30,1,1,0,2,-75,2,-40,0,0,-40,200,-50,0,0,-50,25,1,30,10,-50,-10,200,5,30,20,5,-50,-25
5783f0d7-f528-4fd2-8d36-b42c3c56b376,Residential,R297_1_1,2,400,200,200,400,0,19.2,513.94452,23.52504,556.66956,0,280844,302.8,212598.908,111.61128,213013.3193,-1500,2,-195,-5,0,-200,50,-20,-49,-1,0,-50,0,1,-2,-28,0,-30,25,-50,-1,-9,0,-10,0,1,2,8,0,10,10,30,1,1,0,2,-75,2,-40,0,0,-40,200,-50,0,0,-50,25,1,30,10,-50,-10,200,5,30,20,5,-50,-25
d360874d-3938-4a48-9a96-b705cad515fe,Residential,R2198_1_1,2,400,200,200,400,0,19.2,513.94452,23.52504,556.66956,0,280844,302.8,212598.908,111.61128,213013.3193,-1500,2,-195,-5,0,-200,50,-20,-49,-1,0,-50,0,1,-2,-28,0,-30,25,-50,-1,-9,0,-10,0,1,2,8,0,10,10,30,1,1,0,2,-75,2,-40,0,0,-40,200,-50,0,0,-50,25,1,30,10,-50,-10,200,5,30,20,5,-50,-25
fde5294c-35e0-4184-809f-026b7ef752f2,Residential,R1418_1_1,2,400,200,200,400,0,19.2,513.94452,23.52504,556.66956,0,280844,302.8,212598.908,111.61128,213013.3193,-1500,2,-195,-5,0,-200,50,-20,-49,-1,0,-50,0,1,-2,-28,0,-30,25,-50,-1,-9,0,-10,0,1,2,8,0,10,10,30,1,1,0,2,-75,2,-40,0,0,-40,200,-50,0,0,-50,25,1,30,10,-50,-10,200,5,30,20,5,-50,-25
86ee6dc3-8529-4267-b17c-1a71ccd768ec,Residential,R943_1_1,2,400,200,200,400,0,19.2,513.94452,23.52504,556.66956,0,280844,302.8,212598.908,111.61128,213013.3193,-1500,2,-195,-5,0,-200,50,-20,-49,-1,0,-50,0,1,-2,-28,0,-30,25,-50,-1,-9,0,-10,0,1,2,8,0,10,10,30,1,1,0,2,-75,2,-40,0,0,-40,200,-50,0,0,-50,25,1,30,10,-50,-10,200,5,30,20,5,-50,-25
b3fd3b85-3b88-4a36-8e8a-89b552c37824,Residential,R629_1_1,2,400,200,200,400,0,19.2,513.94452,23.52504,556.66956,0,280844,302.8,212598.908,111.61128,213013.3193,-1500,2,-195,-5,0,-200,50,-20,-49,-1,0,-50,0,1,-2,-28,0,-30,25,-50,-1,-9,0,-10,0,1,2,8,0,10,10,30,1,1,0,2,-75,2,-40,0,0,-40,200,-50,0,0,-50,25,1,30,10,-50,-10,200,5,30,20,5,-50,-25
85c9d357-4a23-4611-a496-d64ced54a4d0,Residential,R2195_1_1,2,400,200,200,400,0,19.2,513.94452,23.52504,556.66956,0,280844,302.8,212598.908,111.61128,213013.3193,-1500,2,-195,-5,0,-200,50,-20,-49,-1,0,-50,0,1,-2,-28,0,-30,25,-50,-1,-9,0,-10,0,1,2,8,0,10,10,30,1,1,0,2,-75,2,-40,0,0,-40,200,-50,0,0,-50,25,1,30,10,-50,-10,200,5,30,20,5,-50,-25
1bc442c1-8b64-40d6-9450-aa8393721dfb,Residential,R63_1_1,2,400,200,200,400,0,19.2,513.94452,23.52504,556.66956,0,280844,302.8,212598.908,111.61128,213013.3193,-1500,2,-195,-5,0,-200,50,-20,-49,-1,0,-50,0,1,-2,-28,0,-30,25,-50,-1,-9,0,-10,0,1,2,8,0,10,10,30,1,1,0,2,-75,2,-40,0,0,-40,200,-50,0,0,-50,25,1,30,10,-50,-10,200,5,30,20,5,-50,-25
02b3e90e-91b8-4833-b541-b777c1c01d91,Residential,R2042_1_1,2,400,200,200,400,0,19.2,513.94452,23.52504,556.66956,0,280844,302.8,212598.908,111.61128,213013.3193,-1500,2,-195,-5,0,-200,50,-20,-49,-1,0,-50,0,1,-2,-28,0,-30,25,-50,-1,-9,0,-10,0,1,2,8,0,10,10,30,1,1,0,2,-75,2,-40,0,0,-40,200,-50,0,0,-50,25,1,30,10,-50,-10,200,5,30,20,5,-50,-25
90924a4d-ee37-41a3-b1af-13e7b1cd6013,Residential,R968_1_1,2,400,200,200,400,0,19.2,513.94452,23.52504,556.66956,0,280844,302.8,212598.908,111.61128,213013.3193,-1500,2,-195,-5,0,-200,50,-20,-49,-1,0,-50,0,1,-2,-28,0,-30,25,-50,-1,-9,0,-10,0,1,2,8,0,10,10,30,1,1,0,2,-75,2,-40,0,0,-40,200,-50,0,0,-50,25,1,30,10,-50,-10,200,5,30,20,5,-50,-25
13388d54-e9ad-4acb-afb1-3bc1f359836b,Residential,R788_1_1,2,400,200,200,400,0,19.2,513.94452,23.52504,556.66956,0,280844,302.8,212598.908,111.61128,213013.3193,-1500,2,-195,-5,0,-200,50,-20,-49,-1,0,-50,0,1,-2,-28,0,-30,25,-50,-1,-9,0,-10,0,1,2,8,0,10,10,30,1,1,0,2,-75,2,-40,0,0,-40,200,-50,0,0,-50,25,1,30,10,-50,-10,200,5,30,20,5,-50,-25
878b84f7-173d-4aac-a787-8dfc8e73f7c4,Residential,R963_1_1,2,400,200,200,400,0,19.2,513.94452,23.52504,556.66956,0,280844,302.8,212598.908,111.61128,213013.3193,-1500,2,-195,-5,0,-200,50,-20,-49,-1,0,-50,0,1,-2,-28,0,-30,25,-50,-1,-9,0,-10,0,1,2,8,0,10,10,30,1,1,0,2,-75,2,-40,0,0,-40,200,-50,0,0,-50,25,1,30,10,-50,-10,200,5,30,20,5,-50,-25
3fbeb8b6-e18d-4b18-b8d3-5e53869a24f1,Residential,R2059_1_1,2,400,200,200,400,0,19.2,513.94452,23.52504,556.66956,0,280844,302.8,212598.908,111.61128,213013.3193,-1500,2,-195,-5,0,-200,50,-20,-49,-1,0,-50,0,1,-2,-28,0,-30,25,-50,-1,-9,0,-10,0,1,2,8,0,10,10,30,1,1,0,2,-75,2,-40,0,0,-40,200,-50,0,0,-50,25,1,30,10,-50,-10,200,5,30,20,5,-50,-25
3a1545c4-1514-42cc-b422-6728c1fd415f,Residential,R1851_1_1,2,400,200,200,400,0,19.2,513.94452,23.52504,556.66956,0,280844,302.8,212598.908,111.61128,213013.3193,-1500,2,-195,-5,0,-200,50,-20,-49,-1,0,-50,0,1,-2,-28,0,-30,25,-50,-1,-9,0,-10,0,1,2,8,0,10,10,30,1,1,0,2,-75,2,-40,0,0,-40,200,-50,0,0,-50,25,1,30,10,-50,-10,200,5,30,20,5,-50,-25
e5010da5-8667-4dfa-8f4c-666625b675a3,Residential,R1473_1_1,2,400,200,200,400,0,19.2,513.94452,23.52504,556.66956,0,280844,302.8,212598.908,111.61128,213013.3193,-1500,2,-195,-5,0,-200,50,-20,-49,-1,0,-50,0,1,-2,-28,0,-30,25,-50,-1,-9,0,-10,0,1,2,8,0,10,10,30,1,1,0,2,-75,2,-40,0,0,-40,200,-50,0,0,-50,25,1,30,10,-50,-10,200,5,30,20,5,-50,-25
357c3945-f69a-431d-bcea-c150787befbe,Residential,R1166_1_1,2,400,200,200,400,0,19.2,513.94452,23.52504,556.66956,0,280844,302.8,212598.908,111.61128,213013.3193,-1500,2,-195,-5,0,-200,50,-20,-49,-1,0,-50,0,1,-2,-28,0,-30,25,-50,-1,-9,0,-10,0,1,2,8,0,10,10,30,1,1,0,2,-75,2,-40,0,0,-40,200,-50,0,0,-50,25,1,30,10,-50,-10,200,5,30,20,5,-50,-25
af72a11a-5b4b-45f5-8902-6e96b0e73d87,Residential,R1467_1_1,2,400,200,200,400,0,19.2,513.94452,23.52504,556.66956,0,280844,302.8,212598.908,111.61128,213013.3193,-1500,2,-195,-5,0,-200,50,-20,-49,-1,0,-50,0,1,-2,-28,0,-30,25,-50,-1,-9,0,-10,0,1,2,8,0,10,10,30,1,1,0,2,-75,2,-40,0,0,-40,200,-50,0,0,-50,25,1,30,10,-50,-10,200,5,30,20,5,-50,-25
6ad5bd30-0566-4c60-8980-c67b9ded12f3,Residential,R775_1_1,2,400,200,200,400,0,19.2,513.94452,23.52504,556.66956,0,280844,302.8,212598.908,111.61128,213013.3193,-1500,2,-195,-5,0,-200,50,-20,-49,-1,0,-50,0,1,-2,-28,0,-30,25,-50,-1,-9,0,-10,0,1,2,8,0,10,10,30,1,1,0,2,-75,2,-40,0,0,-40,200,-50,0,0,-50,25,1,30,10,-50,-10,200,5,30,20,5,-50,-25
cc4bb080-1a44-4854-8bfe-d7bd34ee4df4,Residential,R1286_1_1,2,400,200,200,400,0,19.2,513.94452,23.52504,556.66956,0,280844,302.8,212598.908,111.61128,213013.3193,-1500,2,-195,-5,0,-200,50,-20,-49,-1,0,-50,0,1,-2,-28,0,-30,25,-50,-1,-9,0,-10,0,1,2,8,0,10,10,30,1,1,0,2,-75,2,-40,0,0,-40,200,-50,0,0,-50,25,1,30,10,-50,-10,200,5,30,20,5,-50,-25
ced0114c-cde6-4ee3-b069-0cedbce83817,Residential,R128_1_1,2,400,200,200,400,0,19.2,513.94452,23.52504,556.66956,0,280844,302.8,212598.908,111.61128,213013.3193,-1500,2,-195,-5,0,-200,50,-20,-49,-1,0,-50,0,1,-2,-28,0,-30,25,-50,-1,-9,0,-10,0,1,2,8,0,10,10,30,1,1,0,2,-75,2,-40,0,0,-40,200,-50,0,0,-50,25,1,30,10,-50,-10,200,5,30,20,5,-50,-25
a2ff4dfe-fb33-4e0d-9dc0-3a16cd56b6f1,Residential,R1955_1_1,2,400,200,200,400,0,19.2,513.94452,23.52504,556.66956,0,280844,302.8,212598.908,111.61128,213013.3193,-1500,2,-195,-5,0,-200,50,-20,-49,-1,0,-50,0,1,-2,-28,0,-30,25,-50,-1,-9,0,-10,0,1,2,8,0,10,10,30,1,1,0,2,-75,2,-40,0,0,-40,200,-50,0,0,-50,25,1,30,10,-50,-10,200,5,30,20,5,-50,-25
65af29bc-f1da-46f5-9365-a7a76df69c64,Residential,R1094_1_1,2,400,200,200,400,0,19.2,513.94452,23.52504,556.66956,0,280844,302.8,212598.908,111.61128,213013.3193,-1500,2,-195,-5,0,-200,50,-20,-49,-1,0,-50,0,1,-2,-28,0,-30,25,-50,-1,-9,0,-10,0,1,2,8,0,10,10,30,1,1,0,2,-75,2,-40,0,0,-40,200,-50,0,0,-50,25,1,30,10,-50,-10,200,5,30,20,5,-50,-25
857198d9-e39f-48ab-b8ef-0d377d2a0a8c,Residential,R285_1_1,2,400,200,200,400,0,19.2,513.94452,23.52504,556.66956,0,280844,302.8,212598.908,111.61128,213013.3193,-1500,2,-195,-5,0,-200,50,-20,-49,-1,0,-50,0,1,-2,-28,0,-30,25,-50,-1,-9,0,-10,0,1,2,8,0,10,10,30,1,1,0,2,-75,2,-40,0,0,-40,200,-50,0,0,-50,25,1,30,10,-50,-10,200,5,30,20,5,-50,-25
2aac5039-b6d4-46ed-9aa3-7a203ab77b15,Residential,R1253_1_1,2,400,200,200,400,0,19.2,513.94452,23.52504,556.66956,0,280844,302.8,212598.908,111.61128,213013.3193,-1500,2,-195,-5,0,-200,50,-20,-49,-1,0,-50,0,1,-2,-28,0,-30,25,-50,-1,-9,0,-10,0,1,2,8,0,10,10,30,1,1,0,2,-75,2,-40,0,0,-40,200,-50,0,0,-50,25,1,30,10,-50,-10,200,5,30,20,5,-50,-25
5f72884d-464b-47df-b20e-4834a55586df,Residential,R376_1_1,2,400,200,200,400,0,19.2,513.94452,23.52504,556.66956,0,280844,302.8,212598.908,111.61128,213013.3193,-1500,2,-195,-5,0,-200,50,-20,-49,-1,0,-50,0,1,-2,-28,0,-30,25,-50,-1,-9,0,-10,0,1,2,8,0,10,10,30,1,1,0,2,-75,2,-40,0,0,-40,200,-50,0,0,-50,25,1,30,10,-50,-10,200,5,30,20,5,-50,-25
9fe53c15-6dfa-4a3b-bfc8-0a5852fb35ef,Residential,R1581_1_1,2,400,200,200,400,0,19.2,513.94452,23.52504,556.66956,0,280844,302.8,212598.908,111.61128,213013.3193,-1500,2,-195,-5,0,-200,50,-20,-49,-1,0,-50,0,1,-2,-28,0,-30,25,-50,-1,-9,0,-10,0,1,2,8,0,10,10,30,1,1,0,2,-75,2,-40,0,0,-40,200,-50,0,0,-50,25,1,30,10,-50,-10,200,5,30,20,5,-50,-25
5162b614-1072-457d-9d59-fd694163aa50,Residential,R1463_1_1,2,400,200,200,400,0,19.2,513.94452,23.52504,556.66956,0,280844,302.8,212598.908,111.61128,213013.3193,-1500,2,-195,-5,0,-200,50,-20,-49,-1,0,-50,0,1,-2,-28,0,-30,25,-50,-1,-9,0,-10,0,1,2,8,0,10,10,30,1,1,0,2,-75,2,-40,0,0,-40,200,-50,0,0,-50,25,1,30,10,-50,-10,200,5,30,20,5,-50,-25
79de0f67-9cfb-4d7c-b206-0fb6ca6ef527,Residential,R2041_1_1,2,400,200,200,400,0,19.2,513.94452,23.52504,556.66956,0,280844,302.8,212598.908,111.61128,213013.3193,-1500,2,-195,-5,0,-200,50,-20,-49,-1,0,-50,0,1,-2,-28,0,-30,25,-50,-1,-9,0,-10,0,1,2,8,0,10,10,30,1,1,0,2,-75,2,-40,0,0,-40,200,-50,0,0,-50,25,1,30,10,-50,-10,200,5,30,20,5,-50,-25
7fc04e67-19fd-4b0d-9520-ef3f8296c8ee,Residential,R1715_1_1,2,400,200,200,400,0,19.2,513.94452,23.52504,556.66956,0,280844,302.8,212598.908,111.61128,213013.3193,-1500,2,-195,-5,0,-200,50,-20,-49,-1,0,-50,0,1,-2,-28,0,-30,25,-50,-1,-9,0,-10,0,1,2,8,0,10,10,30,1,1,0,2,-75,2,-40,0,0,-40,200,-50,0,0,-50,25,1,30,10,-50,-10,200,5,30,20,5,-50,-25
f763d55a-ae37-4038-865b-f584ee63a711,Residential,R861_1_1,2,400,200,200,400,0,19.2,513.94452,23.52504,556.66956,0,280844,302.8,212598.908,111.61128,213013.3193,-1500,2,-195,-5,0,-200,50,-20,-49,-1,0,-50,0,1,-2,-28,0,-30,25,-50,-1,-9,0,-10,0,1,2,8,0,10,10,30,1,1,0,2,-75,2,-40,0,0,-40,200,-50,0,0,-50,25,1,30,10,-50,-10,200,5,30,20,5,-50,-25
d83747f6-11e5-4517-8400-ea43bfa5db5e,Residential,R1734_1_1,2,400,200,200,400,0,19.2,513.94452,23.52504,556.66956,0,280844,302.8,212598.908,111.61128,213013.3193,-1500,2,-195,-5,0,-200,50,-20,-49,-1,0,-50,0,1,-2,-28,0,-30,25,-50,-1,-9,0,-10,0,1,2,8,0,10,10,30,1,1,0,2,-75,2,-40,0,0,-40,200,-50,0,0,-50,25,1,30,10,-50,-10,200,5,30,20,5,-50,-25
d152dfa9-21e5-4bd4-b53d-40f48f15b977,Residential,R916_1_1,2,400,200,200,400,0,19.2,513.94452,23.52504,556.66956,0,280844,302.8,212598.908,111.61128,213013.3193,-1500,2,-195,-5,0,-200,50,-20,-49,-1,0,-50,0,1,-2,-28,0,-30,25,-50,-1,-9,0,-10,0,1,2,8,0,10,10,30,1,1,0,2,-75,2,-40,0,0,-40,200,-50,0,0,-50,25,1,30,10,-50,-10,200,5,30,20,5,-50,-25
052cdb66-20f9-4d86-9354-1bde27bb9067,Residential,R419_1_1,2,400,200,200,400,0,19.2,513.94452,23.52504,556.66956,0,280844,302.8,212598.908,111.61128,213013.3193,-1500,2,-195,-5,0,-200,50,-20,-49,-1,0,-50,0,1,-2,-28,0,-30,25,-50,-1,-9,0,-10,0,1,2,8,0,10,10,30,1,1,0,2,-75,2,-40,0,0,-40,200,-50,0,0,-50,25,1,30,10,-50,-10,200,5,30,20,5,-50,-25
40e0ed52-08b8-4962-93e0-2aaf8c809f3b,Residential,R1174_1_1,2,400,200,200,400,0,19.2,513.94452,23.52504,556.66956,0,280844,302.8,212598.908,111.61128,213013.3193,-1500,2,-195,-5,0,-200,50,-20,-49,-1,0,-50,0,1,-2,-28,0,-30,25,-50,-1,-9,0,-10,0,1,2,8,0,10,10,30,1,1,0,2,-75,2,-40,0,0,-40,200,-50,0,0,-50,25,1,30,10,-50,-10,200,5,30,20,5,-50,-25
fd2d2d89-07e4-4ee0-91d2-db586e59e9a0,Residential,R1450_1_1,2,400,200,200,400,0,19.2,513.94452,23.52504,556.66956,0,280844,302.8,212598.908,111.61128,213013.3193,-1500,2,-195,-5,0,-200,50,-20,-49,-1,0,-50,0,1,-2,-28,0,-30,25,-50,-1,-9,0,-10,0,1,2,8,0,10,10,30,1,1,0,2,-75,2,-40,0,0,-40,200,-50,0,0,-50,25,1,30,10,-50,-10,200,5,30,20,5,-50,-25
484edd01-6d8b-4d6c-830c-b66da48ec855,Residential,R1711_1_1,2,400,200,200,400,0,19.2,513.94452,23.52504,556.66956,0,280844,302.8,212598.908,111.61128,213013.3193,-1500,2,-195,-5,0,-200,50,-20,-49,-1,0,-50,0,1,-2,-28,0,-30,25,-50,-1,-9,0,-10,0,1,2,8,0,10,10,30,1,1,0,2,-75,2,-40,0,0,-40,200,-50,0,0,-50,25,1,30,10,-50,-10,200,5,30,20,5,-50,-25
52f29e1a-ec46-4273-82a2-d2ed0dc73506,Residential,R2077_1_1,2,400,200,200,400,0,19.2,513.94452,23.52504,556.66956,0,280844,302.8,212598.908,111.61128,213013.3193,-1500,2,-195,-5,0,-200,50,-20,-49,-1,0,-50,0,1,-2,-28,0,-30,25,-50,-1,-9,0,-10,0,1,2,8,0,10,10,30,1,1,0,2,-75,2,-40,0,0,-40,200,-50,0,0,-50,25,1,30,10,-50,-10,200,5,30,20,5,-50,-25
76a7ac02-390c-4fd1-8ec3-0b7a9ca2d045,Residential,R1703_1_1,2,400,200,200,400,0,19.2,513.94452,23.52504,556.66956,0,280844,302.8,212598.908,111.61128,213013.3193,-1500,2,-195,-5,0,-200,50,-20,-49,-1,0,-50,0,1,-2,-28,0,-30,25,-50,-1,-9,0,-10,0,1,2,8,0,10,10,30,1,1,0,2,-75,2,-40,0,0,-40,200,-50,0,0,-50,25,1,30,10,-50,-10,200,5,30,20,5,-50,-25
5b557a0c-e8b9-47e3-a71a-727eb6978e81,Residential,R1376_1_1,2,400,200,200,400,0,19.2,513.94452,23.52504,556.66956,0,280844,302.8,212598.908,111.61128,213013.3193,-1500,2,-195,-5,0,-200,50,-20,-49,-1,0,-50,0,1,-2,-28,0,-30,25,-50,-1,-9,0,-10,0,1,2,8,0,10,10,30,1,1,0,2,-75,2,-40,0,0,-40,200,-50,0,0,-50,25,1,30,10,-50,-10,200,5,30,20,5,-50,-25
0dfdfbf1-3a26-43ac-913e-496c995e0857,Residential,R1299_1_1,2,400,200,200,400,0,19.2,513.94452,23.52504,556.66956,0,280844,302.8,212598.908,111.61128,213013.3193,-1500,2,-195,-5,0,-200,50,-20,-49,-1,0,-50,0,1,-2,-28,0,-30,25,-50,-1,-9,0,-10,0,1,2,8,0,10,10,30,1,1,0,2,-75,2,-40,0,0,-40,200,-50,0,0,-50,25,1,30,10,-50,-10,200,5,30,20,5,-50,-25
dbc74e4a-47f0-473a-9962-0573d97f0109,Residential,R2065_1_1,2,400,200,200,400,0,19.2,513.94452,23.52504,556.66956,0,280844,302.8,212598.908,111.61128,213013.3193,-1500,2,-195,-5,0,-200,50,-20,-49,-1,0,-50,0,1,-2,-28,0,-30,25,-50,-1,-9,0,-10,0,1,2,8,0,10,10,30,1,1,0,2,-75,2,-40,0,0,-40,200,-50,0,0,-50,25,1,30,10,-50,-10,200,5,30,20,5,-50,-25
6c1ea18d-2a20-4b9a-9983-8fdb2fbc5dc0,Residential,R86_1_1,2,400,200,200,400,0,19.2,513.94452,23.52504,556.66956,0,280844,302.8,212598.908,111.61128,213013.3193,-1500,2,-195,-5,0,-200,50,-20,-49,-1,0,-50,0,1,-2,-28,0,-30,25,-50,-1,-9,0,-10,0,1,2,8,0,10,10,30,1,1,0,2,-75,2,-40,0,0,-40,200,-50,0,0,-50,25,1,30,10,-50,-10,200,5,30,20,5,-50,-25
ff59a5c4-cf64-4cf5-91a4-85ddfd115f83,Residential,R849_1_1,2,400,200,200,400,0,19.2,513.94452,23.52504,556.66956,0,280844,302.8,212598.908,111.61128,213013.3193,-1500,2,-195,-5,0,-200,50,-20,-49,-1,0,-50,0,1,-2,-28,0,-30,25,-50,-1,-9,0,-10,0,1,2,8,0,10,10,30,1,1,0,2,-75,2,-40,0,0,-40,200,-50,0,0,-50,25,1,30,10,-50,-10,200,5,30,20,5,-50,-25
7cd32b2e-b888-4dfe-86cf-a1ad80630b9d,Residential,R286_1_1,2,400,200,200,400,0,19.2,513.94452,23.52504,556.66956,0,280844,302.8,212598.908,111.61128,213013.3193,-1500,2,-195,-5,0,-200,50,-20,-49,-1,0,-50,0,1,-2,-28,0,-30,25,-50,-1,-9,0,-10,0,1,2,8,0,10,10,30,1,1,0,2,-75,2,-40,0,0,-40,200,-50,0,0,-50,25,1,30,10,-50,-10,200,5,30,20,5,-50,-25
cb5fe6fc-8cf6-4d7f-b8e8-738cb08ea800,Residential,R1819_1_1,2,400,200,200,400,0,19.2,513.94452,23.52504,556.66956,0,280844,302.8,212598.908,111.61128,213013.3193,-1500,2,-195,-5,0,-200,50,-20,-49,-1,0,-50,0,1,-2,-28,0,-30,25,-50,-1,-9,0,-10,0,1,2,8,0,10,10,30,1,1,0,2,-75,2,-40,0,0,-40,200,-50,0,0,-50,25,1,30,10,-50,-10,200,5,30,20,5,-50,-25
f1e07fa2-8c7b-4a00-9b8d-b4a9243cceaf,Residential,R2186_1_1,2,400,200,200,400,0,19.2,513.94452,23.52504,556.66956,0,280844,302.8,212598.908,111.61128,213013.3193,-1500,2,-195,-5,0,-200,50,-20,-49,-1,0,-50,0,1,-2,-28,0,-30,25,-50,-1,-9,0,-10,0,1,2,8,0,10,10,30,1,1,0,2,-75,2,-40,0,0,-40,200,-50,0,0,-50,25,1,30,10,-50,-10,200,5,30,20,5,-50,-25
4d47cf1b-626c-4282-b1c0-895da440ca41,Residential,R1033_1_1,2,400,200,200,400,0,19.2,513.94452,23.52504,556.66956,0,280844,302.8,212598.908,111.61128,213013.3193,-1500,2,-195,-5,0,-200,50,-20,-49,-1,0,-50,0,1,-2,-28,0,-30,25,-50,-1,-9,0,-10,0,1,2,8,0,10,10,30,1,1,0,2,-75,2,-40,0,0,-40,200,-50,0,0,-50,25,1,30,10,-50,-10,200,5,30,20,5,-50,-25
2b6cbb0b-69bb-4eec-921f-5f09bbc9f844,Residential,R2193_1_1,2,400,200,200,400,0,19.2,513.94452,23.52504,556.66956,0,280844,302.8,212598.908,111.61128,213013.3193,-1500,2,-195,-5,0,-200,50,-20,-49,-1,0,-50,0,1,-2,-28,0,-30,25,-50,-1,-9,0,-10,0,1,2,8,0,10,10,30,1,1,0,2,-75,2,-40,0,0,-40,200,-50,0,0,-50,25,1,30,10,-50,-10,200,5,30,20,5,-50,-25
00b7dc69-4a6e-4699-a78f-7c3c22e6a458,Residential,R503_1_1,2,400,200,200,400,0,19.2,513.94452,23.52504,556.66956,0,280844,302.8,212598.908,111.61128,213013.3193,-1500,2,-195,-5,0,-200,50,-20,-49,-1,0,-50,0,1,-2,-28,0,-30,25,-50,-1,-9,0,-10,0,1,2,8,0,10,10,30,1,1,0,2,-75,2,-40,0,0,-40,200,-50,0,0,-50,25,1,30,10,-50,-10,200,5,30,20,5,-50,-25
63bb30cf-c940-4b25-9400-addf38ee3c14,Residential,R1137_1_1,2,400,200,200,400,0,19.2,513.94452,23.52504,556.66956,0,280844,302.8,212598.908,111.61128,213013.3193,-1500,2,-195,-5,0,-200,50,-20,-49,-1,0,-50,0,1,-2,-28,0,-30,25,-50,-1,-9,0,-10,0,1,2,8,0,10,10,30,1,1,0,2,-75,2,-40,0,0,-40,200,-50,0,0,-50,25,1,30,10,-50,-10,200,5,30,20,5,-50,-25
0eb3cf04-49fe-46c9-941e-fb3517dcff5b,Residential,R1850_1_1,2,400,200,200,400,0,19.2,513.94452,23.52504,556.66956,0,280844,302.8,212598.908,111.61128,213013.3193,-1500,2,-195,-5,0,-200,50,-20,-49,-1,0,-50,0,1,-2,-28,0,-30,25,-50,-1,-9,0,-10,0,1,2,8,0,10,10,30,1,1,0,2,-75,2,-40,0,0,-40,200,-50,0,0,-50,25,1,30,10,-50,-10,200,5,30,20,5,-50,-25
59b68cbb-e6c2-48cc-8533-7424407ff7ea,Residential,R385_1_1,2,400,200,200,400,0,19.2,513.94452,23.52504,556.66956,0,280844,302.8,212598.908,111.61128,213013.3193,-1500,2,-195,-5,0,-200,50,-20,-49,-1,0,-50,0,1,-2,-28,0,-30,25,-50,-1,-9,0,-10,0,1,2,8,0,10,10,30,1,1,0,2,-75,2,-40,0,0,-40,200,-50,0,0,-50,25,1,30,10,-50,-10,200,5,30,20,5,-50,-25
b6c619a6-9834-4a42-96bc-e81667d900a4,Residential,R482_1_1,2,400,200,200,400,0,19.2,513.94452,23.52504,556.66956,0,280844,302.8,212598.908,111.61128,213013.3193,-1500,2,-195,-5,0,-200,50,-20,-49,-1,0,-50,0,1,-2,-28,0,-30,25,-50,-1,-9,0,-10,0,1,2,8,0,10,10,30,1,1,0,2,-75,2,-40,0,0,-40,200,-50,0,0,-50,25,1,30,10,-50,-10,200,5,30,20,5,-50,-25
7924b433-e744-49cd-9983-d1408294364d,Residential,R1656_1_1,2,400,200,200,400,0,19.2,513.94452,23.52504,556.66956,0,280844,302.8,212598.908,111.61128,213013.3193,-1500,2,-195,-5,0,-200,50,-20,-49,-1,0,-50,0,1,-2,-28,0,-30,25,-50,-1,-9,0,-10,0,1,2,8,0,10,10,30,1,1,0,2,-75,2,-40,0,0,-40,200,-50,0,0,-50,25,1,30,10,-50,-10,200,5,30,20,5,-50,-25
e17841b2-20d9-417c-a2bb-ec563b013851,Residential,R159_1_1,2,400,200,200,400,0,19.2,513.94452,23.52504,556.66956,0,280844,302.8,212598.908,111.61128,213013.3193,-1500,2,-195,-5,0,-200,50,-20,-49,-1,0,-50,0,1,-2,-28,0,-30,25,-50,-1,-9,0,-10,0,1,2,8,0,10,10,30,1,1,0,2,-75,2,-40,0,0,-40,200,-50,0,0,-50,25,1,30,10,-50,-10,200,5,30,20,5,-50,-25
9f6f1944-b818-4080-b8be-23603f257b8d,Residential,R1561_1_1,2,400,200,200,400,0,19.2,513.94452,23.52504,556.66956,0,280844,302.8,212598.908,111.61128,213013.3193,-1500,2,-195,-5,0,-200,50,-20,-49,-1,0,-50,0,1,-2,-28,0,-30,25,-50,-1,-9,0,-10,0,1,2,8,0,10,10,30,1,1,0,2,-75,2,-40,0,0,-40,200,-50,0,0,-50,25,1,30,10,-50,-10,200,5,30,20,5,-50,-25
4e9d87ea-d74c-42c6-9b3d-c4b0c976644b,Residential,R137_1_1,2,400,200,200,400,0,19.2,513.94452,23.52504,556.66956,0,280844,302.8,212598.908,111.61128,213013.3193,-1500,2,-195,-5,0,-200,50,-20,-49,-1,0,-50,0,1,-2,-28,0,-30,25,-50,-1,-9,0,-10,0,1,2,8,0,10,10,30,1,1,0,2,-75,2,-40,0,0,-40,200,-50,0,0,-50,25,1,30,10,-50,-10,200,5,30,20,5,-50,-25
c1519933-bfe5-4ad5-9b4c-c036442fc700,Residential,R1954_1_1,2,400,200,200,400,0,19.2,513.94452,23.52504,556.66956,0,280844,302.8,212598.908,111.61128,213013.3193,-1500,2,-195,-5,0,-200,50,-20,-49,-1,0,-50,0,1,-2,-28,0,-30,25,-50,-1,-9,0,-10,0,1,2,8,0,10,10,30,1,1,0,2,-75,2,-40,0,0,-40,200,-50,0,0,-50,25,1,30,10,-50,-10,200,5,30,20,5,-50,-25
a816c581-66d5-4413-906a-aaf14c52522e,Residential,R906_1_1,2,400,200,200,400,0,19.2,513.94452,23.52504,556.66956,0,280844,302.8,212598.908,111.61128,213013.3193,-1500,2,-195,-5,0,-200,50,-20,-49,-1,0,-50,0,1,-2,-28,0,-30,25,-50,-1,-9,0,-10,0,1,2,8,0,10,10,30,1,1,0,2,-75,2,-40,0,0,-40,200,-50,0,0,-50,25,1,30,10,-50,-10,200,5,30,20,5,-50,-25
05948f05-9f11-4730-907a-8041db008dad,Residential,R299_1_1,2,400,200,200,400,0,19.2,513.94452,23.52504,556.66956,0,280844,302.8,212598.908,111.61128,213013.3193,-1500,2,-195,-5,0,-200,50,-20,-49,-1,0,-50,0,1,-2,-28,0,-30,25,-50,-1,-9,0,-10,0,1,2,8,0,10,10,30,1,1,0,2,-75,2,-40,0,0,-40,200,-50,0,0,-50,25,1,30,10,-50,-10,200,5,30,20,5,-50,-25
d4983127-a671-4a83-b1ee-1eb6de0ee5e2,Residential,R1996_1_1,2,400,200,200,400,0,19.2,513.94452,23.52504,556.66956,0,280844,302.8,212598.908,111.61128,213013.3193,-1500,2,-195,-5,0,-200,50,-20,-49,-1,0,-50,0,1,-2,-28,0,-30,25,-50,-1,-9,0,-10,0,1,2,8,0,10,10,30,1,1,0,2,-75,2,-40,0,0,-40,200,-50,0,0,-50,25,1,30,10,-50,-10,200,5,30,20,5,-50,-25
9304adf2-04c8-4d08-8895-c1d3d7a3479a,Residential,R2017_1_1,2,400,200,200,400,0,19.2,513.94452,23.52504,556.66956,0,280844,302.8,212598.908,111.61128,213013.3193,-1500,2,-195,-5,0,-200,50,-20,-49,-1,0,-50,0,1,-2,-28,0,-30,25,-50,-1,-9,0,-10,0,1,2,8,0,10,10,30,1,1,0,2,-75,2,-40,0,0,-40,200,-50,0,0,-50,25,1,30,10,-50,-10,200,5,30,20,5,-50,-25
e4353afd-096b-45e4-81cb-31f2ca8da68f,Residential,R2117_1_1,2,400,200,200,400,0,19.2,513.94452,23.52504,556.66956,0,280844,302.8,212598.908,111.61128,213013.3193,-1500,2,-195,-5,0,-200,50,-20,-49,-1,0,-50,0,1,-2,-28,0,-30,25,-50,-1,-9,0,-10,0,1,2,8,0,10,10,30,1,1,0,2,-75,2,-40,0,0,-40,200,-50,0,0,-50,25,1,30,10,-50,-10,200,5,30,20,5,-50,-25
720037f4-cd1f-49b9-8f3b-3e52167435a1,Residential,R458_1_1,2,400,200,200,400,0,19.2,513.94452,23.52504,556.66956,0,280844,302.8,212598.908,111.61128,213013.3193,-1500,2,-195,-5,0,-200,50,-20,-49,-1,0,-50,0,1,-2,-28,0,-30,25,-50,-1,-9,0,-10,0,1,2,8,0,10,10,30,1,1,0,2,-75,2,-40,0,0,-40,200,-50,0,0,-50,25,1,30,10,-50,-10,200,5,30,20,5,-50,-25
ee884bcd-a00a-4e36-b7e7-3620179589cf,Residential,R395_1_1,2,400,200,200,400,0,19.2,513.94452,23.52504,556.66956,0,280844,302.8,212598.908,111.61128,213013.3193,-1500,2,-195,-5,0,-200,50,-20,-49,-1,0,-50,0,1,-2,-28,0,-30,25,-50,-1,-9,0,-10,0,1,2,8,0,10,10,30,1,1,0,2,-75,2,-40,0,0,-40,200,-50,0,0,-50,25,1,30,10,-50,-10,200,5,30,20,5,-50,-25
b48a1208-adb1-427d-9e42-97f1735bab29,Residential,R1741_1_1,2,400,200,200,400,0,19.2,513.94452,23.52504,556.66956,0,280844,302.8,212598.908,111.61128,213013.3193,-1500,2,-195,-5,0,-200,50,-20,-49,-1,0,-50,0,1,-2,-28,0,-30,25,-50,-1,-9,0,-10,0,1,2,8,0,10,10,30,1,1,0,2,-75,2,-40,0,0,-40,200,-50,0,0,-50,25,1,30,10,-50,-10,200,5,30,20,5,-50,-25
70233867-64fd-4a5a-9814-529e62037818,Residential,R1108_1_1,2,400,200,200,400,0,19.2,513.94452,23.52504,556.66956,0,280844,302.8,212598.908,111.61128,213013.3193,-1500,2,-195,-5,0,-200,50,-20,-49,-1,0,-50,0,1,-2,-28,0,-30,25,-50,-1,-9,0,-10,0,1,2,8,0,10,10,30,1,1,0,2,-75,2,-40,0,0,-40,200,-50,0,0,-50,25,1,30,10,-50,-10,200,5,30,20,5,-50,-25
56099f47-b532-487a-bc35-ead4a6addff8,Residential,R1583_1_1,2,400,200,200,400,0,19.2,513.94452,23.52504,556.66956,0,280844,302.8,212598.908,111.61128,213013.3193,-1500,2,-195,-5,0,-200,50,-20,-49,-1,0,-50,0,1,-2,-28,0,-30,25,-50,-1,-9,0,-10,0,1,2,8,0,10,10,30,1,1,0,2,-75,2,-40,0,0,-40,200,-50,0,0,-50,25,1,30,10,-50,-10,200,5,30,20,5,-50,-25
65d3598e-c5f9-4f30-a714-c179b98e9bb0,Residential,R422_1_1,2,400,200,200,400,0,19.2,513.94452,23.52504,556.66956,0,280844,302.8,212598.908,111.61128,213013.3193,-1500,2,-195,-5,0,-200,50,-20,-49,-1,0,-50,0,1,-2,-28,0,-30,25,-50,-1,-9,0,-10,0,1,2,8,0,10,10,30,1,1,0,2,-75,2,-40,0,0,-40,200,-50,0,0,-50,25,1,30,10,-50,-10,200,5,30,20,5,-50,-25
448019af-47a5-4bc8-b784-8b9a3a5f8638,Residential,R1384_1_1,2,400,200,200,400,0,19.2,513.94452,23.52504,556.66956,0,280844,302.8,212598.908,111.61128,213013.3193,-1500,2,-195,-5,0,-200,50,-20,-49,-1,0,-50,0,1,-2,-28,0,-30,25,-50,-1,-9,0,-10,0,1,2,8,0,10,10,30,1,1,0,2,-75,2,-40,0,0,-40,200,-50,0,0,-50,25,1,30,10,-50,-10,200,5,30,20,5,-50,-25
626c5e76-97fd-4787-82a7-10fbc5fe9982,Residential,R2191_1_1,2,400,200,200,400,0,19.2,513.94452,23.52504,556.66956,0,280844,302.8,212598.908,111.61128,213013.3193,-1500,2,-195,-5,0,-200,50,-20,-49,-1,0,-50,0,1,-2,-28,0,-30,25,-50,-1,-9,0,-10,0,1,2,8,0,10,10,30,1,1,0,2,-75,2,-40,0,0,-40,200,-50,0,0,-50,25,1,30,10,-50,-10,200,5,30,20,5,-50,-25
50ff04f1-ba90-400f-b87b-aa5d8e806602,Residential,R2046_1_1,2,400,200,200,400,0,19.2,513.94452,23.52504,556.66956,0,280844,302.8,212598.908,111.61128,213013.3193,-1500,2,-195,-5,0,-200,50,-20,-49,-1,0,-50,0,1,-2,-28,0,-30,25,-50,-1,-9,0,-10,0,1,2,8,0,10,10,30,1,1,0,2,-75,2,-40,0,0,-40,200,-50,0,0,-50,25,1,30,10,-50,-10,200,5,30,20,5,-50,-25
a33b4b0e-aa4d-416a-a63a-82ce9afebf7d,Residential,R1593_1_1,2,400,200,200,400,0,19.2,513.94452,23.52504,556.66956,0,280844,302.8,212598.908,111.61128,213013.3193,-1500,2,-195,-5,0,-200,50,-20,-49,-1,0,-50,0,1,-2,-28,0,-30,25,-50,-1,-9,0,-10,0,1,2,8,0,10,10,30,1,1,0,2,-75,2,-40,0,0,-40,200,-50,0,0,-50,25,1,30,10,-50,-10,200,5,30,20,5,-50,-25
2fcfe568-0ef9-492b-926e-627e22a1f854,Residential,R2097_1_1,2,400,200,200,400,0,19.2,513.94452,23.52504,556.66956,0,280844,302.8,212598.908,111.61128,213013.3193,-1500,2,-195,-5,0,-200,50,-20,-49,-1,0,-50,0,1,-2,-28,0,-30,25,-50,-1,-9,0,-10,0,1,2,8,0,10,10,30,1,1,0,2,-75,2,-40,0,0,-40,200,-50,0,0,-50,25,1,30,10,-50,-10,200,5,30,20,5,-50,-25
7bbf0c48-3424-4935-9f50-ce3c6ff990fa,Residential,R978_1_1,2,400,200,200,400,0,19.2,513.94452,23.52504,556.66956,0,280844,302.8,212598.908,111.61128,213013.3193,-1500,2,-195,-5,0,-200,50,-20,-49,-1,0,-50,0,1,-2,-28,0,-30,25,-50,-1,-9,0,-10,0,1,2,8,0,10,10,30,1,1,0,2,-75,2,-40,0,0,-40,200,-50,0,0,-50,25,1,30,10,-50,-10,200,5,30,20,5,-50,-25
70140200-e940-4db3-8cc7-a96cea03e202,Residential,R1536_1_1,2,400,200,200,400,0,19.2,513.94452,23.52504,556.66956,0,280844,302.8,212598.908,111.61128,213013.3193,-1500,2,-195,-5,0,-200,50,-20,-49,-1,0,-50,0,1,-2,-28,0,-30,25,-50,-1,-9,0,-10,0,1,2,8,0,10,10,30,1,1,0,2,-75,2,-40,0,0,-40,200,-50,0,0,-50,25,1,30,10,-50,-10,200,5,30,20,5,-50,-25
553bc9e8-1b6c-4e03-8fa4-c7a0a218c29f,Residential,R1476_1_1,2,400,200,200,400,0,19.2,513.94452,23.52504,556.66956,0,280844,302.8,212598.908,111.61128,213013.3193,-1500,2,-195,-5,0,-200,50,-20,-49,-1,0,-50,0,1,-2,-28,0,-30,25,-50,-1,-9,0,-10,0,1,2,8,0,10,10,30,1,1,0,2,-75,2,-40,0,0,-40,200,-50,0,0,-50,25,1,30,10,-50,-10,200,5,30,20,5,-50,-25
29edd483-e6c4-435f-b00d-7092a4c13029,Residential,R2146_1_1,2,400,200,200,400,0,19.2,513.94452,23.52504,556.66956,0,280844,302.8,212598.908,111.61128,213013.3193,-1500,2,-195,-5,0,-200,50,-20,-49,-1,0,-50,0,1,-2,-28,0,-30,25,-50,-1,-9,0,-10,0,1,2,8,0,10,10,30,1,1,0,2,-75,2,-40,0,0,-40,200,-50,0,0,-50,25,1,30,10,-50,-10,200,5,30,20,5,-50,-25
6db51cf6-591c-4d4b-b502-2de27b5582ef,Residential,R351_1_1,2,400,200,200,400,0,19.2,513.94452,23.52504,556.66956,0,280844,302.8,212598.908,111.61128,213013.3193,-1500,2,-195,-5,0,-200,50,-20,-49,-1,0,-50,0,1,-2,-28,0,-30,25,-50,-1,-9,0,-10,0,1,2,8,0,10,10,30,1,1,0,2,-75,2,-40,0,0,-40,200,-50,0,0,-50,25,1,30,10,-50,-10,200,5,30,20,5,-50,-25
414e45c5-8393-4190-b41e-9d8ca63d3ac9,Residential,R1202_1_1,2,400,200,200,400,0,19.2,513.94452,23.52504,556.66956,0,280844,302.8,212598.908,111.61128,213013.3193,-1500,2,-195,-5,0,-200,50,-20,-49,-1,0,-50,0,1,-2,-28,0,-30,25,-50,-1,-9,0,-10,0,1,2,8,0,10,10,30,1,1,0,2,-75,2,-40,0,0,-40,200,-50,0,0,-50,25,1,30,10,-50,-10,200,5,30,20,5,-50,-25
64ab01b3-ffc0-4207-9564-9f5cb3a4917b,Residential,R782_1_1,2,400,200,200,400,0,19.2,513.94452,23.52504,556.66956,0,280844,302.8,212598.908,111.61128,213013.3193,-1500,2,-195,-5,0,-200,50,-20,-49,-1,0,-50,0,1,-2,-28,0,-30,25,-50,-1,-9,0,-10,0,1,2,8,0,10,10,30,1,1,0,2,-75,2,-40,0,0,-40,200,-50,0,0,-50,25,1,30,10,-50,-10,200,5,30,20,5,-50,-25
1909f742-ede5-44c1-a118-c2c99ce26a1f,Residential,R2020_1_1,2,400,200,200,400,0,19.2,513.94452,23.52504,556.66956,0,280844,302.8,212598.908,111.61128,213013.3193,-1500,2,-195,-5,0,-200,50,-20,-49,-1,0,-50,0,1,-2,-28,0,-30,25,-50,-1,-9,0,-10,0,1,2,8,0,10,10,30,1,1,0,2,-75,2,-40,0,0,-40,200,-50,0,0,-50,25,1,30,10,-50,-10,200,5,30,20,5,-50,-25
44143797-d9bb-49da-a6ea-da3f131fd363,Residential,R1570_1_1,2,400,200,200,400,0,19.2,513.94452,23.52504,556.66956,0,280844,302.8,212598.908,111.61128,213013.3193,-1500,2,-195,-5,0,-200,50,-20,-49,-1,0,-50,0,1,-2,-28,0,-30,25,-50,-1,-9,0,-10,0,1,2,8,0,10,10,30,1,1,0,2,-75,2,-40,0,0,-40,200,-50,0,0,-50,25,1,30,10,-50,-10,200,5,30,20,5,-50,-25
68eb77f6-fb64-4f09-95ed-81c255fc703b,Residential,R304_1_1,2,400,200,200,400,0,19.2,513.94452,23.52504,556.66956,0,280844,302.8,212598.908,111.61128,213013.3193,-1500,2,-195,-5,0,-200,50,-20,-49,-1,0,-50,0,1,-2,-28,0,-30,25,-50,-1,-9,0,-10,0,1,2,8,0,10,10,30,1,1,0,2,-75,2,-40,0,0,-40,200,-50,0,0,-50,25,1,30,10,-50,-10,200,5,30,20,5,-50,-25
6bf3d28e-a1b5-4bc3-9273-136e3b909995,Residential,R242_1_1,2,400,200,200,400,0,19.2,513.94452,23.52504,556.66956,0,280844,302.8,212598.908,111.61128,213013.3193,-1500,2,-195,-5,0,-200,50,-20,-49,-1,0,-50,0,1,-2,-28,0,-30,25,-50,-1,-9,0,-10,0,1,2,8,0,10,10,30,1,1,0,2,-75,2,-40,0,0,-40,200,-50,0,0,-50,25,1,30,10,-50,-10,200,5,30,20,5,-50,-25
54e39d32-be0f-4b97-ae0d-8125db379f7c,Residential,R2009_1_1,2,400,200,200,400,0,19.2,513.94452,23.52504,556.66956,0,280844,302.8,212598.908,111.61128,213013.3193,-1500,2,-195,-5,0,-200,50,-20,-49,-1,0,-50,0,1,-2,-28,0,-30,25,-50,-1,-9,0,-10,0,1,2,8,0,10,10,30,1,1,0,2,-75,2,-40,0,0,-40,200,-50,0,0,-50,25,1,30,10,-50,-10,200,5,30,20,5,-50,-25
606b86b9-1e00-40c3-8214-18ce1a21ec33,Residential,R858_1_1,2,400,200,200,400,0,19.2,513.94452,23.52504,556.66956,0,280844,302.8,212598.908,111.61128,213013.3193,-1500,2,-195,-5,0,-200,50,-20,-49,-1,0,-50,0,1,-2,-28,0,-30,25,-50,-1,-9,0,-10,0,1,2,8,0,10,10,30,1,1,0,2,-75,2,-40,0,0,-40,200,-50,0,0,-50,25,1,30,10,-50,-10,200,5,30,20,5,-50,-25
8a622c04-5b70-4247-948c-fd7a9d0f3f8e,Residential,R1683_1_1,2,400,200,200,400,0,19.2,513.94452,23.52504,556.66956,0,280844,302.8,212598.908,111.61128,213013.3193,-1500,2,-195,-5,0,-200,50,-20,-49,-1,0,-50,0,1,-2,-28,0,-30,25,-50,-1,-9,0,-10,0,1,2,8,0,10,10,30,1,1,0,2,-75,2,-40,0,0,-40,200,-50,0,0,-50,25,1,30,10,-50,-10,200,5,30,20,5,-50,-25
554ad4f5-c505-4e71-a3da-5deb9e61f873,Residential,R445_1_1,2,400,200,200,400,0,19.2,513.94452,23.52504,556.66956,0,280844,302.8,212598.908,111.61128,213013.3193,-1500,2,-195,-5,0,-200,50,-20,-49,-1,0,-50,0,1,-2,-28,0,-30,25,-50,-1,-9,0,-10,0,1,2,8,0,10,10,30,1,1,0,2,-75,2,-40,0,0,-40,200,-50,0,0,-50,25,1,30,10,-50,-10,200,5,30,20,5,-50,-25
fca3b314-d9ac-4b61-b60b-6f6bb9c57ee1,Residential,R309_1_1,2,400,200,200,400,0,19.2,513.94452,23.52504,556.66956,0,280844,302.8,212598.908,111.61128,213013.3193,-1500,2,-195,-5,0,-200,50,-20,-49,-1,0,-50,0,1,-2,-28,0,-30,25,-50,-1,-9,0,-10,0,1,2,8,0,10,10,30,1,1,0,2,-75,2,-40,0,0,-40,200,-50,0,0,-50,25,1,30,10,-50,-10,200,5,30,20,5,-50,-25
da11c361-7479-4ead-b2ae-b4a6edbacdd9,Residential,R12_1_1,2,400,200,200,400,0,19.2,513.94452,23.52504,556.66956,0,280844,302.8,212598.908,111.61128,213013.3193,-1500,2,-195,-5,0,-200,50,-20,-49,-1,0,-50,0,1,-2,-28,0,-30,25,-50,-1,-9,0,-10,0,1,2,8,0,10,10,30,1,1,0,2,-75,2,-40,0,0,-40,200,-50,0,0,-50,25,1,30,10,-50,-10,200,5,30,20,5,-50,-25
e01aefa9-c2a4-471e-a6ee-e9d65e675364,Residential,R322_1_1,2,400,200,200,400,0,19.2,513.94452,23.52504,556.66956,0,280844,302.8,212598.908,111.61128,213013.3193,-1500,2,-195,-5,0,-200,50,-20,-49,-1,0,-50,0,1,-2,-28,0,-30,25,-50,-1,-9,0,-10,0,1,2,8,0,10,10,30,1,1,0,2,-75,2,-40,0,0,-40,200,-50,0,0,-50,25,1,30,10,-50,-10,200,5,30,20,5,-50,-25
321e6392-75f6-41cf-9e3d-70261596cdef,Residential,R562_1_1,2,400,200,200,400,0,19.2,513.94452,23.52504,556.66956,0,280844,302.8,212598.908,111.61128,213013.3193,-1500,2,-195,-5,0,-200,50,-20,-49,-1,0,-50,0,1,-2,-28,0,-30,25,-50,-1,-9,0,-10,0,1,2,8,0,10,10,30,1,1,0,2,-75,2,-40,0,0,-40,200,-50,0,0,-50,25,1,30,10,-50,-10,200,5,30,20,5,-50,-25
b58321e1-c43d-4d19-b99f-bd63bb2a9618,Residential,R523_1_1,2,400,200,200,400,0,19.2,513.94452,23.52504,556.66956,0,280844,302.8,212598.908,111.61128,213013.3193,-1500,2,-195,-5,0,-200,50,-20,-49,-1,0,-50,0,1,-2,-28,0,-30,25,-50,-1,-9,0,-10,0,1,2,8,0,10,10,30,1,1,0,2,-75,2,-40,0,0,-40,200,-50,0,0,-50,25,1,30,10,-50,-10,200,5,30,20,5,-50,-25
67b799bc-86e8-4871-86d7-c423d5ecbf02,Residential,R1285_1_1,2,400,200,200,400,0,19.2,513.94452,23.52504,556.66956,0,280844,302.8,212598.908,111.61128,213013.3193,-1500,2,-195,-5,0,-200,50,-20,-49,-1,0,-50,0,1,-2,-28,0,-30,25,-50,-1,-9,0,-10,0,1,2,8,0,10,10,30,1,1,0,2,-75,2,-40,0,0,-40,200,-50,0,0,-50,25,1,30,10,-50,-10,200,5,30,20,5,-50,-25
e7126436-5b5b-4f39-9faa-9252d01f0b8e,Residential,R2052_1_1,2,400,200,200,400,0,19.2,513.94452,23.52504,556.66956,0,280844,302.8,212598.908,111.61128,213013.3193,-1500,2,-195,-5,0,-200,50,-20,-49,-1,0,-50,0,1,-2,-28,0,-30,25,-50,-1,-9,0,-10,0,1,2,8,0,10,10,30,1,1,0,2,-75,2,-40,0,0,-40,200,-50,0,0,-50,25,1,30,10,-50,-10,200,5,30,20,5,-50,-25
3a1fb86a-48dc-48c7-b0f1-c827eebb2f16,Residential,R777_1_1,2,400,200,200,400,0,19.2,513.94452,23.52504,556.66956,0,280844,302.8,212598.908,111.61128,213013.3193,-1500,2,-195,-5,0,-200,50,-20,-49,-1,0,-50,0,1,-2,-28,0,-30,25,-50,-1,-9,0,-10,0,1,2,8,0,10,10,30,1,1,0,2,-75,2,-40,0,0,-40,200,-50,0,0,-50,25,1,30,10,-50,-10,200,5,30,20,5,-50,-25
1a7dfb5b-3f6c-40ad-8585-3429177c99d1,Residential,R866_1_1,2,400,200,200,400,0,19.2,513.94452,23.52504,556.66956,0,280844,302.8,212598.908,111.61128,213013.3193,-1500,2,-195,-5,0,-200,50,-20,-49,-1,0,-50,0,1,-2,-28,0,-30,25,-50,-1,-9,0,-10,0,1,2,8,0,10,10,30,1,1,0,2,-75,2,-40,0,0,-40,200,-50,0,0,-50,25,1,30,10,-50,-10,200,5,30,20,5,-50,-25
a4eeabf2-c8f5-48c9-b305-2f83f7e4a032,Residential,R574_1_1,2,400,200,200,400,0,19.2,513.94452,23.52504,556.66956,0,280844,302.8,212598.908,111.61128,213013.3193,-1500,2,-195,-5,0,-200,50,-20,-49,-1,0,-50,0,1,-2,-28,0,-30,25,-50,-1,-9,0,-10,0,1,2,8,0,10,10,30,1,1,0,2,-75,2,-40,0,0,-40,200,-50,0,0,-50,25,1,30,10,-50,-10,200,5,30,20,5,-50,-25
5df906d8-97be-4e47-877b-93a38ae8afc6,Residential,R1540_1_1,2,400,200,200,400,0,19.2,513.94452,23.52504,556.66956,0,280844,302.8,212598.908,111.61128,213013.3193,-1500,2,-195,-5,0,-200,50,-20,-49,-1,0,-50,0,1,-2,-28,0,-30,25,-50,-1,-9,0,-10,0,1,2,8,0,10,10,30,1,1,0,2,-75,2,-40,0,0,-40,200,-50,0,0,-50,25,1,30,10,-50,-10,200,5,30,20,5,-50,-25
1e999068-84bd-42fa-b9ab-08698befa8c4,Residential,R52_1_1,2,400,200,200,400,0,19.2,513.94452,23.52504,556.66956,0,280844,302.8,212598.908,111.61128,213013.3193,-1500,2,-195,-5,0,-200,50,-20,-49,-1,0,-50,0,1,-2,-28,0,-30,25,-50,-1,-9,0,-10,0,1,2,8,0,10,10,30,1,1,0,2,-75,2,-40,0,0,-40,200,-50,0,0,-50,25,1,30,10,-50,-10,200,5,30,20,5,-50,-25
ea003a37-ddc9-4d17-85a0-f4dec023e07a,Residential,R1642_1_1,2,400,200,200,400,0,19.2,513.94452,23.52504,556.66956,0,280844,302.8,212598.908,111.61128,213013.3193,-1500,2,-195,-5,0,-200,50,-20,-49,-1,0,-50,0,1,-2,-28,0,-30,25,-50,-1,-9,0,-10,0,1,2,8,0,10,10,30,1,1,0,2,-75,2,-40,0,0,-40,200,-50,0,0,-50,25,1,30,10,-50,-10,200,5,30,20,5,-50,-25
7f7d64f1-6017-447a-ab04-69ae01c4daec,Residential,R568_1_1,2,400,200,200,400,0,19.2,513.94452,23.52504,556.66956,0,280844,302.8,212598.908,111.61128,213013.3193,-1500,2,-195,-5,0,-200,50,-20,-49,-1,0,-50,0,1,-2,-28,0,-30,25,-50,-1,-9,0,-10,0,1,2,8,0,10,10,30,1,1,0,2,-75,2,-40,0,0,-40,200,-50,0,0,-50,25,1,30,10,-50,-10,200,5,30,20,5,-50,-25
083ee0a5-76c0-41ef-8929-549aeb2686d5,Residential,R610_1_1,2,400,200,200,400,0,19.2,513.94452,23.52504,556.66956,0,280844,302.8,212598.908,111.61128,213013.3193,-1500,2,-195,-5,0,-200,50,-20,-49,-1,0,-50,0,1,-2,-28,0,-30,25,-50,-1,-9,0,-10,0,1,2,8,0,10,10,30,1,1,0,2,-75,2,-40,0,0,-40,200,-50,0,0,-50,25,1,30,10,-50,-10,200,5,30,20,5,-50,-25
9aa62fa2-3085-45a2-a373-53a7d82235f2,Residential,R418_1_1,2,400,200,200,400,0,19.2,513.94452,23.52504,556.66956,0,280844,302.8,212598.908,111.61128,213013.3193,-1500,2,-195,-5,0,-200,50,-20,-49,-1,0,-50,0,1,-2,-28,0,-30,25,-50,-1,-9,0,-10,0,1,2,8,0,10,10,30,1,1,0,2,-75,2,-40,0,0,-40,200,-50,0,0,-50,25,1,30,10,-50,-10,200,5,30,20,5,-50,-25
1944fb99-bd81-4d58-bf98-28750d5e2540,Residential,R550_1_1,2,400,200,200,400,0,19.2,513.94452,23.52504,556.66956,0,280844,302.8,212598.908,111.61128,213013.3193,-1500,2,-195,-5,0,-200,50,-20,-49,-1,0,-50,0,1,-2,-28,0,-30,25,-50,-1,-9,0,-10,0,1,2,8,0,10,10,30,1,1,0,2,-75,2,-40,0,0,-40,200,-50,0,0,-50,25,1,30,10,-50,-10,200,5,30,20,5,-50,-25
766f31c2-8841-40e4-9aeb-f23bf816cd72,Residential,R1655_1_1,2,400,200,200,400,0,19.2,513.94452,23.52504,556.66956,0,280844,302.8,212598.908,111.61128,213013.3193,-1500,2,-195,-5,0,-200,50,-20,-49,-1,0,-50,0,1,-2,-28,0,-30,25,-50,-1,-9,0,-10,0,1,2,8,0,10,10,30,1,1,0,2,-75,2,-40,0,0,-40,200,-50,0,0,-50,25,1,30,10,-50,-10,200,5,30,20,5,-50,-25
768e7084-3566-43b1-a73d-bcb20b8eb6cb,Residential,R932_1_1,2,400,200,200,400,0,19.2,513.94452,23.52504,556.66956,0,280844,302.8,212598.908,111.61128,213013.3193,-1500,2,-195,-5,0,-200,50,-20,-49,-1,0,-50,0,1,-2,-28,0,-30,25,-50,-1,-9,0,-10,0,1,2,8,0,10,10,30,1,1,0,2,-75,2,-40,0,0,-40,200,-50,0,0,-50,25,1,30,10,-50,-10,200,5,30,20,5,-50,-25
8e708a8c-bd36-4e34-8124-dd761d4c29d6,Residential,R1444_1_1,2,400,200,200,400,0,19.2,513.94452,23.52504,556.66956,0,280844,302.8,212598.908,111.61128,213013.3193,-1500,2,-195,-5,0,-200,50,-20,-49,-1,0,-50,0,1,-2,-28,0,-30,25,-50,-1,-9,0,-10,0,1,2,8,0,10,10,30,1,1,0,2,-75,2,-40,0,0,-40,200,-50,0,0,-50,25,1,30,10,-50,-10,200,5,30,20,5,-50,-25
c885b09a-04ad-4ee5-bdd8-44c1b0c7b4de,Residential,R1154_1_1,2,400,200,200,400,0,19.2,513.94452,23.52504,556.66956,0,280844,302.8,212598.908,111.61128,213013.3193,-1500,2,-195,-5,0,-200,50,-20,-49,-1,0,-50,0,1,-2,-28,0,-30,25,-50,-1,-9,0,-10,0,1,2,8,0,10,10,30,1,1,0,2,-75,2,-40,0,0,-40,200,-50,0,0,-50,25,1,30,10,-50,-10,200,5,30,20,5,-50,-25
a37ec93d-f51b-40ef-bbb1-6c738fc70d4b,Residential,R720_1_1,2,400,200,200,400,0,19.2,513.94452,23.52504,556.66956,0,280844,302.8,212598.908,111.61128,213013.3193,-1500,2,-195,-5,0,-200,50,-20,-49,-1,0,-50,0,1,-2,-28,0,-30,25,-50,-1,-9,0,-10,0,1,2,8,0,10,10,30,1,1,0,2,-75,2,-40,0,0,-40,200,-50,0,0,-50,25,1,30,10,-50,-10,200,5,30,20,5,-50,-25
8afe9b5f-8171-4ddd-819a-605fc7081985,Residential,R976_1_1,2,400,200,200,400,0,19.2,513.94452,23.52504,556.66956,0,280844,302.8,212598.908,111.61128,213013.3193,-1500,2,-195,-5,0,-200,50,-20,-49,-1,0,-50,0,1,-2,-28,0,-30,25,-50,-1,-9,0,-10,0,1,2,8,0,10,10,30,1,1,0,2,-75,2,-40,0,0,-40,200,-50,0,0,-50,25,1,30,10,-50,-10,200,5,30,20,5,-50,-25
f49de01e-a525-480a-9138-c287f32a958d,Residential,R70_1_1,2,400,200,200,400,0,19.2,513.94452,23.52504,556.66956,0,280844,302.8,212598.908,111.61128,213013.3193,-1500,2,-195,-5,0,-200,50,-20,-49,-1,0,-50,0,1,-2,-28,0,-30,25,-50,-1,-9,0,-10,0,1,2,8,0,10,10,30,1,1,0,2,-75,2,-40,0,0,-40,200,-50,0,0,-50,25,1,30,10,-50,-10,200,5,30,20,5,-50,-25
0250870e-a3fe-4000-94de-78deaeab9fee,Residential,R2143_1_1,2,400,200,200,400,0,19.2,513.94452,23.52504,556.66956,0,280844,302.8,212598.908,111.61128,213013.3193,-1500,2,-195,-5,0,-200,50,-20,-49,-1,0,-50,0,1,-2,-28,0,-30,25,-50,-1,-9,0,-10,0,1,2,8,0,10,10,30,1,1,0,2,-75,2,-40,0,0,-40,200,-50,0,0,-50,25,1,30,10,-50,-10,200,5,30,20,5,-50,-25
d2474dd2-cbc5-4bf9-9dc5-1be82f271416,Residential,R1182_1_1,2,400,200,200,400,0,19.2,513.94452,23.52504,556.66956,0,280844,302.8,212598.908,111.61128,213013.3193,-1500,2,-195,-5,0,-200,50,-20,-49,-1,0,-50,0,1,-2,-28,0,-30,25,-50,-1,-9,0,-10,0,1,2,8,0,10,10,30,1,1,0,2,-75,2,-40,0,0,-40,200,-50,0,0,-50,25,1,30,10,-50,-10,200,5,30,20,5,-50,-25
bea17114-7f1a-4931-9901-67796db882bf,Residential,R700_1_1,2,400,200,200,400,0,19.2,513.94452,23.52504,556.66956,0,280844,302.8,212598.908,111.61128,213013.3193,-1500,2,-195,-5,0,-200,50,-20,-49,-1,0,-50,0,1,-2,-28,0,-30,25,-50,-1,-9,0,-10,0,1,2,8,0,10,10,30,1,1,0,2,-75,2,-40,0,0,-40,200,-50,0,0,-50,25,1,30,10,-50,-10,200,5,30,20,5,-50,-25
6fa84fc0-7b62-4431-a9fb-8845d9e51dc5,Residential,R632_1_1,2,400,200,200,400,0,19.2,513.94452,23.52504,556.66956,0,280844,302.8,212598.908,111.61128,213013.3193,-1500,2,-195,-5,0,-200,50,-20,-49,-1,0,-50,0,1,-2,-28,0,-30,25,-50,-1,-9,0,-10,0,1,2,8,0,10,10,30,1,1,0,2,-75,2,-40,0,0,-40,200,-50,0,0,-50,25,1,30,10,-50,-10,200,5,30,20,5,-50,-25
957965f8-03e9-41f2-b27b-58eb41090692,Residential,R1054_1_1,2,400,200,200,400,0,19.2,513.94452,23.52504,556.66956,0,280844,302.8,212598.908,111.61128,213013.3193,-1500,2,-195,-5,0,-200,50,-20,-49,-1,0,-50,0,1,-2,-28,0,-30,25,-50,-1,-9,0,-10,0,1,2,8,0,10,10,30,1,1,0,2,-75,2,-40,0,0,-40,200,-50,0,0,-50,25,1,30,10,-50,-10,200,5,30,20,5,-50,-25
fe327726-e277-461d-b57e-fc633c14b9a8,Residential,R986_1_1,2,400,200,200,400,0,19.2,513.94452,23.52504,556.66956,0,280844,302.8,212598.908,111.61128,213013.3193,-1500,2,-195,-5,0,-200,50,-20,-49,-1,0,-50,0,1,-2,-28,0,-30,25,-50,-1,-9,0,-10,0,1,2,8,0,10,10,30,1,1,0,2,-75,2,-40,0,0,-40,200,-50,0,0,-50,25,1,30,10,-50,-10,200,5,30,20,5,-50,-25
3adaf2c9-476b-4c64-ace0-9ad76f666882,Residential,R1433_1_1,2,400,200,200,400,0,19.2,513.94452,23.52504,556.66956,0,280844,302.8,212598.908,111.61128,213013.3193,-1500,2,-195,-5,0,-200,50,-20,-49,-1,0,-50,0,1,-2,-28,0,-30,25,-50,-1,-9,0,-10,0,1,2,8,0,10,10,30,1,1,0,2,-75,2,-40,0,0,-40,200,-50,0,0,-50,25,1,30,10,-50,-10,200,5,30,20,5,-50,-25
ded71429-9636-4fd4-90aa-0fe635a17655,Residential,R1000_1_1,2,400,200,200,400,0,19.2,513.94452,23.52504,556.66956,0,280844,302.8,212598.908,111.61128,213013.3193,-1500,2,-195,-5,0,-200,50,-20,-49,-1,0,-50,0,1,-2,-28,0,-30,25,-50,-1,-9,0,-10,0,1,2,8,0,10,10,30,1,1,0,2,-75,2,-40,0,0,-40,200,-50,0,0,-50,25,1,30,10,-50,-10,200,5,30,20,5,-50,-25
e41bf335-5b82-41c8-bbb5-2f58b6ecdc51,Residential,R1219_1_1,2,400,200,200,400,0,19.2,513.94452,23.52504,556.66956,0,280844,302.8,212598.908,111.61128,213013.3193,-1500,2,-195,-5,0,-200,50,-20,-49,-1,0,-50,0,1,-2,-28,0,-30,25,-50,-1,-9,0,-10,0,1,2,8,0,10,10,30,1,1,0,2,-75,2,-40,0,0,-40,200,-50,0,0,-50,25,1,30,10,-50,-10,200,5,30,20,5,-50,-25
1848dde2-1854-4774-866d-9434e7334a3d,Residential,R1483_1_1,2,400,200,200,400,0,19.2,513.94452,23.52504,556.66956,0,280844,302.8,212598.908,111.61128,213013.3193,-1500,2,-195,-5,0,-200,50,-20,-49,-1,0,-50,0,1,-2,-28,0,-30,25,-50,-1,-9,0,-10,0,1,2,8,0,10,10,30,1,1,0,2,-75,2,-40,0,0,-40,200,-50,0,0,-50,25,1,30,10,-50,-10,200,5,30,20,5,-50,-25
7240938c-b88a-4780-9efb-7c5c89d00505,Residential,R992_1_1,2,400,200,200,400,0,19.2,513.94452,23.52504,556.66956,0,280844,302.8,212598.908,111.61128,213013.3193,-1500,2,-195,-5,0,-200,50,-20,-49,-1,0,-50,0,1,-2,-28,0,-30,25,-50,-1,-9,0,-10,0,1,2,8,0,10,10,30,1,1,0,2,-75,2,-40,0,0,-40,200,-50,0,0,-50,25,1,30,10,-50,-10,200,5,30,20,5,-50,-25
ab3032e2-64ff-4ba0-8d5f-7e889805947e,Residential,R35_1_1,2,400,200,200,400,0,19.2,513.94452,23.52504,556.66956,0,280844,302.8,212598.908,111.61128,213013.3193,-1500,2,-195,-5,0,-200,50,-20,-49,-1,0,-50,0,1,-2,-28,0,-30,25,-50,-1,-9,0,-10,0,1,2,8,0,10,10,30,1,1,0,2,-75,2,-40,0,0,-40,200,-50,0,0,-50,25,1,30,10,-50,-10,200,5,30,20,5,-50,-25
472e1d46-bd1b-436c-8b61-d3f849a23d44,Residential,R1103_1_1,2,400,200,200,400,0,19.2,513.94452,23.52504,556.66956,0,280844,302.8,212598.908,111.61128,213013.3193,-1500,2,-195,-5,0,-200,50,-20,-49,-1,0,-50,0,1,-2,-28,0,-30,25,-50,-1,-9,0,-10,0,1,2,8,0,10,10,30,1,1,0,2,-75,2,-40,0,0,-40,200,-50,0,0,-50,25,1,30,10,-50,-10,200,5,30,20,5,-50,-25
167e3f93-d04d-42b1-a88e-4c92f350786c,Residential,R361_1_1,2,400,200,200,400,0,19.2,513.94452,23.52504,556.66956,0,280844,302.8,212598.908,111.61128,213013.3193,-1500,2,-195,-5,0,-200,50,-20,-49,-1,0,-50,0,1,-2,-28,0,-30,25,-50,-1,-9,0,-10,0,1,2,8,0,10,10,30,1,1,0,2,-75,2,-40,0,0,-40,200,-50,0,0,-50,25,1,30,10,-50,-10,200,5,30,20,5,-50,-25
69735348-8264-420d-86a5-bf51b38f014a,Residential,R666_1_1,2,400,200,200,400,0,19.2,513.94452,23.52504,556.66956,0,280844,302.8,212598.908,111.61128,213013.3193,-1500,2,-195,-5,0,-200,50,-20,-49,-1,0,-50,0,1,-2,-28,0,-30,25,-50,-1,-9,0,-10,0,1,2,8,0,10,10,30,1,1,0,2,-75,2,-40,0,0,-40,200,-50,0,0,-50,25,1,30,10,-50,-10,200,5,30,20,5,-50,-25
dbbb7a91-4c9e-485c-b939-1f0029d1d0af,Residential,R389_1_1,2,400,200,200,400,0,19.2,513.94452,23.52504,556.66956,0,280844,302.8,212598.908,111.61128,213013.3193,-1500,2,-195,-5,0,-200,50,-20,-49,-1,0,-50,0,1,-2,-28,0,-30,25,-50,-1,-9,0,-10,0,1,2,8,0,10,10,30,1,1,0,2,-75,2,-40,0,0,-40,200,-50,0,0,-50,25,1,30,10,-50,-10,200,5,30,20,5,-50,-25
27352ad3-c155-4acf-a9e3-2beef6af0111,Residential,R1531_1_1,2,400,200,200,400,0,19.2,513.94452,23.52504,556.66956,0,280844,302.8,212598.908,111.61128,213013.3193,-1500,2,-195,-5,0,-200,50,-20,-49,-1,0,-50,0,1,-2,-28,0,-30,25,-50,-1,-9,0,-10,0,1,2,8,0,10,10,30,1,1,0,2,-75,2,-40,0,0,-40,200,-50,0,0,-50,25,1,30,10,-50,-10,200,5,30,20,5,-50,-25
1a21261e-1e9f-4905-9b55-fde4b6f2084c,Residential,R204_1_1,2,400,200,200,400,0,19.2,513.94452,23.52504,556.66956,0,280844,302.8,212598.908,111.61128,213013.3193,-1500,2,-195,-5,0,-200,50,-20,-49,-1,0,-50,0,1,-2,-28,0,-30,25,-50,-1,-9,0,-10,0,1,2,8,0,10,10,30,1,1,0,2,-75,2,-40,0,0,-40,200,-50,0,0,-50,25,1,30,10,-50,-10,200,5,30,20,5,-50,-25
5864c01b-2633-4f81-915a-4d961159f540,Residential,R223_1_1,2,400,200,200,400,0,19.2,513.94452,23.52504,556.66956,0,280844,302.8,212598.908,111.61128,213013.3193,-1500,2,-195,-5,0,-200,50,-20,-49,-1,0,-50,0,1,-2,-28,0,-30,25,-50,-1,-9,0,-10,0,1,2,8,0,10,10,30,1,1,0,2,-75,2,-40,0,0,-40,200,-50,0,0,-50,25,1,30,10,-50,-10,200,5,30,20,5,-50,-25
0c9faca1-6de2-42ae-924c-426a983f3afb,Residential,R488_1_1,2,400,200,200,400,0,19.2,513.94452,23.52504,556.66956,0,280844,302.8,212598.908,111.61128,213013.3193,-1500,2,-195,-5,0,-200,50,-20,-49,-1,0,-50,0,1,-2,-28,0,-30,25,-50,-1,-9,0,-10,0,1,2,8,0,10,10,30,1,1,0,2,-75,2,-40,0,0,-40,200,-50,0,0,-50,25,1,30,10,-50,-10,200,5,30,20,5,-50,-25
a1b3c3b7-bf44-4556-b3f9-b3dd56128597,Residential,R1131_1_1,2,400,200,200,400,0,19.2,513.94452,23.52504,556.66956,0,280844,302.8,212598.908,111.61128,213013.3193,-1500,2,-195,-5,0,-200,50,-20,-49,-1,0,-50,0,1,-2,-28,0,-30,25,-50,-1,-9,0,-10,0,1,2,8,0,10,10,30,1,1,0,2,-75,2,-40,0,0,-40,200,-50,0,0,-50,25,1,30,10,-50,-10,200,5,30,20,5,-50,-25
6f64edbb-5596-46e1-9126-87b6f28143ce,Residential,R331_1_1,2,400,200,200,400,0,19.2,513.94452,23.52504,556.66956,0,280844,302.8,212598.908,111.61128,213013.3193,-1500,2,-195,-5,0,-200,50,-20,-49,-1,0,-50,0,1,-2,-28,0,-30,25,-50,-1,-9,0,-10,0,1,2,8,0,10,10,30,1,1,0,2,-75,2,-40,0,0,-40,200,-50,0,0,-50,25,1,30,10,-50,-10,200,5,30,20,5,-50,-25
4d97421b-fe19-4aef-b4a4-697ddf871d5d,Residential,R266_1_1,2,400,200,200,400,0,19.2,513.94452,23.52504,556.66956,0,280844,302.8,212598.908,111.61128,213013.3193,-1500,2,-195,-5,0,-200,50,-20,-49,-1,0,-50,0,1,-2,-28,0,-30,25,-50,-1,-9,0,-10,0,1,2,8,0,10,10,30,1,1,0,2,-75,2,-40,0,0,-40,200,-50,0,0,-50,25,1,30,10,-50,-10,200,5,30,20,5,-50,-25
1009e927-22d1-43e0-ae78-a27f07b6c7b9,Residential,R280_1_1,2,400,200,200,400,0,19.2,513.94452,23.52504,556.66956,0,280844,302.8,212598.908,111.61128,213013.3193,-1500,2,-195,-5,0,-200,50,-20,-49,-1,0,-50,0,1,-2,-28,0,-30,25,-50,-1,-9,0,-10,0,1,2,8,0,10,10,30,1,1,0,2,-75,2,-40,0,0,-40,200,-50,0,0,-50,25,1,30,10,-50,-10,200,5,30,20,5,-50,-25
86c439ad-2bb5-4ccb-87dc-2d81cd63382d,Residential,R1028_1_1,2,400,200,200,400,0,19.2,513.94452,23.52504,556.66956,0,280844,302.8,212598.908,111.61128,213013.3193,-1500,2,-195,-5,0,-200,50,-20,-49,-1,0,-50,0,1,-2,-28,0,-30,25,-50,-1,-9,0,-10,0,1,2,8,0,10,10,30,1,1,0,2,-75,2,-40,0,0,-40,200,-50,0,0,-50,25,1,30,10,-50,-10,200,5,30,20,5,-50,-25
5f69f0a6-5835-4868-8135-858559e9bea7,Residential,R2054_1_1,2,400,200,200,400,0,19.2,513.94452,23.52504,556.66956,0,280844,302.8,212598.908,111.61128,213013.3193,-1500,2,-195,-5,0,-200,50,-20,-49,-1,0,-50,0,1,-2,-28,0,-30,25,-50,-1,-9,0,-10,0,1,2,8,0,10,10,30,1,1,0,2,-75,2,-40,0,0,-40,200,-50,0,0,-50,25,1,30,10,-50,-10,200,5,30,20,5,-50,-25
6447c8ec-2f54-40b2-8f2c-e10e11f63874,Residential,R398_1_1,2,400,200,200,400,0,19.2,513.94452,23.52504,556.66956,0,280844,302.8,212598.908,111.61128,213013.3193,-1500,2,-195,-5,0,-200,50,-20,-49,-1,0,-50,0,1,-2,-28,0,-30,25,-50,-1,-9,0,-10,0,1,2,8,0,10,10,30,1,1,0,2,-75,2,-40,0,0,-40,200,-50,0,0,-50,25,1,30,10,-50,-10,200,5,30,20,5,-50,-25
6616fc70-5270-4e2f-9e14-f8ecc3a8b10b,Residential,R1265_1_1,2,400,200,200,400,0,19.2,513.94452,23.52504,556.66956,0,280844,302.8,212598.908,111.61128,213013.3193,-1500,2,-195,-5,0,-200,50,-20,-49,-1,0,-50,0,1,-2,-28,0,-30,25,-50,-1,-9,0,-10,0,1,2,8,0,10,10,30,1,1,0,2,-75,2,-40,0,0,-40,200,-50,0,0,-50,25,1,30,10,-50,-10,200,5,30,20,5,-50,-25
5ecaae72-d443-4f2d-ad41-d59e1d8f6551,Residential,R1572_1_1,2,400,200,200,400,0,19.2,513.94452,23.52504,556.66956,0,280844,302.8,212598.908,111.61128,213013.3193,-1500,2,-195,-5,0,-200,50,-20,-49,-1,0,-50,0,1,-2,-28,0,-30,25,-50,-1,-9,0,-10,0,1,2,8,0,10,10,30,1,1,0,2,-75,2,-40,0,0,-40,200,-50,0,0,-50,25,1,30,10,-50,-10,200,5,30,20,5,-50,-25
1689f89e-3c39-4c73-bf8a-7dc2d5b635a2,Residential,R748_1_1,2,400,200,200,400,0,19.2,513.94452,23.52504,556.66956,0,280844,302.8,212598.908,111.61128,213013.3193,-1500,2,-195,-5,0,-200,50,-20,-49,-1,0,-50,0,1,-2,-28,0,-30,25,-50,-1,-9,0,-10,0,1,2,8,0,10,10,30,1,1,0,2,-75,2,-40,0,0,-40,200,-50,0,0,-50,25,1,30,10,-50,-10,200,5,30,20,5,-50,-25
854f847a-dc90-4a61-a593-973d9b34c8b2,Residential,R183_1_1,2,400,200,200,400,0,19.2,513.94452,23.52504,556.66956,0,280844,302.8,212598.908,111.61128,213013.3193,-1500,2,-195,-5,0,-200,50,-20,-49,-1,0,-50,0,1,-2,-28,0,-30,25,-50,-1,-9,0,-10,0,1,2,8,0,10,10,30,1,1,0,2,-75,2,-40,0,0,-40,200,-50,0,0,-50,25,1,30,10,-50,-10,200,5,30,20,5,-50,-25
4ca0656a-a099-485c-b465-9ca620ea7f2b,Residential,R1459_1_1,2,400,200,200,400,0,19.2,513.94452,23.52504,556.66956,0,280844,302.8,212598.908,111.61128,213013.3193,-1500,2,-195,-5,0,-200,50,-20,-49,-1,0,-50,0,1,-2,-28,0,-30,25,-50,-1,-9,0,-10,0,1,2,8,0,10,10,30,1,1,0,2,-75,2,-40,0,0,-40,200,-50,0,0,-50,25,1,30,10,-50,-10,200,5,30,20,5,-50,-25
b6e9fdb1-401e-426c-8ddd-08e33f1a247e,Residential,R182_1_1,2,400,200,200,400,0,19.2,513.94452,23.52504,556.66956,0,280844,302.8,212598.908,111.61128,213013.3193,-1500,2,-195,-5,0,-200,50,-20,-49,-1,0,-50,0,1,-2,-28,0,-30,25,-50,-1,-9,0,-10,0,1,2,8,0,10,10,30,1,1,0,2,-75,2,-40,0,0,-40,200,-50,0,0,-50,25,1,30,10,-50,-10,200,5,30,20,5,-50,-25
6294da9e-bd2c-4b3d-b046-df0451d4c73f,Residential,R1307_1_1,2,400,200,200,400,0,19.2,513.94452,23.52504,556.66956,0,280844,302.8,212598.908,111.61128,213013.3193,-1500,2,-195,-5,0,-200,50,-20,-49,-1,0,-50,0,1,-2,-28,0,-30,25,-50,-1,-9,0,-10,0,1,2,8,0,10,10,30,1,1,0,2,-75,2,-40,0,0,-40,200,-50,0,0,-50,25,1,30,10,-50,-10,200,5,30,20,5,-50,-25
68572ca8-90ea-41c0-9796-eb723ad9798e,Residential,R545_1_1,2,400,200,200,400,0,19.2,513.94452,23.52504,556.66956,0,280844,302.8,212598.908,111.61128,213013.3193,-1500,2,-195,-5,0,-200,50,-20,-49,-1,0,-50,0,1,-2,-28,0,-30,25,-50,-1,-9,0,-10,0,1,2,8,0,10,10,30,1,1,0,2,-75,2,-40,0,0,-40,200,-50,0,0,-50,25,1,30,10,-50,-10,200,5,30,20,5,-50,-25
fce84aa2-942b-481f-a196-c4171be4770f,Residential,R1097_1_1,2,400,200,200,400,0,19.2,513.94452,23.52504,556.66956,0,280844,302.8,212598.908,111.61128,213013.3193,-1500,2,-195,-5,0,-200,50,-20,-49,-1,0,-50,0,1,-2,-28,0,-30,25,-50,-1,-9,0,-10,0,1,2,8,0,10,10,30,1,1,0,2,-75,2,-40,0,0,-40,200,-50,0,0,-50,25,1,30,10,-50,-10,200,5,30,20,5,-50,-25
56482329-5e34-431f-afe1-f0b8ab68d4bc,Residential,R1701_1_1,2,400,200,200,400,0,19.2,513.94452,23.52504,556.66956,0,280844,302.8,212598.908,111.61128,213013.3193,-1500,2,-195,-5,0,-200,50,-20,-49,-1,0,-50,0,1,-2,-28,0,-30,25,-50,-1,-9,0,-10,0,1,2,8,0,10,10,30,1,1,0,2,-75,2,-40,0,0,-40,200,-50,0,0,-50,25,1,30,10,-50,-10,200,5,30,20,5,-50,-25
cf39eee9-d4ed-44b1-897c-7d39871b619d,Residential,R742_1_1,2,400,200,200,400,0,19.2,513.94452,23.52504,556.66956,0,280844,302.8,212598.908,111.61128,213013.3193,-1500,2,-195,-5,0,-200,50,-20,-49,-1,0,-50,0,1,-2,-28,0,-30,25,-50,-1,-9,0,-10,0,1,2,8,0,10,10,30,1,1,0,2,-75,2,-40,0,0,-40,200,-50,0,0,-50,25,1,30,10,-50,-10,200,5,30,20,5,-50,-25
dfc8c184-15bc-42fc-bf74-7248989801b1,Residential,R2140_1_1,2,400,200,200,400,0,19.2,513.94452,23.52504,556.66956,0,280844,302.8,212598.908,111.61128,213013.3193,-1500,2,-195,-5,0,-200,50,-20,-49,-1,0,-50,0,1,-2,-28,0,-30,25,-50,-1,-9,0,-10,0,1,2,8,0,10,10,30,1,1,0,2,-75,2,-40,0,0,-40,200,-50,0,0,-50,25,1,30,10,-50,-10,200,5,30,20,5,-50,-25